id,area_name,subarea_name,group1,group1_note,group2,group2_note,group3,group3_note,group4,group4_note,group5,group5_note,total_posting
1,足柄上郡山北町,足柄上郡山北町皆瀬川,269,,206,,136,,238,,292,,1141
2,足柄上郡山北町,足柄上郡山北町岸,170,,260,,141,,251,,211,,1033
3,足柄上郡山北町,足柄上郡山北町向原,267,,299,,143,,214,,27,,950
4,足柄上郡山北町,足柄上郡山北町山北,45,,292,,70,,11,,142,,560
5,足柄上郡山北町,足柄上郡山北町平山,212,,6,,108,,236,,8,,570
6,足柄上郡山北町,足柄上郡山北町玄倉,222,,180,,135,,124,,272,,933
7,足柄上郡松田町,足柄上郡松田町寄,100,,142,,26,,79,,109,,456
8,足柄上郡松田町,足柄上郡松田町松田庶子,227,,250,,180,,106,,257,,1020
9,足柄上郡松田町,足柄上郡松田町松田惣領,100,,0,,107,,99,,82,,388
10,足柄上郡松田町,足柄上郡松田町神山,200,,169,,118,,31,,208,,726
11,横浜市戸塚区,横浜市戸塚区影取町,16,,59,,256,,236,,191,,758
12,横浜市戸塚区,横浜市戸塚区下倉田町,45,,67,,174,,219,,277,,782
13,横浜市戸塚区,横浜市戸塚区吉田町,0,,140,,278,,217,,205,,840
14,横浜市戸塚区,横浜市戸塚区汲沢,263,,184,,93,,225,,69,,834
15,横浜市戸塚区,横浜市戸塚区汲沢町,198,,162,,123,,28,,227,,738
16,横浜市戸塚区,横浜市戸塚区原宿,140,,177,,147,,193,,39,,696
17,横浜市戸塚区,横浜市戸塚区戸塚町,194,,160,,123,,79,,98,,654
18,横浜市戸塚区,横浜市戸塚区秋葉町,40,,265,,85,,285,,87,,762
19,横浜市戸塚区,横浜市戸塚区小雀町,276,,151,,241,,269,,155,,1092
20,横浜市戸塚区,横浜市戸塚区上倉田町,70,,188,,280,,268,,127,,933
21,横浜市戸塚区,横浜市戸塚区上柏尾町,12,,128,,255,,292,,133,,820
22,横浜市戸塚区,横浜市戸塚区上品濃,183,,216,,284,,200,,117,,1000
23,横浜市戸塚区,横浜市戸塚区上矢部町,165,,224,,86,,227,,30,,732
24,横浜市戸塚区,横浜市戸塚区深谷町,130,,173,,30,,295,,169,,797
25,横浜市戸塚区,横浜市戸塚区川上町,176,,236,,31,,245,,295,,983
26,横浜市戸塚区,横浜市戸塚区前田町,22,,170,,202,,0,,161,,555
27,横浜市戸塚区,横浜市戸塚区鳥が丘,79,,20,,242,,242,,60,,643
28,横浜市戸塚区,横浜市戸塚区東俣野町,157,,226,,134,,249,,44,,810
29,横浜市戸塚区,横浜市戸塚区南舞岡,200,,109,,180,,239,,275,,1003
30,横浜市戸塚区,横浜市戸塚区柏尾町,189,,266,,91,,4,,104,,654
31,横浜市戸塚区,横浜市戸塚区品濃町,42,,37,,270,,229,,153,,731
32,横浜市戸塚区,横浜市戸塚区舞岡町,240,,234,,174,,186,,267,,1101
33,横浜市戸塚区,横浜市戸塚区平戸,172,,247,,169,,236,,206,,1030
34,横浜市戸塚区,横浜市戸塚区平戸町,48,,117,,7,,105,,135,,412
35,横浜市戸塚区,横浜市戸塚区俣野町,69,,91,,195,,169,,249,,773
36,横浜市戸塚区,横浜市戸塚区名瀬町,110,,57,,215,,185,,256,,823
37,横浜市戸塚区,横浜市戸塚区矢部町,200,,12,,189,,201,,79,,681
38,横浜市戸塚区,横浜市戸塚区汲沢1丁目,33,,30,,125,,35,,126,,349
39,横浜市戸塚区,横浜市戸塚区汲沢2丁目,263,,10,,190,,143,,82,,688
40,横浜市戸塚区,横浜市戸塚区汲沢3丁目,269,,150,,158,,194,,137,,908
41,横浜市戸塚区,横浜市戸塚区汲沢4丁目,98,,223,,261,,127,,10,,719
42,横浜市戸塚区,横浜市戸塚区汲沢5丁目,272,,2,,206,,139,,187,,806
43,横浜市戸塚区,横浜市戸塚区汲沢6丁目,187,,155,,10,,195,,39,,586
44,横浜市戸塚区,横浜市戸塚区汲沢7丁目,117,,36,,270,,22,,77,,522
45,横浜市戸塚区,横浜市戸塚区汲沢8丁目,93,,90,,232,,274,,111,,800
46,横浜市戸塚区,横浜市戸塚区原宿1丁目,238,,95,,135,,2,,250,,720
47,横浜市戸塚区,横浜市戸塚区原宿2丁目,216,,222,,58,,96,,229,,821
48,横浜市戸塚区,横浜市戸塚区原宿3丁目,33,,47,,168,,271,,198,,717
49,横浜市戸塚区,横浜市戸塚区原宿4丁目,191,,244,,151,,278,,8,,872
50,横浜市戸塚区,横浜市戸塚区原宿5丁目,231,,234,,174,,112,,194,,945
51,横浜市戸塚区,横浜市戸塚区南舞岡1丁目,67,,8,,149,,150,,188,,562
52,横浜市戸塚区,横浜市戸塚区南舞岡2丁目,284,,89,,98,,1,,1,,473
53,横浜市戸塚区,横浜市戸塚区南舞岡3丁目,223,,298,,220,,192,,225,,1158
54,横浜市戸塚区,横浜市戸塚区南舞岡4丁目,184,,205,,287,,269,,69,,1014
55,横浜市戸塚区,横浜市戸塚区柏尾町広町,97,,216,,58,,250,,243,,864
56,横浜市戸塚区,横浜市戸塚区平戸1丁目,134,,238,,90,,58,,195,,715
57,横浜市戸塚区,横浜市戸塚区平戸2丁目,224,,69,,242,,298,,69,,902
58,横浜市戸塚区,横浜市戸塚区平戸3丁目,42,,228,,60,,184,,65,,579
59,横浜市戸塚区,横浜市戸塚区平戸4丁目,34,,134,,9,,117,,220,,514
60,横浜市戸塚区,横浜市戸塚区平戸5丁目,17,,225,,5,,109,,23,,379
61,鎌倉市,鎌倉市稲村ガ崎,229,,72,,139,,195,,160,,795
62,鎌倉市,鎌倉市岡本,39,,125,,292,,184,,34,,674
63,鎌倉市,鎌倉市梶原,80,,185,,208,,214,,174,,861
64,鎌倉市,鎌倉市鎌倉山,287,,253,,121,,202,,72,,935
65,鎌倉市,鎌倉市関谷,292,,2,,109,,70,,63,,536
66,鎌倉市,鎌倉市岩瀬,166,,108,,149,,270,,280,,973
67,鎌倉市,鎌倉市極楽寺,41,,289,,0,,294,,258,,882
68,鎌倉市,鎌倉市玉縄,82,,234,,283,,100,,243,,942
69,鎌倉市,鎌倉市御成町,229,,156,,206,,22,,11,,624
70,鎌倉市,鎌倉市高野,46,,294,,217,,0,,106,,663
71,鎌倉市,鎌倉市腰越,202,,214,,135,,78,,273,,902
72,鎌倉市,鎌倉市今泉,189,,250,,155,,117,,105,,816
73,鎌倉市,鎌倉市今泉台,151,,130,,216,,115,,277,,889
74,鎌倉市,鎌倉市佐助,194,,148,,193,,177,,43,,755
75,鎌倉市,鎌倉市材木座,31,,265,,57,,20,,181,,554
76,鎌倉市,鎌倉市坂ノ下,0,,21,,288,,140,,253,,702
77,鎌倉市,鎌倉市笹目町,271,,85,,267,,280,,213,,1116
78,鎌倉市,鎌倉市山ノ内,80,,115,,299,,175,,75,,744
79,鎌倉市,鎌倉市山崎,262,,99,,234,,267,,152,,1014
80,鎌倉市,鎌倉市寺分,135,,271,,93,,120,,125,,744
81,鎌倉市,鎌倉市七里ガ浜,145,,24,,257,,142,,292,,860
82,鎌倉市,鎌倉市七里ガ浜東,221,,32,,266,,112,,120,,751
83,鎌倉市,鎌倉市手広,102,,229,,15,,103,,189,,638
84,鎌倉市,鎌倉市十二所,80,,289,,227,,106,,210,,912
85,鎌倉市,鎌倉市小袋谷,225,,24,,152,,257,,140,,798
86,鎌倉市,鎌倉市小町,59,,251,,165,,275,,250,,1000
87,鎌倉市,鎌倉市上町屋,266,,188,,94,,179,,195,,922
88,鎌倉市,鎌倉市城廻,187,,122,,270,,277,,173,,1029
89,鎌倉市,鎌倉市常盤,254,,112,,86,,167,,266,,885
90,鎌倉市,鎌倉市浄明寺,12,,142,,264,,235,,92,,745
91,鎌倉市,鎌倉市植木,195,,248,,176,,35,,253,,907
92,鎌倉市,鎌倉市西鎌倉,2,,60,,68,,156,,251,,537
93,鎌倉市,鎌倉市西御門,285,,128,,57,,201,,228,,899
94,鎌倉市,鎌倉市雪ノ下,65,,297,,22,,136,,88,,608
95,鎌倉市,鎌倉市扇ガ谷,260,,185,,33,,169,,42,,689
96,鎌倉市,鎌倉市台,75,,296,,117,,126,,183,,797
97,鎌倉市,鎌倉市大船,163,,34,,238,,176,,243,,854
98,鎌倉市,鎌倉市大町,262,,190,,69,,120,,266,,907
99,鎌倉市,鎌倉市長谷,248,,170,,106,,119,,280,,923
100,鎌倉市,鎌倉市津,70,,234,,27,,133,,79,,543
101,鎌倉市,鎌倉市津西,216,,262,,89,,188,,254,,1009
102,鎌倉市,鎌倉市笛田,9,,164,,163,,277,,251,,864
103,鎌倉市,鎌倉市二階堂,254,,122,,244,,94,,208,,922
104,鎌倉市,鎌倉市由比ガ浜,276,,249,,94,,196,,262,,1077
105,鎌倉市,鎌倉市稲村ガ崎1丁目,15,,156,,9,,159,,97,,436
106,鎌倉市,鎌倉市稲村ガ崎2丁目,107,,247,,56,,280,,217,,907
107,鎌倉市,鎌倉市稲村ガ崎3丁目,82,,217,,160,,234,,132,,825
108,鎌倉市,鎌倉市稲村ガ崎4丁目,225,,181,,216,,288,,59,,969
109,鎌倉市,鎌倉市稲村ガ崎5丁目,58,,297,,16,,120,,24,,515
110,鎌倉市,鎌倉市岡本1丁目,243,,6,,8,,120,,83,,460
111,鎌倉市,鎌倉市岡本2丁目,115,,293,,258,,17,,16,,699
112,鎌倉市,鎌倉市梶原1丁目,2,,20,,51,,3,,230,,306
113,鎌倉市,鎌倉市梶原2丁目,106,,201,,191,,251,,70,,819
114,鎌倉市,鎌倉市梶原3丁目,167,,261,,190,,138,,145,,901
115,鎌倉市,鎌倉市梶原4丁目,114,,292,,28,,294,,253,,981
116,鎌倉市,鎌倉市梶原5丁目,83,,42,,137,,125,,82,,469
117,鎌倉市,鎌倉市鎌倉山1丁目,264,,88,,1,,59,,84,,496
118,鎌倉市,鎌倉市鎌倉山2丁目,103,,238,,77,,205,,55,,678
119,鎌倉市,鎌倉市鎌倉山3丁目,278,,299,,291,,47,,150,,1065
120,鎌倉市,鎌倉市鎌倉山4丁目,201,,139,,123,,209,,140,,812
121,鎌倉市,鎌倉市岩瀬1丁目,238,,126,,160,,246,,157,,927
122,鎌倉市,鎌倉市極楽寺1丁目,287,,230,,264,,170,,185,,1136
123,鎌倉市,鎌倉市極楽寺2丁目,203,,25,,138,,5,,117,,488
124,鎌倉市,鎌倉市極楽寺3丁目,40,,89,,279,,101,,84,,593
125,鎌倉市,鎌倉市極楽寺4丁目,241,,72,,212,,168,,112,,805
126,鎌倉市,鎌倉市玉縄1丁目,152,,262,,165,,187,,121,,887
127,鎌倉市,鎌倉市玉縄2丁目,12,,153,,107,,254,,148,,674
128,鎌倉市,鎌倉市玉縄3丁目,234,,263,,144,,170,,280,,1091
129,鎌倉市,鎌倉市玉縄4丁目,126,,47,,157,,189,,273,,792
130,鎌倉市,鎌倉市玉縄5丁目,215,,300,,274,,56,,93,,938
131,鎌倉市,鎌倉市腰越1丁目,288,,116,,56,,103,,193,,756
132,鎌倉市,鎌倉市腰越2丁目,240,,33,,21,,148,,154,,596
133,鎌倉市,鎌倉市腰越3丁目,26,,262,,233,,225,,296,,1042
134,鎌倉市,鎌倉市腰越4丁目,131,,285,,260,,150,,83,,909
135,鎌倉市,鎌倉市腰越5丁目,250,,146,,119,,194,,200,,909
136,鎌倉市,鎌倉市今泉1丁目,90,,48,,257,,222,,130,,747
137,鎌倉市,鎌倉市今泉2丁目,256,,287,,128,,238,,177,,1086
138,鎌倉市,鎌倉市今泉3丁目,76,,100,,15,,85,,6,,282
139,鎌倉市,鎌倉市今泉4丁目,266,,216,,190,,137,,287,,1096
140,鎌倉市,鎌倉市今泉5丁目,16,,31,,276,,173,,32,,528
141,鎌倉市,鎌倉市今泉台1丁目,17,,218,,230,,229,,185,,879
142,鎌倉市,鎌倉市今泉台2丁目,49,,201,,29,,193,,258,,730
143,鎌倉市,鎌倉市今泉台3丁目,38,,156,,220,,40,,127,,581
144,鎌倉市,鎌倉市今泉台4丁目,276,,142,,42,,67,,31,,558
145,鎌倉市,鎌倉市今泉台5丁目,193,,12,,95,,168,,50,,518
146,鎌倉市,鎌倉市今泉台6丁目,267,,23,,55,,238,,31,,614
147,鎌倉市,鎌倉市今泉台7丁目,224,,85,,167,,231,,112,,819
148,鎌倉市,鎌倉市佐助1丁目,168,,100,,113,,284,,3,,668
149,鎌倉市,鎌倉市佐助2丁目,20,,29,,137,,108,,173,,467
150,鎌倉市,鎌倉市材木座1丁目,186,,63,,270,,246,,285,,1050
151,鎌倉市,鎌倉市材木座2丁目,95,,82,,14,,283,,239,,713
152,鎌倉市,鎌倉市材木座3丁目,245,,37,,196,,54,,91,,623
153,鎌倉市,鎌倉市材木座4丁目,222,,182,,188,,150,,257,,999
154,鎌倉市,鎌倉市材木座5丁目,221,,20,,17,,118,,133,,509
155,鎌倉市,鎌倉市材木座6丁目,109,,25,,46,,241,,195,,616
156,鎌倉市,鎌倉市寺分1丁目,285,,130,,151,,31,,138,,735
157,鎌倉市,鎌倉市寺分2丁目,202,,230,,156,,207,,251,,1046
158,鎌倉市,鎌倉市寺分3丁目,55,,168,,175,,39,,241,,678
159,鎌倉市,鎌倉市七里ガ浜1丁目,272,,107,,283,,51,,113,,826
160,鎌倉市,鎌倉市七里ガ浜2丁目,287,,150,,19,,182,,223,,861
161,鎌倉市,鎌倉市七里ガ浜東1丁目,168,,103,,47,,34,,121,,473
162,鎌倉市,鎌倉市七里ガ浜東2丁目,19,,272,,88,,14,,17,,410
163,鎌倉市,鎌倉市七里ガ浜東3丁目,122,,240,,0,,280,,110,,752
164,鎌倉市,鎌倉市七里ガ浜東4丁目,270,,87,,6,,263,,24,,650
165,鎌倉市,鎌倉市七里ガ浜東5丁目,265,,219,,217,,106,,125,,932
166,鎌倉市,鎌倉市手広1丁目,79,,36,,300,,137,,217,,769
167,鎌倉市,鎌倉市手広2丁目,49,,223,,205,,191,,133,,801
168,鎌倉市,鎌倉市手広3丁目,100,,195,,22,,161,,199,,677
169,鎌倉市,鎌倉市手広4丁目,200,,94,,92,,119,,121,,626
170,鎌倉市,鎌倉市手広5丁目,223,,49,,23,,118,,14,,427
171,鎌倉市,鎌倉市手広6丁目,155,,91,,246,,86,,121,,699
172,鎌倉市,鎌倉市小袋谷1丁目,221,,26,,41,,130,,7,,425
173,鎌倉市,鎌倉市小袋谷2丁目,162,,198,,10,,6,,29,,405
174,鎌倉市,鎌倉市小町1丁目,170,,164,,98,,196,,7,,635
175,鎌倉市,鎌倉市小町2丁目,133,,5,,229,,179,,185,,731
176,鎌倉市,鎌倉市小町3丁目,277,,172,,40,,13,,169,,671
177,鎌倉市,鎌倉市浄明寺1丁目,59,,291,,0,,175,,256,,781
178,鎌倉市,鎌倉市浄明寺2丁目,169,,180,,209,,113,,140,,811
179,鎌倉市,鎌倉市浄明寺3丁目,8,,71,,43,,159,,53,,334
180,鎌倉市,鎌倉市浄明寺4丁目,149,,246,,242,,205,,215,,1057
181,鎌倉市,鎌倉市浄明寺5丁目,41,,6,,102,,284,,123,,556
182,鎌倉市,鎌倉市浄明寺6丁目,299,,264,,67,,13,,293,,936
183,鎌倉市,鎌倉市西鎌倉1丁目,5,,274,,155,,259,,191,,884
184,鎌倉市,鎌倉市西鎌倉2丁目,111,,93,,205,,191,,64,,664
185,鎌倉市,鎌倉市西鎌倉3丁目,124,,125,,47,,168,,61,,525
186,鎌倉市,鎌倉市西鎌倉4丁目,160,,181,,119,,239,,260,,959
187,鎌倉市,鎌倉市西御門1丁目,60,,80,,74,,179,,128,,521
188,鎌倉市,鎌倉市西御門2丁目,172,,186,,18,,185,,47,,608
189,鎌倉市,鎌倉市雪ノ下1丁目,161,,28,,199,,283,,86,,757
190,鎌倉市,鎌倉市雪ノ下2丁目,119,,133,,246,,281,,224,,1003
191,鎌倉市,鎌倉市雪ノ下3丁目,165,,5,,72,,144,,39,,425
192,鎌倉市,鎌倉市雪ノ下4丁目,201,,106,,145,,257,,1,,710
193,鎌倉市,鎌倉市雪ノ下5丁目,24,,106,,208,,198,,68,,604
194,鎌倉市,鎌倉市扇ガ谷1丁目,128,,121,,66,,164,,199,,678
195,鎌倉市,鎌倉市扇ガ谷2丁目,77,,287,,272,,196,,143,,975
196,鎌倉市,鎌倉市扇ガ谷3丁目,80,,121,,30,,198,,254,,683
197,鎌倉市,鎌倉市扇ガ谷4丁目,143,,120,,9,,220,,253,,745
198,鎌倉市,鎌倉市台1丁目,170,,14,,112,,57,,151,,504
199,鎌倉市,鎌倉市台2丁目,156,,185,,170,,102,,134,,747
200,鎌倉市,鎌倉市台3丁目,90,,7,,286,,33,,243,,659
201,鎌倉市,鎌倉市台4丁目,170,,38,,110,,242,,122,,682
202,鎌倉市,鎌倉市台5丁目,49,,231,,240,,244,,171,,935
203,鎌倉市,鎌倉市大船1丁目,186,,122,,258,,246,,72,,884
204,鎌倉市,鎌倉市大船2丁目,296,,216,,39,,38,,226,,815
205,鎌倉市,鎌倉市大船3丁目,243,,61,,132,,214,,31,,681
206,鎌倉市,鎌倉市大船4丁目,68,,131,,224,,20,,27,,470
207,鎌倉市,鎌倉市大船5丁目,71,,298,,14,,138,,276,,797
208,鎌倉市,鎌倉市大船6丁目,193,,231,,179,,47,,287,,937
209,鎌倉市,鎌倉市大町1丁目,248,,279,,3,,69,,230,,829
210,鎌倉市,鎌倉市大町2丁目,261,,66,,76,,139,,217,,759
211,鎌倉市,鎌倉市大町3丁目,38,,29,,24,,129,,117,,337
212,鎌倉市,鎌倉市大町4丁目,250,,235,,78,,85,,279,,927
213,鎌倉市,鎌倉市大町5丁目,243,,28,,155,,146,,212,,784
214,鎌倉市,鎌倉市大町6丁目,269,,24,,256,,266,,7,,822
215,鎌倉市,鎌倉市大町7丁目,74,,207,,53,,227,,41,,602
216,鎌倉市,鎌倉市長谷1丁目,175,,168,,293,,195,,292,,1123
217,鎌倉市,鎌倉市長谷2丁目,195,,25,,265,,80,,74,,639
218,鎌倉市,鎌倉市長谷3丁目,186,,2,,203,,115,,76,,582
219,鎌倉市,鎌倉市長谷4丁目,56,,165,,49,,268,,133,,671
220,鎌倉市,鎌倉市長谷5丁目,251,,38,,271,,201,,205,,966
221,鎌倉市,鎌倉市津西1丁目,20,,260,,255,,244,,254,,1033
222,鎌倉市,鎌倉市津西2丁目,261,,216,,246,,62,,214,,999
223,鎌倉市,鎌倉市笛田1丁目,83,,171,,95,,158,,35,,542
224,鎌倉市,鎌倉市笛田2丁目,197,,266,,227,,216,,54,,960
225,鎌倉市,鎌倉市笛田3丁目,273,,267,,72,,261,,39,,912
226,鎌倉市,鎌倉市笛田4丁目,75,,105,,257,,165,,138,,740
227,鎌倉市,鎌倉市笛田5丁目,22,,222,,142,,119,,230,,735
228,鎌倉市,鎌倉市笛田6丁目,31,,95,,143,,193,,116,,578
229,鎌倉市,鎌倉市由比ガ浜1丁目,233,,50,,36,,224,,9,,552
230,鎌倉市,鎌倉市由比ガ浜2丁目,219,,67,,170,,181,,23,,660
231,鎌倉市,鎌倉市由比ガ浜3丁目,2,,192,,77,,14,,115,,400
232,鎌倉市,鎌倉市由比ガ浜4丁目,51,,278,,240,,167,,109,,845
233,足柄上郡大井町,足柄上郡大井町金子,184,,149,,118,,276,,22,,749
234,足柄上郡大井町,足柄上郡大井町金手,225,,208,,71,,8,,231,,743
235,足柄上郡大井町,足柄上郡大井町高尾,255,,134,,257,,13,,188,,847
236,足柄上郡大井町,足柄上郡大井町山田,186,,183,,123,,105,,110,,707
237,足柄上郡大井町,足柄上郡大井町篠窪,115,,195,,135,,40,,126,,611
238,足柄上郡大井町,足柄上郡大井町上大井,29,,225,,266,,66,,26,,612
239,足柄上郡大井町,足柄上郡大井町西大井,98,,296,,115,,274,,129,,912
240,足柄上郡大井町,足柄上郡大井町赤田,29,,291,,109,,101,,296,,826
241,足柄上郡大井町,足柄上郡大井町柳,8,,238,,221,,145,,214,,826
242,足柄上郡大井町,足柄上郡大井町金子中の町,25,,294,,72,,70,,63,,524
243,足柄上郡大井町,足柄上郡大井町金子深町,194,,270,,22,,43,,268,,797
244,愛甲郡愛川町,愛甲郡愛川町角田,137,,194,,192,,156,,125,,804
245,愛甲郡愛川町,愛甲郡愛川町三増,300,,165,,176,,228,,220,,1089
246,愛甲郡愛川町,愛甲郡愛川町春日台,157,,66,,115,,193,,242,,773
247,愛甲郡愛川町,愛甲郡愛川町棚澤,268,,97,,204,,17,,11,,597
248,愛甲郡愛川町,愛甲郡愛川町中津,208,,52,,249,,26,,229,,764
249,愛甲郡愛川町,愛甲郡愛川町田代,63,,89,,183,,156,,6,,497
250,愛甲郡愛川町,愛甲郡愛川町八菅山,146,,69,,129,,28,,23,,395
251,愛甲郡愛川町,愛甲郡愛川町半原,86,,124,,69,,228,,298,,805
252,愛甲郡愛川町,愛甲郡愛川町春日台1丁目,194,,126,,61,,245,,276,,902
253,愛甲郡愛川町,愛甲郡愛川町春日台2丁目,296,,299,,277,,231,,36,,1139
254,愛甲郡愛川町,愛甲郡愛川町春日台3丁目,233,,174,,242,,253,,288,,1190
255,愛甲郡愛川町,愛甲郡愛川町春日台4丁目,25,,287,,0,,189,,114,,615
256,愛甲郡愛川町,愛甲郡愛川町春日台5丁目,46,,51,,170,,75,,174,,516
257,愛甲郡愛川町,愛甲郡愛川町田代戸倉,188,,139,,296,,216,,232,,1071
258,足柄上郡開成町,足柄上郡開成町みなみ,175,,260,,63,,9,,274,,781
259,足柄上郡開成町,足柄上郡開成町円通寺,122,,278,,255,,216,,47,,918
260,足柄上郡開成町,足柄上郡開成町延沢,0,,45,,187,,200,,181,,613
261,足柄上郡開成町,足柄上郡開成町岡野,174,,136,,130,,65,,129,,634
262,足柄上郡開成町,足柄上郡開成町吉田島,275,,123,,174,,55,,57,,684
263,足柄上郡開成町,足柄上郡開成町宮台,212,,46,,122,,22,,295,,697
264,足柄上郡開成町,足柄上郡開成町牛島,240,,44,,249,,23,,291,,847
265,足柄上郡開成町,足柄上郡開成町金井島,233,,282,,78,,157,,242,,992
266,足柄上郡開成町,足柄上郡開成町中之名,254,,173,,295,,242,,45,,1009
267,足柄上郡開成町,足柄上郡開成町みなみ1丁目,192,,173,,127,,219,,54,,765
268,足柄上郡開成町,足柄上郡開成町みなみ2丁目,164,,256,,20,,229,,118,,787
269,足柄上郡開成町,足柄上郡開成町みなみ3丁目,173,,14,,287,,248,,202,,924
270,足柄上郡開成町,足柄上郡開成町みなみ4丁目,261,,244,,192,,230,,135,,1062
271,足柄上郡開成町,足柄上郡開成町みなみ5丁目,17,,92,,139,,44,,261,,553
272,足柄上郡中井町,足柄上郡中井町井ノ口,141,,123,,233,,30,,210,,737
273,足柄上郡中井町,足柄上郡中井町遠藤,1,,217,,211,,143,,3,,575
274,足柄上郡中井町,足柄上郡中井町鴨沢,75,,226,,291,,216,,279,,1087
275,足柄上郡中井町,足柄上郡中井町岩倉,156,,229,,164,,76,,41,,666
276,足柄上郡中井町,足柄上郡中井町久所,137,,200,,182,,209,,277,,1005
277,足柄上郡中井町,足柄上郡中井町境,98,,231,,155,,92,,243,,819
278,足柄上郡中井町,足柄上郡中井町境別所,127,,197,,256,,173,,56,,809
279,足柄上郡中井町,足柄上郡中井町古怒田,51,,84,,233,,222,,161,,751
280,足柄上郡中井町,足柄上郡中井町雑色,83,,174,,15,,99,,65,,436
281,足柄上郡中井町,足柄上郡中井町松本,252,,55,,107,,124,,45,,583
282,足柄上郡中井町,足柄上郡中井町田中,60,,204,,38,,205,,274,,781
283,足柄上郡中井町,足柄上郡中井町藤沢,32,,88,,287,,94,,235,,736
284,足柄上郡中井町,足柄上郡中井町半分形,183,,85,,299,,111,,191,,869
285,足柄上郡中井町,足柄上郡中井町比奈窪,190,,213,,161,,255,,299,,1118
286,足柄上郡中井町,足柄上郡中井町北田,265,,188,,182,,70,,100,,805
287,足柄上郡中井町,足柄上郡中井町井ノ口米山,111,,260,,61,,199,,168,,799
288,横浜市都筑区,横浜市都筑区あゆみが丘,240,,262,,150,,273,,276,,1201
289,横浜市都筑区,横浜市都筑区すみれが丘,180,,129,,117,,59,,297,,782
290,横浜市都筑区,横浜市都筑区荏田東,295,,9,,261,,37,,64,,666
291,横浜市都筑区,横浜市都筑区荏田東町,163,,183,,31,,115,,195,,687
292,横浜市都筑区,横浜市都筑区荏田南,36,,2,,243,,54,,170,,505
293,横浜市都筑区,横浜市都筑区荏田南町,81,,268,,50,,181,,291,,871
294,横浜市都筑区,横浜市都筑区加賀原,226,,184,,112,,100,,71,,693
295,横浜市都筑区,横浜市都筑区葛が谷,138,,86,,149,,253,,284,,910
296,横浜市都筑区,横浜市都筑区茅ケ崎中央,112,,46,,279,,102,,165,,704
297,横浜市都筑区,横浜市都筑区茅ケ崎町,43,,151,,66,,297,,98,,655
298,横浜市都筑区,横浜市都筑区茅ケ崎東,113,,131,,146,,242,,209,,841
299,横浜市都筑区,横浜市都筑区茅ケ崎南,6,,49,,30,,3,,3,,91
300,横浜市都筑区,横浜市都筑区牛久保,155,,86,,259,,41,,66,,607
301,横浜市都筑区,横浜市都筑区牛久保西,67,,106,,28,,85,,75,,361
302,横浜市都筑区,横浜市都筑区牛久保町,64,,125,,101,,177,,289,,756
303,横浜市都筑区,横浜市都筑区牛久保東,43,,24,,93,,158,,177,,495
304,横浜市都筑区,横浜市都筑区見花山,37,,215,,11,,183,,59,,505
305,横浜市都筑区,横浜市都筑区高山,265,,103,,279,,80,,277,,1004
306,横浜市都筑区,横浜市都筑区佐江戸町,67,,22,,165,,294,,68,,616
307,横浜市都筑区,横浜市都筑区桜並木,269,,132,,33,,266,,65,,765
308,横浜市都筑区,横浜市都筑区勝田町,127,,233,,70,,108,,39,,577
309,横浜市都筑区,横浜市都筑区勝田南,270,,143,,149,,70,,79,,711
310,横浜市都筑区,横浜市都筑区新栄町,87,,253,,107,,111,,220,,778
311,横浜市都筑区,横浜市都筑区折本町,167,,267,,250,,146,,124,,954
312,横浜市都筑区,横浜市都筑区川向町,247,,286,,265,,222,,198,,1218
313,横浜市都筑区,横浜市都筑区川和台,166,,162,,224,,22,,106,,680
314,横浜市都筑区,横浜市都筑区川和町,297,,180,,182,,130,,225,,1014
315,横浜市都筑区,横浜市都筑区早渕,259,,57,,172,,126,,34,,648
316,横浜市都筑区,横浜市都筑区大丸,261,,74,,103,,194,,4,,636
317,横浜市都筑区,横浜市都筑区大熊町,247,,234,,20,,154,,190,,845
318,横浜市都筑区,横浜市都筑区大棚西,272,,162,,268,,88,,105,,895
319,横浜市都筑区,横浜市都筑区大棚町,283,,276,,147,,89,,18,,813
320,横浜市都筑区,横浜市都筑区池辺町,226,,121,,158,,180,,48,,733
321,横浜市都筑区,横浜市都筑区中川,105,,86,,199,,54,,112,,556
322,横浜市都筑区,横浜市都筑区中川中央,199,,257,,0,,123,,41,,620
323,横浜市都筑区,横浜市都筑区仲町台,157,,272,,250,,33,,153,,865
324,横浜市都筑区,横浜市都筑区長坂,183,,280,,264,,17,,192,,936
325,横浜市都筑区,横浜市都筑区東山田,204,,198,,87,,275,,53,,817
326,横浜市都筑区,横浜市都筑区東山田町,80,,91,,199,,284,,262,,916
327,横浜市都筑区,横浜市都筑区東方町,273,,42,,140,,47,,63,,565
328,横浜市都筑区,横浜市都筑区南山田,40,,245,,218,,22,,213,,738
329,横浜市都筑区,横浜市都筑区南山田町,96,,32,,128,,61,,85,,402
330,横浜市都筑区,横浜市都筑区二の丸,175,,50,,196,,133,,82,,636
331,横浜市都筑区,横浜市都筑区富士見が丘,209,,167,,5,,68,,283,,732
332,横浜市都筑区,横浜市都筑区平台,30,,14,,163,,215,,236,,658
333,横浜市都筑区,横浜市都筑区北山田,191,,239,,89,,288,,127,,934
334,横浜市都筑区,横浜市都筑区荏田東1丁目,91,,188,,30,,281,,281,,871
335,横浜市都筑区,横浜市都筑区荏田東2丁目,234,,151,,295,,273,,269,,1222
336,横浜市都筑区,横浜市都筑区荏田東3丁目,261,,62,,246,,251,,173,,993
337,横浜市都筑区,横浜市都筑区荏田東4丁目,65,,47,,148,,252,,96,,608
338,横浜市都筑区,横浜市都筑区荏田南1丁目,282,,67,,8,,153,,244,,754
339,横浜市都筑区,横浜市都筑区荏田南2丁目,81,,39,,90,,187,,56,,453
340,横浜市都筑区,横浜市都筑区荏田南3丁目,297,,205,,271,,68,,275,,1116
341,横浜市都筑区,横浜市都筑区荏田南4丁目,95,,56,,21,,75,,197,,444
342,横浜市都筑区,横浜市都筑区荏田南5丁目,11,,198,,290,,251,,129,,879
343,横浜市都筑区,横浜市都筑区加賀原1丁目,280,,196,,175,,38,,111,,800
344,横浜市都筑区,横浜市都筑区加賀原2丁目,168,,32,,47,,108,,189,,544
345,横浜市都筑区,横浜市都筑区茅ケ崎東1丁目,67,,91,,196,,215,,51,,620
346,横浜市都筑区,横浜市都筑区茅ケ崎東2丁目,23,,221,,232,,48,,150,,674
347,横浜市都筑区,横浜市都筑区茅ケ崎東3丁目,171,,162,,250,,200,,70,,853
348,横浜市都筑区,横浜市都筑区茅ケ崎東4丁目,68,,74,,248,,142,,139,,671
349,横浜市都筑区,横浜市都筑区茅ケ崎東5丁目,276,,15,,249,,226,,232,,998
350,横浜市都筑区,横浜市都筑区茅ケ崎南1丁目,43,,5,,192,,210,,145,,595
351,横浜市都筑区,横浜市都筑区茅ケ崎南2丁目,64,,7,,270,,147,,139,,627
352,横浜市都筑区,横浜市都筑区茅ケ崎南3丁目,28,,116,,221,,289,,176,,830
353,横浜市都筑区,横浜市都筑区茅ケ崎南4丁目,48,,64,,141,,173,,23,,449
354,横浜市都筑区,横浜市都筑区茅ケ崎南5丁目,273,,140,,187,,145,,33,,778
355,横浜市都筑区,横浜市都筑区牛久保1丁目,121,,259,,299,,188,,217,,1084
356,横浜市都筑区,横浜市都筑区牛久保2丁目,85,,38,,82,,199,,248,,652
357,横浜市都筑区,横浜市都筑区牛久保3丁目,78,,10,,230,,265,,151,,734
358,横浜市都筑区,横浜市都筑区牛久保西1丁目,24,,282,,278,,70,,276,,930
359,横浜市都筑区,横浜市都筑区牛久保西2丁目,237,,83,,181,,237,,122,,860
360,横浜市都筑区,横浜市都筑区牛久保西3丁目,95,,124,,263,,272,,112,,866
361,横浜市都筑区,横浜市都筑区牛久保西4丁目,38,,43,,214,,238,,35,,568
362,横浜市都筑区,横浜市都筑区牛久保東1丁目,290,,97,,186,,300,,88,,961
363,横浜市都筑区,横浜市都筑区牛久保東2丁目,103,,16,,241,,2,,16,,378
364,横浜市都筑区,横浜市都筑区牛久保東3丁目,279,,101,,128,,254,,143,,905
365,横浜市都筑区,横浜市都筑区勝田南1丁目,244,,156,,179,,141,,232,,952
366,横浜市都筑区,横浜市都筑区勝田南2丁目,162,,241,,132,,243,,197,,975
367,横浜市都筑区,横浜市都筑区早渕1丁目,295,,112,,156,,87,,170,,820
368,横浜市都筑区,横浜市都筑区早渕2丁目,143,,144,,38,,290,,41,,656
369,横浜市都筑区,横浜市都筑区早渕3丁目,223,,64,,116,,108,,193,,704
370,横浜市都筑区,横浜市都筑区中川1丁目,283,,163,,227,,281,,281,,1235
371,横浜市都筑区,横浜市都筑区中川2丁目,264,,159,,164,,193,,190,,970
372,横浜市都筑区,横浜市都筑区中川3丁目,186,,64,,126,,113,,247,,736
373,横浜市都筑区,横浜市都筑区中川4丁目,294,,273,,151,,287,,68,,1073
374,横浜市都筑区,横浜市都筑区中川5丁目,31,,15,,269,,259,,211,,785
375,横浜市都筑区,横浜市都筑区中川6丁目,5,,256,,44,,95,,193,,593
376,横浜市都筑区,横浜市都筑区中川7丁目,158,,185,,224,,278,,198,,1043
377,横浜市都筑区,横浜市都筑区中川8丁目,109,,88,,33,,289,,295,,814
378,横浜市都筑区,横浜市都筑区中川中央1丁目,242,,59,,158,,136,,241,,836
379,横浜市都筑区,横浜市都筑区中川中央2丁目,143,,96,,11,,167,,294,,711
380,横浜市都筑区,横浜市都筑区仲町台1丁目,152,,154,,64,,282,,199,,851
381,横浜市都筑区,横浜市都筑区仲町台2丁目,52,,58,,139,,130,,73,,452
382,横浜市都筑区,横浜市都筑区仲町台3丁目,108,,279,,255,,131,,224,,997
383,横浜市都筑区,横浜市都筑区仲町台4丁目,213,,18,,5,,72,,59,,367
384,横浜市都筑区,横浜市都筑区仲町台5丁目,145,,99,,99,,268,,42,,653
385,横浜市都筑区,横浜市都筑区東山田1丁目,286,,255,,270,,209,,260,,1280
386,横浜市都筑区,横浜市都筑区東山田2丁目,221,,172,,22,,217,,176,,808
387,横浜市都筑区,横浜市都筑区東山田3丁目,226,,196,,13,,278,,205,,918
388,横浜市都筑区,横浜市都筑区東山田4丁目,161,,133,,86,,43,,117,,540
389,横浜市都筑区,横浜市都筑区南山田1丁目,143,,69,,15,,110,,274,,611
390,横浜市都筑区,横浜市都筑区南山田2丁目,254,,197,,211,,246,,140,,1048
391,横浜市都筑区,横浜市都筑区南山田3丁目,139,,121,,201,,78,,174,,713
392,横浜市都筑区,横浜市都筑区北山田1丁目,108,,272,,185,,137,,203,,905
393,横浜市都筑区,横浜市都筑区北山田2丁目,160,,102,,180,,160,,57,,659
394,横浜市都筑区,横浜市都筑区北山田3丁目,156,,36,,255,,293,,188,,928
395,横浜市都筑区,横浜市都筑区北山田4丁目,65,,49,,227,,185,,126,,652
396,横浜市都筑区,横浜市都筑区北山田5丁目,50,,140,,70,,256,,98,,614
397,横浜市都筑区,横浜市都筑区北山田6丁目,273,,140,,52,,24,,245,,734
398,横浜市都筑区,横浜市都筑区北山田7丁目,171,,279,,27,,182,,19,,678
399,藤沢市,藤沢市みその台,60,,261,,42,,199,,195,,757
400,藤沢市,藤沢市稲荷,135,,60,,125,,16,,256,,592
401,藤沢市,藤沢市羽鳥,105,,2,,180,,210,,15,,512
402,藤沢市,藤沢市円行,56,,8,,2,,276,,267,,609
403,藤沢市,藤沢市遠藤,95,,42,,120,,40,,150,,447
404,藤沢市,藤沢市下土棚,205,,274,,133,,206,,241,,1059
405,藤沢市,藤沢市花の木,174,,20,,114,,114,,184,,606
406,藤沢市,藤沢市葛原,6,,259,,270,,189,,196,,920
407,藤沢市,藤沢市亀井野,7,,114,,85,,139,,253,,598
408,藤沢市,藤沢市宮原,277,,54,,59,,12,,81,,483
409,藤沢市,藤沢市宮前,53,,51,,139,,131,,64,,438
410,藤沢市,藤沢市桐原町,286,,187,,289,,42,,10,,814
411,藤沢市,藤沢市江の島,234,,132,,103,,299,,200,,968
412,藤沢市,藤沢市高倉,48,,225,,132,,116,,257,,778
413,藤沢市,藤沢市高谷,94,,212,,195,,271,,221,,993
414,藤沢市,藤沢市鵠沼,271,,224,,155,,163,,149,,962
415,藤沢市,藤沢市鵠沼花沢町,232,,230,,92,,172,,132,,858
416,藤沢市,藤沢市鵠沼海岸,6,,175,,255,,100,,296,,832
417,藤沢市,藤沢市鵠沼橘,119,,104,,199,,268,,123,,813
418,藤沢市,藤沢市鵠沼桜が岡,237,,49,,237,,110,,186,,819
419,藤沢市,藤沢市鵠沼松が岡,125,,298,,79,,237,,44,,783
420,藤沢市,藤沢市鵠沼神明,158,,23,,176,,8,,217,,582
421,藤沢市,藤沢市鵠沼石上,136,,137,,253,,5,,214,,745
422,藤沢市,藤沢市鵠沼東,280,,85,,36,,13,,78,,492
423,藤沢市,藤沢市鵠沼藤が谷,217,,110,,88,,274,,54,,743
424,藤沢市,藤沢市今田,107,,119,,168,,209,,30,,633
425,藤沢市,藤沢市小塚,246,,258,,176,,23,,41,,744
426,藤沢市,藤沢市湘南台,64,,214,,128,,215,,220,,841
427,藤沢市,藤沢市菖蒲沢,283,,27,,80,,154,,37,,581
428,藤沢市,藤沢市城南,79,,38,,49,,51,,130,,347
429,藤沢市,藤沢市西富,280,,154,,55,,130,,279,,898
430,藤沢市,藤沢市西俣野,159,,42,,35,,4,,213,,453
431,藤沢市,藤沢市石川,50,,171,,204,,43,,153,,621
432,藤沢市,藤沢市川名,12,,52,,281,,284,,12,,641
433,藤沢市,藤沢市善行,103,,202,,131,,50,,265,,751
434,藤沢市,藤沢市善行坂,17,,46,,262,,102,,212,,639
435,藤沢市,藤沢市善行団地,133,,248,,7,,280,,45,,713
436,藤沢市,藤沢市村岡東,219,,262,,28,,156,,58,,723
437,藤沢市,藤沢市打戻,269,,220,,149,,235,,246,,1119
438,藤沢市,藤沢市大鋸,70,,288,,279,,14,,173,,824
439,藤沢市,藤沢市大庭,174,,248,,269,,275,,18,,984
440,藤沢市,藤沢市朝日町,201,,79,,211,,203,,78,,772
441,藤沢市,藤沢市長後,268,,203,,224,,168,,263,,1126
442,藤沢市,藤沢市辻堂,101,,170,,240,,11,,184,,706
443,藤沢市,藤沢市辻堂元町,169,,101,,85,,296,,65,,716
444,藤沢市,藤沢市辻堂新町,37,,157,,241,,204,,119,,758
445,藤沢市,藤沢市辻堂神台,115,,55,,7,,253,,250,,680
446,藤沢市,藤沢市辻堂西海岸,22,,66,,257,,42,,154,,541
447,藤沢市,藤沢市辻堂太平台,164,,264,,196,,234,,89,,947
448,藤沢市,藤沢市辻堂東海岸,126,,147,,199,,92,,106,,670
449,藤沢市,藤沢市天神町,90,,198,,172,,135,,260,,855
450,藤沢市,藤沢市渡内,153,,140,,86,,237,,215,,831
451,藤沢市,藤沢市土棚,161,,251,,109,,174,,128,,823
452,藤沢市,藤沢市藤が岡,175,,164,,294,,1,,128,,762
453,藤沢市,藤沢市藤沢,262,,73,,18,,61,,194,,608
454,藤沢市,藤沢市南藤沢,110,,174,,208,,172,,97,,761
455,藤沢市,藤沢市白旗,245,,99,,179,,61,,88,,672
456,藤沢市,藤沢市柄沢,230,,276,,225,,156,,265,,1152
457,藤沢市,藤沢市並木台,9,,191,,201,,269,,152,,822
458,藤沢市,藤沢市片瀬,207,,211,,188,,78,,31,,715
459,藤沢市,藤沢市片瀬海岸,180,,144,,141,,69,,155,,689
460,藤沢市,藤沢市片瀬山,279,,281,,68,,212,,186,,1026
461,藤沢市,藤沢市片瀬目白山,219,,256,,240,,159,,141,,1015
462,藤沢市,藤沢市本鵠沼,168,,161,,74,,48,,275,,726
463,藤沢市,藤沢市本町,1,,220,,88,,98,,28,,435
464,藤沢市,藤沢市本藤沢,152,,200,,106,,120,,108,,686
465,藤沢市,藤沢市弥勒寺,275,,109,,40,,166,,91,,681
466,藤沢市,藤沢市用田,196,,286,,111,,213,,42,,848
467,藤沢市,藤沢市立石,146,,181,,270,,124,,210,,931
468,藤沢市,藤沢市獺郷,14,,254,,261,,201,,292,,1022
469,藤沢市,藤沢市稲荷1丁目,243,,12,,294,,205,,125,,879
470,藤沢市,藤沢市羽鳥1丁目,43,,180,,12,,142,,209,,586
471,藤沢市,藤沢市羽鳥2丁目,263,,242,,239,,115,,71,,930
472,藤沢市,藤沢市羽鳥3丁目,71,,289,,69,,262,,61,,752
473,藤沢市,藤沢市羽鳥4丁目,85,,32,,106,,190,,79,,492
474,藤沢市,藤沢市羽鳥5丁目,202,,36,,22,,280,,153,,693
475,藤沢市,藤沢市円行1丁目,297,,258,,171,,177,,161,,1064
476,藤沢市,藤沢市円行2丁目,283,,281,,125,,206,,168,,1063
477,藤沢市,藤沢市遠藤滝ノ沢,247,,248,,109,,111,,84,,799
478,藤沢市,藤沢市葛原滝谷戸,232,,90,,229,,209,,87,,847
479,藤沢市,藤沢市亀井野1丁目,64,,165,,65,,276,,66,,636
480,藤沢市,藤沢市亀井野2丁目,113,,263,,210,,56,,183,,825
481,藤沢市,藤沢市亀井野3丁目,58,,21,,72,,215,,199,,565
482,藤沢市,藤沢市亀井野4丁目,160,,44,,130,,19,,281,,634
483,藤沢市,藤沢市江の島1丁目,238,,87,,105,,71,,249,,750
484,藤沢市,藤沢市江の島2丁目,270,,277,,129,,4,,213,,893
485,藤沢市,藤沢市鵠沼海岸1丁目,40,,3,,34,,50,,70,,197
486,藤沢市,藤沢市鵠沼海岸2丁目,4,,207,,94,,57,,250,,612
487,藤沢市,藤沢市鵠沼海岸3丁目,223,,80,,24,,81,,29,,437
488,藤沢市,藤沢市鵠沼海岸4丁目,104,,126,,285,,183,,190,,888
489,藤沢市,藤沢市鵠沼海岸5丁目,193,,2,,35,,136,,183,,549
490,藤沢市,藤沢市鵠沼海岸6丁目,72,,275,,220,,134,,270,,971
491,藤沢市,藤沢市鵠沼海岸7丁目,14,,123,,47,,128,,219,,531
492,藤沢市,藤沢市鵠沼橘1丁目,111,,58,,244,,144,,108,,665
493,藤沢市,藤沢市鵠沼橘2丁目,51,,187,,151,,285,,61,,735
494,藤沢市,藤沢市鵠沼桜が岡1丁目,158,,61,,144,,294,,72,,729
495,藤沢市,藤沢市鵠沼桜が岡2丁目,171,,243,,122,,277,,153,,966
496,藤沢市,藤沢市鵠沼桜が岡3丁目,193,,288,,183,,164,,293,,1121
497,藤沢市,藤沢市鵠沼桜が岡4丁目,276,,285,,204,,106,,81,,952
498,藤沢市,藤沢市鵠沼松が岡1丁目,93,,100,,248,,258,,267,,966
499,藤沢市,藤沢市鵠沼松が岡2丁目,135,,217,,247,,200,,175,,974
500,藤沢市,藤沢市鵠沼松が岡3丁目,138,,174,,231,,162,,65,,770
501,藤沢市,藤沢市鵠沼松が岡4丁目,175,,274,,186,,43,,2,,680
502,藤沢市,藤沢市鵠沼松が岡5丁目,136,,6,,169,,198,,52,,561
503,藤沢市,藤沢市鵠沼神明1丁目,30,,170,,213,,188,,222,,823
504,藤沢市,藤沢市鵠沼神明2丁目,224,,38,,291,,218,,70,,841
505,藤沢市,藤沢市鵠沼神明3丁目,152,,14,,280,,48,,294,,788
506,藤沢市,藤沢市鵠沼神明4丁目,194,,253,,22,,244,,12,,725
507,藤沢市,藤沢市鵠沼神明5丁目,225,,113,,38,,44,,50,,470
508,藤沢市,藤沢市鵠沼石上1丁目,32,,156,,273,,11,,173,,645
509,藤沢市,藤沢市鵠沼石上2丁目,243,,55,,4,,120,,155,,577
510,藤沢市,藤沢市鵠沼石上3丁目,105,,91,,164,,161,,184,,705
511,藤沢市,藤沢市鵠沼藤が谷1丁目,138,,295,,145,,166,,195,,939
512,藤沢市,藤沢市鵠沼藤が谷2丁目,64,,206,,132,,74,,178,,654
513,藤沢市,藤沢市鵠沼藤が谷3丁目,69,,1,,15,,143,,169,,397
514,藤沢市,藤沢市鵠沼藤が谷4丁目,106,,232,,278,,227,,67,,910
515,藤沢市,藤沢市湘南台1丁目,275,,247,,184,,176,,110,,992
516,藤沢市,藤沢市湘南台2丁目,131,,82,,96,,163,,290,,762
517,藤沢市,藤沢市湘南台3丁目,224,,270,,109,,132,,104,,839
518,藤沢市,藤沢市湘南台4丁目,12,,275,,175,,276,,75,,813
519,藤沢市,藤沢市湘南台5丁目,238,,195,,231,,221,,185,,1070
520,藤沢市,藤沢市湘南台6丁目,120,,3,,56,,158,,74,,411
521,藤沢市,藤沢市湘南台7丁目,148,,165,,148,,203,,192,,856
522,藤沢市,藤沢市城南1丁目,10,,121,,26,,87,,256,,500
523,藤沢市,藤沢市城南2丁目,147,,191,,291,,70,,129,,828
524,藤沢市,藤沢市城南3丁目,235,,286,,161,,148,,292,,1122
525,藤沢市,藤沢市城南4丁目,192,,238,,201,,96,,280,,1007
526,藤沢市,藤沢市城南5丁目,17,,163,,275,,263,,46,,764
527,藤沢市,藤沢市西富1丁目,16,,69,,270,,179,,234,,768
528,藤沢市,藤沢市西富2丁目,161,,51,,9,,147,,9,,377
529,藤沢市,藤沢市石川1丁目,249,,272,,270,,91,,206,,1088
530,藤沢市,藤沢市石川2丁目,121,,207,,153,,253,,13,,747
531,藤沢市,藤沢市石川3丁目,225,,288,,35,,261,,111,,920
532,藤沢市,藤沢市石川4丁目,109,,124,,208,,179,,259,,879
533,藤沢市,藤沢市石川5丁目,114,,290,,163,,101,,287,,955
534,藤沢市,藤沢市石川6丁目,209,,97,,147,,289,,108,,850
535,藤沢市,藤沢市川名1丁目,30,,241,,163,,116,,68,,618
536,藤沢市,藤沢市川名2丁目,80,,230,,300,,177,,11,,798
537,藤沢市,藤沢市善行1丁目,41,,99,,161,,124,,48,,473
538,藤沢市,藤沢市善行2丁目,81,,259,,162,,109,,272,,883
539,藤沢市,藤沢市善行3丁目,228,,47,,117,,223,,47,,662
540,藤沢市,藤沢市善行4丁目,209,,119,,118,,42,,282,,770
541,藤沢市,藤沢市善行5丁目,253,,54,,171,,68,,132,,678
542,藤沢市,藤沢市善行6丁目,228,,103,,264,,185,,109,,889
543,藤沢市,藤沢市善行7丁目,61,,102,,178,,225,,287,,853
544,藤沢市,藤沢市善行坂1丁目,238,,291,,43,,127,,55,,754
545,藤沢市,藤沢市善行坂2丁目,86,,14,,107,,178,,293,,678
546,藤沢市,藤沢市村岡東1丁目,69,,148,,18,,288,,4,,527
547,藤沢市,藤沢市村岡東2丁目,138,,196,,85,,249,,207,,875
548,藤沢市,藤沢市村岡東3丁目,34,,127,,296,,58,,197,,712
549,藤沢市,藤沢市村岡東4丁目,292,,249,,267,,155,,17,,980
550,藤沢市,藤沢市大鋸1丁目,169,,204,,93,,93,,206,,765
551,藤沢市,藤沢市大鋸2丁目,104,,126,,171,,224,,203,,828
552,藤沢市,藤沢市大鋸3丁目,53,,143,,171,,11,,11,,389
553,藤沢市,藤沢市辻堂1丁目,292,,50,,280,,193,,15,,830
554,藤沢市,藤沢市辻堂2丁目,175,,221,,129,,173,,133,,831
555,藤沢市,藤沢市辻堂3丁目,87,,25,,230,,256,,247,,845
556,藤沢市,藤沢市辻堂4丁目,22,,81,,90,,257,,1,,451
557,藤沢市,藤沢市辻堂5丁目,216,,92,,107,,23,,122,,560
558,藤沢市,藤沢市辻堂6丁目,231,,242,,259,,184,,292,,1208
559,藤沢市,藤沢市辻堂元町1丁目,258,,128,,169,,35,,270,,860
560,藤沢市,藤沢市辻堂元町2丁目,177,,93,,208,,77,,108,,663
561,藤沢市,藤沢市辻堂元町3丁目,3,,151,,239,,37,,253,,683
562,藤沢市,藤沢市辻堂元町4丁目,109,,208,,147,,39,,254,,757
563,藤沢市,藤沢市辻堂元町5丁目,20,,50,,39,,284,,254,,647
564,藤沢市,藤沢市辻堂元町6丁目,14,,37,,27,,11,,201,,290
565,藤沢市,藤沢市辻堂新町1丁目,13,,226,,9,,91,,93,,432
566,藤沢市,藤沢市辻堂新町2丁目,21,,169,,43,,237,,87,,557
567,藤沢市,藤沢市辻堂新町3丁目,88,,228,,264,,169,,228,,977
568,藤沢市,藤沢市辻堂新町4丁目,128,,189,,62,,168,,44,,591
569,藤沢市,藤沢市辻堂神台1丁目,143,,87,,3,,78,,296,,607
570,藤沢市,藤沢市辻堂神台2丁目,144,,87,,24,,208,,137,,600
571,藤沢市,藤沢市辻堂西海岸1丁目,32,,291,,253,,269,,56,,901
572,藤沢市,藤沢市辻堂西海岸2丁目,60,,209,,197,,121,,282,,869
573,藤沢市,藤沢市辻堂西海岸3丁目,177,,111,,245,,119,,130,,782
574,藤沢市,藤沢市辻堂太平台1丁目,274,,0,,10,,162,,180,,626
575,藤沢市,藤沢市辻堂太平台2丁目,177,,266,,273,,94,,175,,985
576,藤沢市,藤沢市辻堂東海岸1丁目,187,,8,,105,,109,,43,,452
577,藤沢市,藤沢市辻堂東海岸2丁目,98,,72,,288,,271,,149,,878
578,藤沢市,藤沢市辻堂東海岸3丁目,101,,10,,218,,184,,21,,534
579,藤沢市,藤沢市辻堂東海岸4丁目,239,,141,,254,,101,,88,,823
580,藤沢市,藤沢市天神町1丁目,65,,264,,137,,150,,122,,738
581,藤沢市,藤沢市天神町2丁目,222,,249,,140,,225,,216,,1052
582,藤沢市,藤沢市天神町3丁目,188,,229,,93,,14,,163,,687
583,藤沢市,藤沢市渡内1丁目,269,,63,,279,,92,,45,,748
584,藤沢市,藤沢市渡内2丁目,186,,6,,95,,224,,38,,549
585,藤沢市,藤沢市渡内3丁目,130,,143,,198,,159,,53,,683
586,藤沢市,藤沢市渡内4丁目,137,,144,,127,,220,,85,,713
587,藤沢市,藤沢市渡内5丁目,18,,178,,100,,114,,278,,688
588,藤沢市,藤沢市藤が岡1丁目,260,,225,,192,,49,,284,,1010
589,藤沢市,藤沢市藤が岡2丁目,50,,137,,108,,123,,140,,558
590,藤沢市,藤沢市藤が岡3丁目,231,,264,,53,,135,,18,,701
591,藤沢市,藤沢市藤沢1丁目,199,,30,,238,,213,,36,,716
592,藤沢市,藤沢市藤沢2丁目,235,,180,,4,,283,,127,,829
593,藤沢市,藤沢市藤沢3丁目,59,,59,,41,,161,,29,,349
594,藤沢市,藤沢市藤沢4丁目,290,,118,,233,,5,,183,,829
595,藤沢市,藤沢市藤沢5丁目,157,,26,,283,,143,,97,,706
596,藤沢市,藤沢市白旗1丁目,65,,5,,250,,223,,142,,685
597,藤沢市,藤沢市白旗2丁目,36,,53,,201,,3,,18,,311
598,藤沢市,藤沢市白旗3丁目,152,,37,,25,,91,,134,,439
599,藤沢市,藤沢市白旗4丁目,248,,169,,223,,193,,40,,873
600,藤沢市,藤沢市柄沢1丁目,64,,34,,142,,56,,132,,428
601,藤沢市,藤沢市柄沢2丁目,35,,63,,198,,69,,118,,483
602,藤沢市,藤沢市並木台1丁目,293,,259,,266,,96,,72,,986
603,藤沢市,藤沢市並木台2丁目,76,,290,,238,,164,,294,,1062
604,藤沢市,藤沢市片瀬1丁目,201,,60,,185,,229,,143,,818
605,藤沢市,藤沢市片瀬2丁目,288,,132,,266,,240,,195,,1121
606,藤沢市,藤沢市片瀬3丁目,92,,74,,106,,245,,255,,772
607,藤沢市,藤沢市片瀬4丁目,56,,118,,254,,87,,144,,659
608,藤沢市,藤沢市片瀬5丁目,83,,267,,177,,210,,57,,794
609,藤沢市,藤沢市片瀬海岸1丁目,12,,190,,244,,96,,219,,761
610,藤沢市,藤沢市片瀬海岸2丁目,53,,258,,195,,12,,176,,694
611,藤沢市,藤沢市片瀬海岸3丁目,112,,101,,293,,204,,287,,997
612,藤沢市,藤沢市片瀬山1丁目,23,,23,,146,,298,,113,,603
613,藤沢市,藤沢市片瀬山2丁目,233,,182,,247,,163,,92,,917
614,藤沢市,藤沢市片瀬山3丁目,110,,240,,128,,234,,113,,825
615,藤沢市,藤沢市片瀬山4丁目,105,,237,,213,,244,,126,,925
616,藤沢市,藤沢市片瀬山5丁目,89,,79,,19,,268,,27,,482
617,藤沢市,藤沢市本鵠沼1丁目,272,,115,,234,,240,,24,,885
618,藤沢市,藤沢市本鵠沼2丁目,76,,0,,150,,279,,240,,745
619,藤沢市,藤沢市本鵠沼3丁目,290,,272,,85,,270,,18,,935
620,藤沢市,藤沢市本鵠沼4丁目,212,,98,,86,,36,,37,,469
621,藤沢市,藤沢市本鵠沼5丁目,39,,155,,155,,147,,135,,631
622,藤沢市,藤沢市本町1丁目,128,,107,,257,,158,,77,,727
623,藤沢市,藤沢市本町2丁目,243,,226,,159,,202,,151,,981
624,藤沢市,藤沢市本町3丁目,57,,8,,193,,29,,157,,444
625,藤沢市,藤沢市本町4丁目,71,,96,,92,,153,,243,,655
626,藤沢市,藤沢市本藤沢1丁目,258,,164,,210,,90,,295,,1017
627,藤沢市,藤沢市本藤沢2丁目,9,,124,,103,,250,,67,,553
628,藤沢市,藤沢市本藤沢3丁目,243,,85,,113,,140,,197,,778
629,藤沢市,藤沢市本藤沢4丁目,38,,60,,209,,192,,169,,668
630,藤沢市,藤沢市本藤沢5丁目,288,,94,,80,,117,,222,,801
631,藤沢市,藤沢市本藤沢6丁目,0,,242,,184,,114,,151,,691
632,藤沢市,藤沢市本藤沢7丁目,23,,116,,21,,133,,274,,567
633,藤沢市,藤沢市弥勒寺1丁目,223,,25,,40,,253,,34,,575
634,藤沢市,藤沢市弥勒寺2丁目,93,,247,,193,,124,,235,,892
635,藤沢市,藤沢市弥勒寺3丁目,139,,239,,129,,78,,271,,856
636,藤沢市,藤沢市弥勒寺4丁目,11,,75,,10,,123,,32,,251
637,藤沢市,藤沢市立石1丁目,132,,292,,215,,6,,156,,801
638,藤沢市,藤沢市立石2丁目,276,,182,,285,,115,,205,,1063
639,藤沢市,藤沢市立石3丁目,148,,237,,278,,212,,228,,1103
640,藤沢市,藤沢市立石4丁目,10,,291,,116,,176,,97,,690
641,川崎市宮前区,川崎市宮前区けやき平,208,,16,,293,,77,,99,,693
642,川崎市宮前区,川崎市宮前区梶ケ谷,73,,195,,271,,224,,156,,919
643,川崎市宮前区,川崎市宮前区宮崎,69,,268,,192,,265,,132,,926
644,川崎市宮前区,川崎市宮前区宮前平,299,,256,,248,,149,,260,,1212
645,川崎市宮前区,川崎市宮前区犬蔵,8,,109,,37,,224,,300,,678
646,川崎市宮前区,川崎市宮前区五所塚,138,,300,,247,,50,,7,,742
647,川崎市宮前区,川崎市宮前区鷺沼,172,,234,,96,,259,,34,,795
648,川崎市宮前区,川崎市宮前区初山,183,,152,,121,,144,,255,,855
649,川崎市宮前区,川崎市宮前区小台,298,,285,,84,,198,,209,,1074
650,川崎市宮前区,川崎市宮前区神木,248,,139,,276,,134,,34,,831
651,川崎市宮前区,川崎市宮前区神木本町,89,,276,,62,,245,,188,,860
652,川崎市宮前区,川崎市宮前区水沢,173,,89,,3,,125,,267,,657
653,川崎市宮前区,川崎市宮前区菅生,181,,188,,84,,292,,250,,995
654,川崎市宮前区,川崎市宮前区菅生ケ丘,104,,245,,265,,158,,171,,943
655,川崎市宮前区,川崎市宮前区潮見台,263,,137,,141,,76,,208,,825
656,川崎市宮前区,川崎市宮前区土橋,228,,52,,162,,126,,76,,644
657,川崎市宮前区,川崎市宮前区東有馬,27,,291,,106,,237,,154,,815
658,川崎市宮前区,川崎市宮前区南平台,105,,56,,155,,60,,117,,493
659,川崎市宮前区,川崎市宮前区馬絹,284,,23,,23,,174,,267,,771
660,川崎市宮前区,川崎市宮前区白幡台,7,,171,,42,,79,,270,,569
661,川崎市宮前区,川崎市宮前区平,28,,237,,193,,37,,84,,579
662,川崎市宮前区,川崎市宮前区野川,298,,74,,133,,255,,235,,995
663,川崎市宮前区,川崎市宮前区野川本町,281,,116,,205,,221,,65,,888
664,川崎市宮前区,川崎市宮前区有馬,72,,224,,110,,285,,208,,899
665,川崎市宮前区,川崎市宮前区宮崎1丁目,52,,170,,176,,48,,262,,708
666,川崎市宮前区,川崎市宮前区宮崎2丁目,76,,21,,224,,80,,180,,581
667,川崎市宮前区,川崎市宮前区宮崎3丁目,155,,292,,33,,203,,264,,947
668,川崎市宮前区,川崎市宮前区宮崎4丁目,229,,275,,136,,245,,100,,985
669,川崎市宮前区,川崎市宮前区宮崎5丁目,212,,137,,214,,288,,162,,1013
670,川崎市宮前区,川崎市宮前区宮崎6丁目,92,,182,,210,,114,,159,,757
671,川崎市宮前区,川崎市宮前区宮前平1丁目,196,,13,,36,,167,,183,,595
672,川崎市宮前区,川崎市宮前区宮前平2丁目,226,,5,,148,,143,,123,,645
673,川崎市宮前区,川崎市宮前区宮前平3丁目,74,,51,,253,,68,,96,,542
674,川崎市宮前区,川崎市宮前区犬蔵1丁目,276,,1,,198,,139,,61,,675
675,川崎市宮前区,川崎市宮前区犬蔵2丁目,229,,228,,143,,291,,132,,1023
676,川崎市宮前区,川崎市宮前区犬蔵3丁目,121,,43,,218,,218,,52,,652
677,川崎市宮前区,川崎市宮前区五所塚1丁目,88,,263,,217,,96,,5,,669
678,川崎市宮前区,川崎市宮前区五所塚2丁目,241,,44,,151,,76,,298,,810
679,川崎市宮前区,川崎市宮前区鷺沼1丁目,48,,187,,31,,97,,24,,387
680,川崎市宮前区,川崎市宮前区鷺沼2丁目,77,,62,,209,,186,,241,,775
681,川崎市宮前区,川崎市宮前区鷺沼3丁目,20,,144,,98,,226,,53,,541
682,川崎市宮前区,川崎市宮前区鷺沼4丁目,225,,28,,18,,86,,68,,425
683,川崎市宮前区,川崎市宮前区初山1丁目,94,,50,,32,,132,,29,,337
684,川崎市宮前区,川崎市宮前区初山2丁目,187,,181,,208,,259,,9,,844
685,川崎市宮前区,川崎市宮前区小台1丁目,37,,281,,148,,211,,39,,716
686,川崎市宮前区,川崎市宮前区小台2丁目,192,,114,,98,,163,,34,,601
687,川崎市宮前区,川崎市宮前区神木1丁目,168,,266,,148,,228,,289,,1099
688,川崎市宮前区,川崎市宮前区神木2丁目,90,,81,,110,,189,,62,,532
689,川崎市宮前区,川崎市宮前区神木本町1丁目,22,,57,,112,,192,,107,,490
690,川崎市宮前区,川崎市宮前区神木本町2丁目,130,,139,,92,,161,,233,,755
691,川崎市宮前区,川崎市宮前区神木本町3丁目,284,,246,,94,,40,,196,,860
692,川崎市宮前区,川崎市宮前区神木本町4丁目,196,,256,,46,,58,,44,,600
693,川崎市宮前区,川崎市宮前区神木本町5丁目,93,,31,,52,,283,,215,,674
694,川崎市宮前区,川崎市宮前区水沢1丁目,175,,281,,247,,253,,112,,1068
695,川崎市宮前区,川崎市宮前区水沢2丁目,142,,178,,105,,16,,279,,720
696,川崎市宮前区,川崎市宮前区水沢3丁目,87,,80,,217,,131,,91,,606
697,川崎市宮前区,川崎市宮前区菅生1丁目,210,,63,,19,,193,,272,,757
698,川崎市宮前区,川崎市宮前区菅生2丁目,109,,163,,215,,14,,154,,655
699,川崎市宮前区,川崎市宮前区菅生3丁目,195,,147,,271,,73,,153,,839
700,川崎市宮前区,川崎市宮前区菅生4丁目,200,,117,,125,,291,,46,,779
701,川崎市宮前区,川崎市宮前区菅生5丁目,128,,162,,207,,197,,87,,781
702,川崎市宮前区,川崎市宮前区菅生6丁目,2,,124,,136,,45,,222,,529
703,川崎市宮前区,川崎市宮前区土橋1丁目,128,,104,,121,,14,,139,,506
704,川崎市宮前区,川崎市宮前区土橋2丁目,6,,96,,111,,47,,1,,261
705,川崎市宮前区,川崎市宮前区土橋3丁目,221,,228,,179,,224,,192,,1044
706,川崎市宮前区,川崎市宮前区土橋4丁目,189,,117,,56,,134,,51,,547
707,川崎市宮前区,川崎市宮前区土橋5丁目,213,,73,,109,,215,,231,,841
708,川崎市宮前区,川崎市宮前区土橋6丁目,95,,293,,214,,19,,213,,834
709,川崎市宮前区,川崎市宮前区土橋7丁目,37,,244,,41,,79,,216,,617
710,川崎市宮前区,川崎市宮前区東有馬1丁目,140,,248,,33,,4,,19,,444
711,川崎市宮前区,川崎市宮前区東有馬2丁目,150,,239,,292,,186,,187,,1054
712,川崎市宮前区,川崎市宮前区東有馬3丁目,276,,231,,31,,31,,70,,639
713,川崎市宮前区,川崎市宮前区東有馬4丁目,213,,269,,230,,32,,158,,902
714,川崎市宮前区,川崎市宮前区東有馬5丁目,10,,214,,4,,8,,120,,356
715,川崎市宮前区,川崎市宮前区馬絹1丁目,84,,173,,15,,252,,87,,611
716,川崎市宮前区,川崎市宮前区馬絹2丁目,38,,106,,195,,223,,137,,699
717,川崎市宮前区,川崎市宮前区馬絹3丁目,233,,292,,143,,211,,17,,896
718,川崎市宮前区,川崎市宮前区馬絹4丁目,126,,153,,206,,71,,89,,645
719,川崎市宮前区,川崎市宮前区馬絹5丁目,227,,172,,112,,279,,151,,941
720,川崎市宮前区,川崎市宮前区馬絹6丁目,234,,151,,20,,197,,279,,881
721,川崎市宮前区,川崎市宮前区白幡台1丁目,104,,115,,18,,257,,231,,725
722,川崎市宮前区,川崎市宮前区白幡台2丁目,22,,213,,27,,45,,164,,471
723,川崎市宮前区,川崎市宮前区平1丁目,48,,299,,110,,195,,54,,706
724,川崎市宮前区,川崎市宮前区平2丁目,174,,153,,282,,71,,261,,941
725,川崎市宮前区,川崎市宮前区平3丁目,114,,288,,69,,45,,197,,713
726,川崎市宮前区,川崎市宮前区平4丁目,54,,197,,294,,186,,77,,808
727,川崎市宮前区,川崎市宮前区平5丁目,108,,134,,0,,145,,286,,673
728,川崎市宮前区,川崎市宮前区平6丁目,0,,197,,204,,145,,57,,603
729,川崎市宮前区,川崎市宮前区野川本町3丁目,181,,284,,51,,55,,212,,783
730,川崎市宮前区,川崎市宮前区有馬1丁目,255,,264,,273,,234,,46,,1072
731,川崎市宮前区,川崎市宮前区有馬2丁目,226,,211,,107,,48,,135,,727
732,川崎市宮前区,川崎市宮前区有馬3丁目,16,,197,,278,,262,,258,,1011
733,川崎市宮前区,川崎市宮前区有馬4丁目,111,,164,,11,,124,,214,,624
734,川崎市宮前区,川崎市宮前区有馬5丁目,44,,238,,150,,157,,268,,857
735,川崎市宮前区,川崎市宮前区有馬6丁目,129,,143,,174,,33,,122,,601
736,川崎市宮前区,川崎市宮前区有馬7丁目,168,,34,,278,,10,,132,,622
737,川崎市宮前区,川崎市宮前区有馬8丁目,264,,78,,274,,137,,286,,1039
738,川崎市宮前区,川崎市宮前区有馬9丁目,79,,103,,29,,12,,79,,302
739,足柄下郡箱根町,足柄下郡箱根町芦之湯,131,,79,,88,,209,,246,,753
740,足柄下郡箱根町,足柄下郡箱根町宮ノ下,290,,201,,181,,195,,106,,973
741,足柄下郡箱根町,足柄下郡箱根町宮城野,296,,90,,93,,232,,277,,988
742,足柄下郡箱根町,足柄下郡箱根町強羅,260,,272,,284,,60,,58,,934
743,足柄下郡箱根町,足柄下郡箱根町元箱根,13,,78,,84,,89,,289,,553
744,足柄下郡箱根町,足柄下郡箱根町小涌谷,70,,149,,271,,81,,282,,853
745,足柄下郡箱根町,足柄下郡箱根町須雲川,110,,95,,277,,97,,140,,719
746,足柄下郡箱根町,足柄下郡箱根町仙石原,31,,144,,113,,282,,250,,820
747,足柄下郡箱根町,足柄下郡箱根町大平台,246,,133,,28,,271,,260,,938
748,足柄下郡箱根町,足柄下郡箱根町底倉,228,,189,,67,,141,,34,,659
749,足柄下郡箱根町,足柄下郡箱根町塔之澤,105,,87,,94,,118,,276,,680
750,足柄下郡箱根町,足柄下郡箱根町湯本,166,,15,,141,,68,,78,,468
751,足柄下郡箱根町,足柄下郡箱根町湯本茶屋,276,,140,,217,,166,,293,,1092
752,足柄下郡箱根町,足柄下郡箱根町二ノ平,249,,177,,227,,3,,34,,690
753,足柄下郡箱根町,足柄下郡箱根町箱根,195,,294,,171,,8,,124,,792
754,足柄下郡箱根町,足柄下郡箱根町畑宿,226,,236,,60,,173,,244,,939
755,足柄下郡箱根町,足柄下郡箱根町木賀,168,,186,,202,,55,,2,,613
756,足柄下郡湯河原町,足柄下郡湯河原町吉浜,188,,203,,201,,152,,154,,898
757,足柄下郡湯河原町,足柄下郡湯河原町宮下,143,,153,,114,,204,,183,,797
758,足柄下郡湯河原町,足柄下郡湯河原町宮上,10,,167,,4,,136,,36,,353
759,足柄下郡湯河原町,足柄下郡湯河原町城堀,195,,83,,2,,202,,258,,740
760,足柄下郡湯河原町,足柄下郡湯河原町鍛冶屋,126,,121,,113,,137,,145,,642
761,足柄下郡湯河原町,足柄下郡湯河原町中央,296,,242,,286,,136,,299,,1259
762,足柄下郡湯河原町,足柄下郡湯河原町土肥,196,,82,,130,,170,,228,,806
763,足柄下郡湯河原町,足柄下郡湯河原町福浦,244,,126,,170,,180,,15,,735
764,足柄下郡湯河原町,足柄下郡湯河原町門川,25,,116,,34,,92,,28,,295
765,足柄下郡湯河原町,足柄下郡湯河原町中央1丁目,222,,68,,51,,44,,189,,574
766,足柄下郡湯河原町,足柄下郡湯河原町中央2丁目,97,,74,,87,,94,,107,,459
767,足柄下郡湯河原町,足柄下郡湯河原町中央3丁目,183,,141,,108,,33,,259,,724
768,足柄下郡湯河原町,足柄下郡湯河原町中央4丁目,255,,91,,147,,198,,44,,735
769,足柄下郡湯河原町,足柄下郡湯河原町中央5丁目,286,,169,,281,,157,,210,,1103
770,足柄下郡湯河原町,足柄下郡湯河原町土肥1丁目,248,,281,,256,,137,,294,,1216
771,足柄下郡湯河原町,足柄下郡湯河原町土肥2丁目,130,,155,,140,,163,,73,,661
772,足柄下郡湯河原町,足柄下郡湯河原町土肥3丁目,227,,97,,229,,201,,22,,776
773,足柄下郡湯河原町,足柄下郡湯河原町土肥4丁目,192,,226,,30,,195,,150,,793
774,足柄下郡湯河原町,足柄下郡湯河原町土肥5丁目,65,,86,,76,,124,,186,,537
775,足柄下郡湯河原町,足柄下郡湯河原町土肥6丁目,261,,53,,293,,252,,293,,1152
776,中郡二宮町,中郡二宮町一色,296,,267,,2,,24,,39,,628
777,中郡二宮町,中郡二宮町山西,93,,280,,182,,8,,164,,727
778,中郡二宮町,中郡二宮町松根,3,,281,,96,,100,,167,,647
779,中郡二宮町,中郡二宮町川匂,137,,210,,134,,210,,26,,717
780,中郡二宮町,中郡二宮町中里,15,,147,,183,,134,,47,,526
781,中郡二宮町,中郡二宮町二宮,256,,103,,123,,22,,73,,577
782,中郡二宮町,中郡二宮町百合が丘,194,,161,,20,,218,,170,,763
783,中郡二宮町,中郡二宮町富士見が丘,200,,200,,52,,101,,82,,635
784,中郡二宮町,中郡二宮町緑が丘,150,,177,,241,,145,,22,,735
785,中郡二宮町,中郡二宮町中里2丁目,95,,99,,175,,14,,102,,485
786,中郡二宮町,中郡二宮町百合が丘1丁目,65,,192,,274,,289,,254,,1074
787,中郡二宮町,中郡二宮町百合が丘2丁目,176,,206,,10,,23,,120,,535
788,中郡二宮町,中郡二宮町百合が丘3丁目,171,,252,,164,,203,,80,,870
789,中郡二宮町,中郡二宮町富士見が丘1丁目,261,,58,,136,,263,,156,,874
790,中郡二宮町,中郡二宮町富士見が丘2丁目,223,,159,,285,,256,,256,,1179
791,中郡二宮町,中郡二宮町富士見が丘3丁目,111,,174,,296,,207,,97,,885
792,中郡二宮町,中郡二宮町緑が丘1丁目,55,,38,,67,,228,,2,,390
793,中郡二宮町,中郡二宮町緑が丘2丁目,248,,270,,14,,139,,299,,970
794,中郡二宮町,中郡二宮町緑が丘3丁目,240,,199,,105,,25,,60,,629
795,中郡大磯町,中郡大磯町月京,184,,90,,137,,49,,76,,536
796,中郡大磯町,中郡大磯町高麗,105,,32,,74,,246,,39,,496
797,中郡大磯町,中郡大磯町国府新宿,226,,231,,58,,294,,156,,965
798,中郡大磯町,中郡大磯町国府本郷,221,,140,,124,,30,,37,,552
799,中郡大磯町,中郡大磯町黒岩,291,,153,,203,,263,,143,,1053
800,中郡大磯町,中郡大磯町寺坂,7,,110,,21,,156,,70,,364
801,中郡大磯町,中郡大磯町生沢,270,,13,,143,,75,,122,,623
802,中郡大磯町,中郡大磯町西久保,101,,138,,154,,247,,13,,653
803,中郡大磯町,中郡大磯町西小磯,19,,277,,194,,144,,274,,908
804,中郡大磯町,中郡大磯町石神台,124,,158,,192,,286,,233,,993
805,中郡大磯町,中郡大磯町大磯,242,,282,,6,,293,,66,,889
806,中郡大磯町,中郡大磯町虫窪,61,,261,,227,,127,,72,,748
807,中郡大磯町,中郡大磯町東小磯,131,,266,,290,,209,,52,,948
808,中郡大磯町,中郡大磯町東町,169,,34,,243,,147,,171,,764
809,中郡大磯町,中郡大磯町高麗1丁目,238,,27,,118,,172,,154,,709
810,中郡大磯町,中郡大磯町高麗2丁目,273,,72,,273,,58,,182,,858
811,中郡大磯町,中郡大磯町高麗3丁目,141,,113,,261,,15,,254,,784
812,中郡大磯町,中郡大磯町石神台1丁目,43,,80,,277,,54,,112,,566
813,中郡大磯町,中郡大磯町石神台2丁目,53,,187,,93,,199,,217,,749
814,中郡大磯町,中郡大磯町石神台3丁目,98,,218,,246,,130,,42,,734
815,中郡大磯町,中郡大磯町東町1丁目,187,,143,,255,,7,,180,,772
816,中郡大磯町,中郡大磯町東町2丁目,89,,289,,63,,3,,129,,573
817,中郡大磯町,中郡大磯町東町3丁目,150,,274,,199,,260,,131,,1014
818,海老名市,海老名市さつき町,165,,47,,98,,73,,243,,626
819,海老名市,海老名市めぐみ町,11,,214,,23,,187,,115,,550
820,海老名市,海老名市下今泉,134,,204,,134,,200,,11,,683
821,海老名市,海老名市河原口,211,,282,,118,,86,,224,,921
822,海老名市,海老名市国分寺台,20,,90,,120,,2,,8,,240
823,海老名市,海老名市国分南,133,,24,,88,,62,,74,,381
824,海老名市,海老名市国分北,33,,70,,249,,83,,167,,602
825,海老名市,海老名市今里,79,,196,,31,,117,,268,,691
826,海老名市,海老名市社家,300,,23,,34,,99,,79,,535
827,海老名市,海老名市勝瀬,204,,136,,92,,182,,210,,824
828,海老名市,海老名市上河内,232,,179,,267,,296,,133,,1107
829,海老名市,海老名市上郷,146,,19,,254,,29,,166,,614
830,海老名市,海老名市上今泉,164,,298,,242,,73,,255,,1032
831,海老名市,海老名市杉久保,160,,26,,76,,271,,92,,625
832,海老名市,海老名市杉久保南,6,,171,,248,,17,,98,,540
833,海老名市,海老名市杉久保北,212,,260,,147,,295,,74,,988
834,海老名市,海老名市扇町,299,,122,,224,,147,,88,,880
835,海老名市,海老名市泉,179,,89,,227,,25,,33,,553
836,海老名市,海老名市大谷,128,,96,,154,,226,,125,,729
837,海老名市,海老名市大谷南,18,,91,,67,,7,,249,,432
838,海老名市,海老名市大谷北,283,,243,,129,,233,,76,,964
839,海老名市,海老名市中央,199,,25,,230,,187,,279,,920
840,海老名市,海老名市中河内,201,,230,,51,,2,,288,,772
841,海老名市,海老名市中新田,147,,196,,45,,293,,284,,965
842,海老名市,海老名市中野,229,,215,,196,,4,,122,,766
843,海老名市,海老名市東柏ケ谷,281,,113,,109,,112,,268,,883
844,海老名市,海老名市柏ケ谷,228,,32,,161,,205,,260,,886
845,海老名市,海老名市浜田町,30,,12,,220,,193,,95,,550
846,海老名市,海老名市望地,214,,123,,112,,205,,136,,790
847,海老名市,海老名市本郷,162,,201,,12,,228,,217,,820
848,海老名市,海老名市門沢橋,130,,266,,67,,260,,21,,744
849,海老名市,海老名市下今泉1丁目,203,,211,,248,,148,,33,,843
850,海老名市,海老名市下今泉2丁目,127,,68,,145,,174,,215,,729
851,海老名市,海老名市下今泉3丁目,63,,165,,298,,285,,30,,841
852,海老名市,海老名市下今泉4丁目,32,,50,,244,,175,,204,,705
853,海老名市,海老名市下今泉5丁目,5,,180,,115,,211,,77,,588
854,海老名市,海老名市河原口1丁目,4,,245,,142,,152,,202,,745
855,海老名市,海老名市河原口2丁目,255,,23,,245,,282,,26,,831
856,海老名市,海老名市河原口3丁目,8,,229,,47,,36,,122,,442
857,海老名市,海老名市河原口4丁目,55,,82,,122,,191,,181,,631
858,海老名市,海老名市河原口5丁目,142,,94,,76,,175,,57,,544
859,海老名市,海老名市国分寺台1丁目,142,,94,,168,,235,,40,,679
860,海老名市,海老名市国分寺台2丁目,207,,165,,109,,271,,146,,898
861,海老名市,海老名市国分寺台3丁目,289,,63,,199,,257,,255,,1063
862,海老名市,海老名市国分寺台4丁目,158,,39,,68,,43,,53,,361
863,海老名市,海老名市国分寺台5丁目,183,,116,,131,,267,,69,,766
864,海老名市,海老名市国分南1丁目,288,,118,,238,,291,,190,,1125
865,海老名市,海老名市国分南2丁目,6,,150,,231,,67,,250,,704
866,海老名市,海老名市国分南3丁目,176,,194,,19,,174,,221,,784
867,海老名市,海老名市国分南4丁目,131,,87,,225,,99,,293,,835
868,海老名市,海老名市国分北1丁目,214,,132,,158,,248,,110,,862
869,海老名市,海老名市国分北2丁目,296,,163,,230,,128,,114,,931
870,海老名市,海老名市国分北3丁目,43,,294,,165,,178,,6,,686
871,海老名市,海老名市国分北4丁目,57,,99,,113,,61,,283,,613
872,海老名市,海老名市今里1丁目,81,,261,,232,,173,,176,,923
873,海老名市,海老名市今里2丁目,55,,181,,245,,33,,27,,541
874,海老名市,海老名市今里3丁目,100,,180,,100,,279,,135,,794
875,海老名市,海老名市上郷1丁目,17,,134,,23,,229,,109,,512
876,海老名市,海老名市上郷2丁目,131,,222,,201,,23,,286,,863
877,海老名市,海老名市上郷3丁目,142,,170,,268,,98,,207,,885
878,海老名市,海老名市上郷4丁目,57,,139,,86,,248,,288,,818
879,海老名市,海老名市上今泉1丁目,188,,2,,47,,213,,161,,611
880,海老名市,海老名市上今泉2丁目,106,,245,,54,,13,,108,,526
881,海老名市,海老名市上今泉3丁目,112,,261,,117,,82,,59,,631
882,海老名市,海老名市上今泉4丁目,194,,21,,223,,0,,197,,635
883,海老名市,海老名市上今泉5丁目,79,,131,,152,,54,,109,,525
884,海老名市,海老名市上今泉6丁目,4,,273,,239,,275,,144,,935
885,海老名市,海老名市杉久保南1丁目,10,,200,,64,,134,,28,,436
886,海老名市,海老名市杉久保南2丁目,36,,247,,277,,86,,78,,724
887,海老名市,海老名市杉久保南3丁目,9,,13,,287,,92,,144,,545
888,海老名市,海老名市杉久保南4丁目,251,,159,,293,,175,,24,,902
889,海老名市,海老名市杉久保南5丁目,299,,143,,238,,50,,227,,957
890,海老名市,海老名市杉久保北1丁目,22,,242,,94,,197,,135,,690
891,海老名市,海老名市杉久保北2丁目,253,,226,,257,,259,,8,,1003
892,海老名市,海老名市杉久保北3丁目,67,,145,,144,,284,,224,,864
893,海老名市,海老名市杉久保北4丁目,142,,79,,128,,39,,4,,392
894,海老名市,海老名市杉久保北5丁目,276,,40,,295,,231,,91,,933
895,海老名市,海老名市泉1丁目,67,,284,,78,,134,,181,,744
896,海老名市,海老名市泉2丁目,240,,67,,266,,216,,84,,873
897,海老名市,海老名市大谷南1丁目,5,,159,,279,,10,,85,,538
898,海老名市,海老名市大谷南2丁目,42,,269,,99,,233,,271,,914
899,海老名市,海老名市大谷南3丁目,200,,169,,205,,253,,59,,886
900,海老名市,海老名市大谷南4丁目,159,,228,,282,,224,,7,,900
901,海老名市,海老名市大谷南5丁目,168,,125,,23,,175,,252,,743
902,海老名市,海老名市大谷北1丁目,172,,218,,289,,200,,57,,936
903,海老名市,海老名市大谷北2丁目,282,,214,,123,,205,,295,,1119
904,海老名市,海老名市大谷北3丁目,239,,38,,189,,192,,65,,723
905,海老名市,海老名市大谷北4丁目,206,,268,,121,,52,,4,,651
906,海老名市,海老名市中央1丁目,117,,18,,18,,14,,58,,225
907,海老名市,海老名市中央2丁目,225,,130,,138,,102,,164,,759
908,海老名市,海老名市中央3丁目,11,,151,,59,,146,,109,,476
909,海老名市,海老名市中新田1丁目,206,,31,,17,,92,,249,,595
910,海老名市,海老名市中新田2丁目,117,,38,,255,,263,,240,,913
911,海老名市,海老名市中新田3丁目,52,,7,,281,,282,,254,,876
912,海老名市,海老名市中新田4丁目,149,,92,,188,,281,,176,,886
913,海老名市,海老名市中新田5丁目,57,,203,,17,,118,,52,,447
914,海老名市,海老名市中野1丁目,285,,248,,125,,105,,79,,842
915,海老名市,海老名市中野2丁目,261,,93,,33,,250,,143,,780
916,海老名市,海老名市中野3丁目,83,,219,,194,,290,,272,,1058
917,海老名市,海老名市東柏ケ谷1丁目,199,,57,,271,,275,,28,,830
918,海老名市,海老名市東柏ケ谷2丁目,13,,227,,170,,248,,292,,950
919,海老名市,海老名市東柏ケ谷3丁目,172,,134,,268,,114,,21,,709
920,海老名市,海老名市東柏ケ谷4丁目,259,,151,,152,,104,,111,,777
921,海老名市,海老名市東柏ケ谷5丁目,211,,143,,235,,23,,283,,895
922,海老名市,海老名市東柏ケ谷6丁目,183,,232,,12,,113,,231,,771
923,海老名市,海老名市望地1丁目,215,,138,,93,,241,,143,,830
924,海老名市,海老名市望地2丁目,269,,269,,138,,229,,14,,919
925,海老名市,海老名市本郷五反田,56,,78,,251,,277,,272,,934
926,海老名市,海老名市門沢橋1丁目,170,,190,,265,,120,,236,,981
927,海老名市,海老名市門沢橋2丁目,264,,163,,227,,31,,55,,740
928,海老名市,海老名市門沢橋3丁目,63,,90,,37,,101,,267,,558
929,海老名市,海老名市門沢橋4丁目,152,,208,,178,,196,,158,,892
930,海老名市,海老名市門沢橋5丁目,251,,127,,155,,111,,137,,781
931,海老名市,海老名市門沢橋6丁目,232,,64,,30,,129,,290,,745
932,高座郡寒川町,高座郡寒川町一之宮,201,,8,,195,,140,,199,,743
933,高座郡寒川町,高座郡寒川町岡田,245,,248,,219,,100,,271,,1083
934,高座郡寒川町,高座郡寒川町宮山,218,,254,,184,,235,,25,,916
935,高座郡寒川町,高座郡寒川町小谷,265,,254,,148,,1,,259,,927
936,高座郡寒川町,高座郡寒川町小動,181,,128,,273,,151,,71,,804
937,高座郡寒川町,高座郡寒川町倉見,7,,164,,90,,108,,288,,657
938,高座郡寒川町,高座郡寒川町大曲,54,,141,,176,,28,,65,,464
939,高座郡寒川町,高座郡寒川町大蔵,132,,230,,208,,246,,260,,1076
940,高座郡寒川町,高座郡寒川町中瀬,137,,195,,223,,45,,197,,797
941,高座郡寒川町,高座郡寒川町田端,116,,191,,103,,58,,292,,760
942,高座郡寒川町,高座郡寒川町一之宮1丁目,139,,173,,59,,121,,214,,706
943,高座郡寒川町,高座郡寒川町一之宮2丁目,117,,12,,258,,152,,119,,658
944,高座郡寒川町,高座郡寒川町一之宮3丁目,93,,21,,205,,63,,199,,581
945,高座郡寒川町,高座郡寒川町一之宮4丁目,1,,196,,75,,186,,166,,624
946,高座郡寒川町,高座郡寒川町一之宮5丁目,299,,113,,190,,136,,131,,869
947,高座郡寒川町,高座郡寒川町一之宮6丁目,27,,107,,164,,138,,95,,531
948,高座郡寒川町,高座郡寒川町一之宮7丁目,291,,162,,107,,160,,172,,892
949,高座郡寒川町,高座郡寒川町一之宮8丁目,83,,2,,167,,110,,254,,616
950,高座郡寒川町,高座郡寒川町一之宮9丁目,107,,250,,281,,183,,52,,873
951,高座郡寒川町,高座郡寒川町岡田1丁目,33,,253,,28,,17,,193,,524
952,高座郡寒川町,高座郡寒川町岡田2丁目,124,,128,,109,,296,,180,,837
953,高座郡寒川町,高座郡寒川町岡田3丁目,65,,61,,0,,121,,59,,306
954,高座郡寒川町,高座郡寒川町岡田4丁目,131,,185,,251,,99,,130,,796
955,高座郡寒川町,高座郡寒川町岡田5丁目,12,,164,,25,,14,,92,,307
956,高座郡寒川町,高座郡寒川町岡田6丁目,143,,201,,47,,158,,28,,577
957,高座郡寒川町,高座郡寒川町岡田7丁目,293,,141,,130,,58,,200,,822
958,高座郡寒川町,高座郡寒川町岡田8丁目,87,,85,,141,,205,,182,,700
959,高座郡寒川町,高座郡寒川町小谷1丁目,157,,109,,165,,168,,88,,687
960,高座郡寒川町,高座郡寒川町小谷2丁目,223,,265,,39,,133,,124,,784
961,高座郡寒川町,高座郡寒川町小谷3丁目,97,,48,,264,,116,,255,,780
962,高座郡寒川町,高座郡寒川町小谷4丁目,46,,300,,209,,172,,8,,735
963,高座郡寒川町,高座郡寒川町大曲1丁目,203,,139,,185,,262,,50,,839
964,高座郡寒川町,高座郡寒川町大曲2丁目,260,,250,,290,,38,,168,,1006
965,高座郡寒川町,高座郡寒川町大曲3丁目,223,,42,,119,,260,,28,,672
966,高座郡寒川町,高座郡寒川町大曲4丁目,231,,246,,103,,90,,95,,765
967,三浦郡葉山町,三浦郡葉山町一色,32,,18,,265,,39,,198,,552
968,三浦郡葉山町,三浦郡葉山町下山口,201,,175,,288,,277,,12,,953
969,三浦郡葉山町,三浦郡葉山町上山口,261,,5,,234,,246,,284,,1030
970,三浦郡葉山町,三浦郡葉山町長柄,44,,274,,259,,77,,189,,843
971,三浦郡葉山町,三浦郡葉山町堀内,47,,62,,101,,110,,48,,368
972,三浦郡葉山町,三浦郡葉山町木古庭,186,,258,,0,,243,,264,,951
973,綾瀬市,綾瀬市綾西,131,,178,,233,,179,,220,,941
974,綾瀬市,綾瀬市吉岡,167,,209,,196,,204,,76,,852
975,綾瀬市,綾瀬市吉岡東,154,,135,,265,,259,,57,,870
976,綾瀬市,綾瀬市寺尾釜田,159,,85,,192,,3,,27,,466
977,綾瀬市,綾瀬市寺尾西,151,,300,,211,,99,,180,,941
978,綾瀬市,綾瀬市寺尾台,207,,129,,141,,161,,93,,731
979,綾瀬市,綾瀬市寺尾中,156,,245,,153,,168,,193,,915
980,綾瀬市,綾瀬市寺尾南,196,,125,,165,,261,,150,,897
981,綾瀬市,綾瀬市寺尾北,229,,46,,149,,290,,268,,982
982,綾瀬市,綾瀬市寺尾本町,185,,125,,54,,252,,58,,674
983,綾瀬市,綾瀬市小園,148,,61,,23,,149,,132,,513
984,綾瀬市,綾瀬市小園南,190,,206,,215,,195,,43,,849
985,綾瀬市,綾瀬市上土棚中,268,,234,,246,,60,,227,,1035
986,綾瀬市,綾瀬市上土棚南,99,,166,,126,,247,,239,,877
987,綾瀬市,綾瀬市上土棚北,0,,128,,40,,151,,149,,468
988,綾瀬市,綾瀬市深谷,31,,219,,153,,134,,80,,617
989,綾瀬市,綾瀬市深谷上,149,,270,,242,,1,,297,,959
990,綾瀬市,綾瀬市深谷中,154,,216,,148,,257,,148,,923
991,綾瀬市,綾瀬市深谷南,230,,117,,197,,47,,69,,660
992,綾瀬市,綾瀬市早川,56,,211,,254,,159,,62,,742
993,綾瀬市,綾瀬市早川城山,280,,26,,27,,225,,212,,770
994,綾瀬市,綾瀬市大上,90,,27,,90,,15,,93,,315
995,綾瀬市,綾瀬市本蓼川,294,,177,,231,,278,,250,,1230
996,綾瀬市,綾瀬市落合南,142,,246,,185,,39,,101,,713
997,綾瀬市,綾瀬市落合北,128,,226,,41,,268,,30,,693
998,綾瀬市,綾瀬市蓼川,220,,89,,273,,299,,202,,1083
999,綾瀬市,綾瀬市綾西1丁目,26,,266,,106,,174,,60,,632
1000,綾瀬市,綾瀬市綾西2丁目,168,,103,,186,,284,,201,,942
1001,綾瀬市,綾瀬市綾西3丁目,64,,237,,233,,254,,199,,987
1002,綾瀬市,綾瀬市綾西4丁目,270,,289,,262,,85,,218,,1124
1003,綾瀬市,綾瀬市綾西5丁目,254,,255,,82,,202,,57,,850
1004,綾瀬市,綾瀬市吉岡東1丁目,215,,9,,98,,95,,151,,568
1005,綾瀬市,綾瀬市吉岡東2丁目,37,,150,,176,,103,,155,,621
1006,綾瀬市,綾瀬市吉岡東3丁目,175,,43,,95,,14,,64,,391
1007,綾瀬市,綾瀬市吉岡東4丁目,46,,70,,109,,132,,300,,657
1008,綾瀬市,綾瀬市吉岡東5丁目,202,,48,,253,,96,,50,,649
1009,綾瀬市,綾瀬市寺尾釜田1丁目,269,,80,,86,,229,,70,,734
1010,綾瀬市,綾瀬市寺尾釜田2丁目,209,,252,,100,,272,,141,,974
1011,綾瀬市,綾瀬市寺尾釜田3丁目,196,,12,,198,,214,,203,,823
1012,綾瀬市,綾瀬市寺尾西1丁目,60,,282,,188,,254,,173,,957
1013,綾瀬市,綾瀬市寺尾西2丁目,230,,178,,188,,19,,63,,678
1014,綾瀬市,綾瀬市寺尾西3丁目,205,,189,,70,,109,,92,,665
1015,綾瀬市,綾瀬市寺尾台1丁目,60,,159,,126,,237,,240,,822
1016,綾瀬市,綾瀬市寺尾台2丁目,166,,136,,213,,18,,56,,589
1017,綾瀬市,綾瀬市寺尾台3丁目,103,,75,,71,,262,,11,,522
1018,綾瀬市,綾瀬市寺尾台4丁目,164,,153,,237,,42,,21,,617
1019,綾瀬市,綾瀬市寺尾中1丁目,133,,277,,86,,219,,232,,947
1020,綾瀬市,綾瀬市寺尾中2丁目,193,,286,,70,,152,,201,,902
1021,綾瀬市,綾瀬市寺尾中3丁目,159,,18,,297,,248,,195,,917
1022,綾瀬市,綾瀬市寺尾中4丁目,41,,210,,185,,87,,142,,665
1023,綾瀬市,綾瀬市寺尾南1丁目,113,,15,,172,,194,,283,,777
1024,綾瀬市,綾瀬市寺尾南2丁目,73,,199,,157,,151,,107,,687
1025,綾瀬市,綾瀬市寺尾南3丁目,86,,118,,208,,251,,236,,899
1026,綾瀬市,綾瀬市寺尾北1丁目,253,,103,,184,,218,,120,,878
1027,綾瀬市,綾瀬市寺尾北2丁目,145,,29,,38,,179,,248,,639
1028,綾瀬市,綾瀬市寺尾北3丁目,116,,50,,4,,131,,177,,478
1029,綾瀬市,綾瀬市寺尾北4丁目,136,,276,,257,,13,,110,,792
1030,綾瀬市,綾瀬市寺尾本町1丁目,284,,252,,81,,31,,70,,718
1031,綾瀬市,綾瀬市寺尾本町2丁目,67,,220,,102,,74,,236,,699
1032,綾瀬市,綾瀬市寺尾本町3丁目,185,,192,,233,,6,,213,,829
1033,綾瀬市,綾瀬市小園南1丁目,94,,64,,273,,100,,172,,703
1034,綾瀬市,綾瀬市小園南2丁目,132,,207,,202,,260,,273,,1074
1035,綾瀬市,綾瀬市上土棚中1丁目,277,,103,,254,,88,,116,,838
1036,綾瀬市,綾瀬市上土棚中2丁目,205,,93,,166,,161,,180,,805
1037,綾瀬市,綾瀬市上土棚中3丁目,191,,257,,238,,289,,49,,1024
1038,綾瀬市,綾瀬市上土棚中4丁目,66,,196,,274,,181,,93,,810
1039,綾瀬市,綾瀬市上土棚中5丁目,274,,222,,78,,162,,47,,783
1040,綾瀬市,綾瀬市上土棚中6丁目,251,,229,,231,,194,,126,,1031
1041,綾瀬市,綾瀬市上土棚中7丁目,277,,78,,33,,159,,68,,615
1042,綾瀬市,綾瀬市上土棚南1丁目,65,,58,,174,,258,,128,,683
1043,綾瀬市,綾瀬市上土棚南2丁目,160,,241,,247,,300,,275,,1223
1044,綾瀬市,綾瀬市上土棚南3丁目,248,,243,,45,,124,,92,,752
1045,綾瀬市,綾瀬市上土棚南4丁目,66,,41,,12,,227,,273,,619
1046,綾瀬市,綾瀬市上土棚南5丁目,82,,65,,66,,274,,299,,786
1047,綾瀬市,綾瀬市上土棚南6丁目,5,,197,,2,,269,,296,,769
1048,綾瀬市,綾瀬市上土棚北1丁目,133,,15,,46,,217,,227,,638
1049,綾瀬市,綾瀬市上土棚北2丁目,152,,172,,20,,218,,269,,831
1050,綾瀬市,綾瀬市上土棚北3丁目,58,,81,,118,,7,,112,,376
1051,綾瀬市,綾瀬市上土棚北4丁目,172,,193,,153,,126,,157,,801
1052,綾瀬市,綾瀬市上土棚北5丁目,86,,96,,240,,141,,131,,694
1053,綾瀬市,綾瀬市深谷上1丁目,176,,293,,47,,50,,82,,648
1054,綾瀬市,綾瀬市深谷上2丁目,201,,167,,120,,78,,208,,774
1055,綾瀬市,綾瀬市深谷上3丁目,299,,34,,176,,48,,279,,836
1056,綾瀬市,綾瀬市深谷上4丁目,117,,227,,293,,133,,80,,850
1057,綾瀬市,綾瀬市深谷上5丁目,293,,245,,157,,287,,90,,1072
1058,綾瀬市,綾瀬市深谷上6丁目,189,,73,,157,,246,,121,,786
1059,綾瀬市,綾瀬市深谷上7丁目,284,,47,,196,,206,,240,,973
1060,綾瀬市,綾瀬市深谷上8丁目,64,,89,,238,,43,,219,,653
1061,綾瀬市,綾瀬市深谷中1丁目,168,,245,,17,,169,,272,,871
1062,綾瀬市,綾瀬市深谷中2丁目,217,,269,,36,,210,,227,,959
1063,綾瀬市,綾瀬市深谷中3丁目,195,,267,,95,,139,,50,,746
1064,綾瀬市,綾瀬市深谷中4丁目,127,,27,,40,,97,,131,,422
1065,綾瀬市,綾瀬市深谷中5丁目,257,,194,,230,,141,,88,,910
1066,綾瀬市,綾瀬市深谷中6丁目,188,,281,,218,,68,,245,,1000
1067,綾瀬市,綾瀬市深谷中7丁目,37,,122,,82,,72,,261,,574
1068,綾瀬市,綾瀬市深谷中8丁目,284,,111,,20,,134,,75,,624
1069,綾瀬市,綾瀬市深谷中9丁目,224,,80,,292,,123,,254,,973
1070,綾瀬市,綾瀬市深谷南1丁目,45,,168,,265,,12,,40,,530
1071,綾瀬市,綾瀬市深谷南2丁目,64,,211,,175,,134,,188,,772
1072,綾瀬市,綾瀬市深谷南3丁目,203,,19,,127,,276,,98,,723
1073,綾瀬市,綾瀬市深谷南4丁目,26,,63,,256,,111,,188,,644
1074,綾瀬市,綾瀬市深谷南5丁目,11,,193,,117,,262,,99,,682
1075,綾瀬市,綾瀬市深谷南6丁目,188,,253,,143,,187,,63,,834
1076,綾瀬市,綾瀬市深谷南7丁目,117,,201,,149,,81,,240,,788
1077,綾瀬市,綾瀬市早川城山1丁目,43,,197,,273,,194,,58,,765
1078,綾瀬市,綾瀬市早川城山2丁目,238,,194,,29,,158,,133,,752
1079,綾瀬市,綾瀬市早川城山3丁目,278,,106,,165,,250,,87,,886
1080,綾瀬市,綾瀬市早川城山4丁目,114,,172,,130,,117,,291,,824
1081,綾瀬市,綾瀬市早川城山5丁目,279,,246,,89,,243,,31,,888
1082,綾瀬市,綾瀬市大上1丁目,242,,259,,177,,124,,296,,1098
1083,綾瀬市,綾瀬市大上2丁目,277,,180,,136,,34,,274,,901
1084,綾瀬市,綾瀬市大上3丁目,130,,101,,183,,38,,81,,533
1085,綾瀬市,綾瀬市大上4丁目,213,,129,,170,,130,,112,,754
1086,綾瀬市,綾瀬市大上5丁目,179,,253,,151,,282,,143,,1008
1087,綾瀬市,綾瀬市大上6丁目,35,,256,,103,,141,,125,,660
1088,綾瀬市,綾瀬市大上7丁目,13,,78,,10,,201,,145,,447
1089,綾瀬市,綾瀬市大上8丁目,167,,53,,73,,157,,166,,616
1090,綾瀬市,綾瀬市大上9丁目,285,,36,,162,,49,,78,,610
1091,綾瀬市,綾瀬市落合南1丁目,23,,87,,84,,165,,114,,473
1092,綾瀬市,綾瀬市落合南2丁目,212,,256,,160,,89,,33,,750
1093,綾瀬市,綾瀬市落合南3丁目,162,,261,,253,,58,,126,,860
1094,綾瀬市,綾瀬市落合南4丁目,92,,12,,202,,68,,86,,460
1095,綾瀬市,綾瀬市落合南5丁目,76,,209,,127,,84,,234,,730
1096,綾瀬市,綾瀬市落合南6丁目,153,,225,,88,,108,,59,,633
1097,綾瀬市,綾瀬市落合南7丁目,117,,228,,123,,202,,59,,729
1098,綾瀬市,綾瀬市落合南8丁目,266,,246,,132,,2,,227,,873
1099,綾瀬市,綾瀬市落合南9丁目,171,,167,,103,,243,,209,,893
1100,綾瀬市,綾瀬市落合北1丁目,119,,286,,47,,161,,67,,680
1101,綾瀬市,綾瀬市落合北2丁目,241,,250,,102,,14,,66,,673
1102,綾瀬市,綾瀬市落合北3丁目,171,,185,,221,,251,,98,,926
1103,綾瀬市,綾瀬市落合北4丁目,130,,158,,24,,238,,77,,627
1104,綾瀬市,綾瀬市落合北5丁目,212,,78,,277,,195,,81,,843
1105,綾瀬市,綾瀬市落合北6丁目,53,,55,,102,,47,,130,,387
1106,綾瀬市,綾瀬市落合北7丁目,241,,293,,269,,4,,287,,1094
1107,綾瀬市,綾瀬市蓼川1丁目,290,,205,,147,,253,,26,,921
1108,綾瀬市,綾瀬市蓼川2丁目,286,,65,,220,,247,,297,,1115
1109,綾瀬市,綾瀬市蓼川3丁目,192,,157,,172,,275,,177,,973
1110,座間市,座間市さがみ野,112,,141,,176,,82,,86,,597
1111,座間市,座間市ひばりが丘,88,,202,,103,,27,,120,,540
1112,座間市,座間市栗原,22,,234,,202,,235,,168,,861
1113,座間市,座間市栗原中央,102,,203,,230,,290,,31,,856
1114,座間市,座間市広野台,62,,57,,93,,124,,270,,606
1115,座間市,座間市座間,155,,19,,76,,44,,83,,377
1116,座間市,座間市四ツ谷,236,,202,,140,,244,,73,,895
1117,座間市,座間市小松原,179,,147,,218,,299,,181,,1024
1118,座間市,座間市新田宿,4,,80,,53,,204,,195,,536
1119,座間市,座間市西栗原,97,,128,,207,,141,,231,,804
1120,座間市,座間市相武台,282,,55,,95,,296,,230,,958
1121,座間市,座間市相模が丘,61,,286,,19,,60,,219,,645
1122,座間市,座間市東原,280,,92,,4,,222,,261,,859
1123,座間市,座間市南栗原,247,,86,,238,,35,,191,,797
1124,座間市,座間市入谷,126,,276,,249,,285,,114,,1050
1125,座間市,座間市入谷東,112,,96,,45,,109,,185,,547
1126,座間市,座間市明王,17,,141,,206,,108,,17,,489
1127,座間市,座間市立野台,294,,15,,107,,15,,61,,492
1128,座間市,座間市緑ケ丘,88,,29,,8,,246,,16,,387
1129,座間市,座間市さがみ野1丁目,7,,52,,51,,240,,86,,436
1130,座間市,座間市さがみ野2丁目,61,,155,,3,,104,,106,,429
1131,座間市,座間市さがみ野3丁目,19,,32,,89,,204,,115,,459
1132,座間市,座間市ひばりが丘1丁目,191,,190,,173,,122,,273,,949
1133,座間市,座間市ひばりが丘2丁目,278,,232,,16,,260,,249,,1035
1134,座間市,座間市ひばりが丘3丁目,283,,12,,191,,181,,8,,675
1135,座間市,座間市ひばりが丘4丁目,66,,240,,60,,51,,104,,521
1136,座間市,座間市ひばりが丘5丁目,240,,103,,108,,99,,219,,769
1137,座間市,座間市栗原中央1丁目,290,,226,,120,,50,,163,,849
1138,座間市,座間市栗原中央2丁目,161,,284,,168,,187,,268,,1068
1139,座間市,座間市栗原中央3丁目,156,,205,,22,,26,,94,,503
1140,座間市,座間市栗原中央4丁目,164,,160,,232,,104,,40,,700
1141,座間市,座間市栗原中央5丁目,50,,93,,283,,177,,115,,718
1142,座間市,座間市栗原中央6丁目,60,,285,,92,,61,,187,,685
1143,座間市,座間市広野台1丁目,84,,155,,83,,97,,299,,718
1144,座間市,座間市広野台2丁目,290,,60,,55,,171,,195,,771
1145,座間市,座間市座間1丁目,135,,46,,13,,52,,1,,247
1146,座間市,座間市座間2丁目,177,,286,,5,,163,,177,,808
1147,座間市,座間市小松原1丁目,103,,213,,166,,260,,226,,968
1148,座間市,座間市小松原2丁目,213,,23,,85,,40,,255,,616
1149,座間市,座間市西栗原1丁目,272,,77,,245,,175,,89,,858
1150,座間市,座間市西栗原2丁目,150,,263,,291,,160,,25,,889
1151,座間市,座間市相武台1丁目,223,,165,,215,,279,,47,,929
1152,座間市,座間市相武台2丁目,234,,284,,57,,73,,131,,779
1153,座間市,座間市相武台3丁目,167,,11,,209,,76,,293,,756
1154,座間市,座間市相武台4丁目,61,,187,,203,,140,,119,,710
1155,座間市,座間市相模が丘1丁目,254,,117,,270,,54,,224,,919
1156,座間市,座間市相模が丘2丁目,195,,144,,154,,142,,27,,662
1157,座間市,座間市相模が丘3丁目,195,,16,,75,,177,,239,,702
1158,座間市,座間市相模が丘4丁目,266,,216,,224,,22,,177,,905
1159,座間市,座間市相模が丘5丁目,108,,23,,154,,64,,275,,624
1160,座間市,座間市相模が丘6丁目,91,,95,,252,,195,,207,,840
1161,座間市,座間市東原1丁目,101,,89,,198,,177,,99,,664
1162,座間市,座間市東原2丁目,97,,79,,141,,81,,136,,534
1163,座間市,座間市東原3丁目,210,,126,,1,,71,,198,,606
1164,座間市,座間市東原4丁目,136,,263,,112,,203,,142,,856
1165,座間市,座間市東原5丁目,140,,95,,227,,291,,224,,977
1166,座間市,座間市南栗原1丁目,297,,241,,75,,229,,167,,1009
1167,座間市,座間市南栗原2丁目,38,,22,,80,,5,,124,,269
1168,座間市,座間市南栗原3丁目,288,,270,,280,,33,,226,,1097
1169,座間市,座間市南栗原4丁目,69,,271,,283,,175,,276,,1074
1170,座間市,座間市南栗原5丁目,135,,257,,240,,68,,14,,714
1171,座間市,座間市南栗原6丁目,253,,101,,12,,117,,217,,700
1172,座間市,座間市入谷1丁目,79,,209,,228,,136,,166,,818
1173,座間市,座間市入谷2丁目,30,,218,,23,,27,,105,,403
1174,座間市,座間市入谷3丁目,25,,270,,61,,164,,75,,595
1175,座間市,座間市入谷4丁目,148,,145,,25,,84,,174,,576
1176,座間市,座間市入谷5丁目,157,,159,,35,,173,,227,,751
1177,座間市,座間市入谷東1丁目,1,,177,,182,,31,,241,,632
1178,座間市,座間市入谷東2丁目,261,,224,,265,,68,,19,,837
1179,座間市,座間市入谷東3丁目,12,,285,,244,,27,,47,,615
1180,座間市,座間市入谷東4丁目,255,,163,,7,,295,,85,,805
1181,座間市,座間市立野台1丁目,261,,263,,118,,258,,75,,975
1182,座間市,座間市立野台2丁目,72,,137,,207,,1,,161,,578
1183,座間市,座間市立野台3丁目,240,,112,,30,,142,,141,,665
1184,座間市,座間市緑ケ丘1丁目,34,,95,,1,,32,,281,,443
1185,座間市,座間市緑ケ丘2丁目,255,,243,,171,,63,,205,,937
1186,座間市,座間市緑ケ丘3丁目,243,,19,,105,,81,,273,,721
1187,座間市,座間市緑ケ丘4丁目,90,,222,,185,,274,,288,,1059
1188,座間市,座間市緑ケ丘5丁目,178,,46,,60,,39,,170,,493
1189,座間市,座間市緑ケ丘6丁目,59,,198,,145,,43,,209,,654
1190,足柄下郡真鶴町,足柄下郡真鶴町岩,284,,198,,244,,291,,25,,1042
1191,足柄下郡真鶴町,足柄下郡真鶴町真鶴,96,,37,,103,,109,,75,,420
1192,厚木市,厚木市まつかげ台,184,,232,,228,,126,,156,,926
1193,厚木市,厚木市みはる野,172,,132,,15,,105,,59,,483
1194,厚木市,厚木市愛甲,68,,191,,297,,84,,84,,724
1195,厚木市,厚木市愛甲西,193,,115,,116,,51,,141,,616
1196,厚木市,厚木市愛甲東,169,,90,,295,,23,,88,,665
1197,厚木市,厚木市愛名,222,,254,,116,,89,,144,,825
1198,厚木市,厚木市旭町,286,,54,,255,,125,,109,,829
1199,厚木市,厚木市栄町,133,,269,,283,,217,,75,,977
1200,厚木市,厚木市猿ケ島,97,,52,,84,,206,,193,,632
1201,厚木市,厚木市王子,1,,61,,83,,74,,7,,226
1202,厚木市,厚木市岡津古久,285,,117,,258,,214,,104,,978
1203,厚木市,厚木市岡田,286,,251,,76,,1,,85,,699
1204,厚木市,厚木市恩名,157,,183,,214,,228,,178,,960
1205,厚木市,厚木市温水,138,,249,,29,,8,,214,,638
1206,厚木市,厚木市温水西,77,,242,,55,,49,,54,,477
1207,厚木市,厚木市下依知,276,,288,,259,,292,,186,,1301
1208,厚木市,厚木市下荻野,258,,73,,117,,78,,16,,542
1209,厚木市,厚木市下古沢,28,,254,,62,,285,,273,,902
1210,厚木市,厚木市下川入,82,,149,,70,,156,,39,,496
1211,厚木市,厚木市下津古久,254,,175,,247,,253,,38,,967
1212,厚木市,厚木市関口,297,,209,,275,,237,,7,,1025
1213,厚木市,厚木市及川,33,,238,,91,,85,,216,,663
1214,厚木市,厚木市宮の里,121,,68,,194,,25,,207,,615
1215,厚木市,厚木市金田,55,,194,,200,,255,,143,,847
1216,厚木市,厚木市元町,151,,183,,180,,28,,201,,743
1217,厚木市,厚木市戸室,81,,116,,89,,221,,15,,522
1218,厚木市,厚木市戸田,102,,230,,296,,109,,56,,793
1219,厚木市,厚木市吾妻町,255,,8,,255,,189,,239,,946
1220,厚木市,厚木市厚木,233,,47,,11,,264,,299,,854
1221,厚木市,厚木市厚木町,299,,231,,77,,293,,173,,1073
1222,厚木市,厚木市幸町,170,,219,,296,,255,,15,,955
1223,厚木市,厚木市妻田西,58,,284,,7,,165,,189,,703
1224,厚木市,厚木市妻田東,170,,228,,117,,273,,36,,824
1225,厚木市,厚木市妻田南,15,,42,,179,,276,,151,,663
1226,厚木市,厚木市妻田北,257,,17,,138,,66,,257,,735
1227,厚木市,厚木市三田,73,,49,,22,,92,,73,,309
1228,厚木市,厚木市三田南,178,,65,,160,,259,,190,,852
1229,厚木市,厚木市山際,288,,76,,74,,182,,34,,654
1230,厚木市,厚木市七沢,27,,168,,192,,150,,58,,595
1231,厚木市,厚木市酒井,92,,17,,278,,298,,65,,750
1232,厚木市,厚木市寿町,137,,122,,33,,136,,277,,705
1233,厚木市,厚木市小野,14,,70,,221,,203,,150,,658
1234,厚木市,厚木市松枝,280,,205,,285,,228,,210,,1208
1235,厚木市,厚木市上依知,135,,263,,112,,98,,128,,736
1236,厚木市,厚木市上荻野,187,,29,,125,,249,,266,,856
1237,厚木市,厚木市上古沢,290,,136,,80,,67,,105,,678
1238,厚木市,厚木市上落合,135,,55,,14,,81,,114,,399
1239,厚木市,厚木市森の里,23,,134,,247,,36,,262,,702
1240,厚木市,厚木市森の里若宮,158,,141,,260,,128,,276,,963
1241,厚木市,厚木市森の里青山,214,,241,,162,,145,,258,,1020
1242,厚木市,厚木市水引,58,,20,,68,,27,,278,,451
1243,厚木市,厚木市泉町,236,,193,,158,,83,,153,,823
1244,厚木市,厚木市船子,47,,142,,268,,5,,180,,642
1245,厚木市,厚木市棚沢,224,,81,,262,,65,,215,,847
1246,厚木市,厚木市中依知,233,,225,,29,,149,,142,,778
1247,厚木市,厚木市中荻野,21,,31,,64,,115,,76,,307
1248,厚木市,厚木市中町,265,,35,,3,,254,,24,,581
1249,厚木市,厚木市長沼,176,,62,,111,,231,,269,,849
1250,厚木市,厚木市長谷,114,,59,,265,,242,,250,,930
1251,厚木市,厚木市田村町,268,,139,,76,,254,,145,,882
1252,厚木市,厚木市東町,218,,157,,219,,132,,245,,971
1253,厚木市,厚木市鳶尾,97,,181,,87,,259,,167,,791
1254,厚木市,厚木市南町,136,,127,,161,,170,,50,,644
1255,厚木市,厚木市飯山,12,,54,,95,,250,,13,,424
1256,厚木市,厚木市毛利台,212,,158,,62,,283,,253,,968
1257,厚木市,厚木市緑ケ丘,265,,243,,123,,255,,140,,1026
1258,厚木市,厚木市林,20,,170,,91,,121,,191,,593
1259,厚木市,厚木市みはる野1丁目,97,,58,,95,,209,,116,,575
1260,厚木市,厚木市みはる野2丁目,95,,122,,135,,120,,166,,638
1261,厚木市,厚木市愛甲1丁目,140,,182,,86,,208,,217,,833
1262,厚木市,厚木市愛甲2丁目,129,,142,,110,,50,,167,,598
1263,厚木市,厚木市愛甲3丁目,17,,47,,264,,144,,230,,702
1264,厚木市,厚木市愛甲4丁目,253,,110,,15,,283,,160,,821
1265,厚木市,厚木市愛甲西1丁目,179,,65,,143,,97,,29,,513
1266,厚木市,厚木市愛甲西2丁目,94,,196,,179,,151,,72,,692
1267,厚木市,厚木市愛甲西3丁目,281,,210,,247,,12,,182,,932
1268,厚木市,厚木市愛甲東1丁目,166,,79,,169,,112,,246,,772
1269,厚木市,厚木市愛甲東2丁目,91,,279,,112,,6,,80,,568
1270,厚木市,厚木市愛甲東3丁目,58,,57,,186,,109,,234,,644
1271,厚木市,厚木市旭町1丁目,133,,45,,92,,250,,298,,818
1272,厚木市,厚木市旭町2丁目,188,,39,,230,,63,,197,,717
1273,厚木市,厚木市旭町3丁目,164,,26,,42,,121,,100,,453
1274,厚木市,厚木市旭町4丁目,82,,52,,244,,140,,214,,732
1275,厚木市,厚木市旭町5丁目,36,,158,,9,,277,,293,,773
1276,厚木市,厚木市栄町1丁目,299,,5,,96,,278,,194,,872
1277,厚木市,厚木市栄町2丁目,211,,43,,97,,78,,160,,589
1278,厚木市,厚木市王子1丁目,186,,31,,298,,71,,190,,776
1279,厚木市,厚木市王子2丁目,184,,38,,173,,228,,250,,873
1280,厚木市,厚木市王子3丁目,67,,240,,144,,202,,294,,947
1281,厚木市,厚木市岡田1丁目,2,,234,,43,,270,,213,,762
1282,厚木市,厚木市岡田2丁目,38,,188,,65,,87,,184,,562
1283,厚木市,厚木市岡田3丁目,34,,277,,100,,153,,200,,764
1284,厚木市,厚木市岡田4丁目,272,,169,,240,,185,,92,,958
1285,厚木市,厚木市岡田5丁目,46,,247,,30,,254,,58,,635
1286,厚木市,厚木市恩名1丁目,33,,8,,61,,23,,126,,251
1287,厚木市,厚木市恩名2丁目,50,,21,,210,,27,,235,,543
1288,厚木市,厚木市恩名3丁目,1,,153,,30,,151,,213,,548
1289,厚木市,厚木市恩名4丁目,259,,160,,145,,260,,9,,833
1290,厚木市,厚木市恩名5丁目,263,,251,,160,,283,,133,,1090
1291,厚木市,厚木市温水西1丁目,231,,127,,49,,285,,20,,712
1292,厚木市,厚木市温水西2丁目,42,,47,,81,,21,,26,,217
1293,厚木市,厚木市下依知1丁目,55,,0,,205,,263,,1,,524
1294,厚木市,厚木市下依知2丁目,228,,271,,48,,130,,117,,794
1295,厚木市,厚木市下依知3丁目,251,,102,,195,,191,,72,,811
1296,厚木市,厚木市下荻野西下原,198,,56,,229,,132,,89,,704
1297,厚木市,厚木市下荻野西四谷,109,,293,,180,,24,,261,,867
1298,厚木市,厚木市及川1丁目,244,,176,,90,,138,,232,,880
1299,厚木市,厚木市及川2丁目,181,,128,,8,,152,,39,,508
1300,厚木市,厚木市宮の里1丁目,9,,22,,41,,201,,85,,358
1301,厚木市,厚木市宮の里2丁目,193,,0,,107,,246,,87,,633
1302,厚木市,厚木市宮の里3丁目,119,,144,,53,,135,,155,,606
1303,厚木市,厚木市宮の里4丁目,30,,248,,11,,158,,115,,562
1304,厚木市,厚木市戸室1丁目,31,,90,,106,,81,,165,,473
1305,厚木市,厚木市戸室2丁目,15,,16,,159,,264,,114,,568
1306,厚木市,厚木市戸室3丁目,226,,156,,267,,153,,269,,1071
1307,厚木市,厚木市戸室4丁目,19,,108,,278,,35,,277,,717
1308,厚木市,厚木市戸室5丁目,107,,251,,280,,164,,63,,865
1309,厚木市,厚木市妻田西1丁目,99,,246,,142,,264,,151,,902
1310,厚木市,厚木市妻田西2丁目,245,,94,,274,,94,,162,,869
1311,厚木市,厚木市妻田西3丁目,195,,194,,290,,299,,38,,1016
1312,厚木市,厚木市妻田東1丁目,126,,65,,205,,100,,34,,530
1313,厚木市,厚木市妻田東2丁目,95,,228,,10,,1,,285,,619
1314,厚木市,厚木市妻田東3丁目,97,,243,,234,,60,,18,,652
1315,厚木市,厚木市妻田南1丁目,64,,115,,239,,169,,101,,688
1316,厚木市,厚木市妻田南2丁目,258,,183,,34,,254,,137,,866
1317,厚木市,厚木市妻田北1丁目,240,,172,,227,,263,,100,,1002
1318,厚木市,厚木市妻田北2丁目,165,,180,,216,,238,,144,,943
1319,厚木市,厚木市妻田北3丁目,276,,122,,231,,23,,118,,770
1320,厚木市,厚木市妻田北4丁目,90,,250,,56,,20,,172,,588
1321,厚木市,厚木市三田南1丁目,202,,67,,292,,163,,70,,794
1322,厚木市,厚木市三田南2丁目,271,,130,,17,,114,,180,,712
1323,厚木市,厚木市三田南3丁目,100,,242,,258,,248,,59,,907
1324,厚木市,厚木市寿町1丁目,252,,166,,218,,117,,205,,958
1325,厚木市,厚木市寿町2丁目,101,,219,,187,,216,,56,,779
1326,厚木市,厚木市寿町3丁目,269,,251,,188,,21,,2,,731
1327,厚木市,厚木市松枝1丁目,129,,102,,208,,256,,277,,972
1328,厚木市,厚木市松枝2丁目,239,,124,,89,,279,,183,,914
1329,厚木市,厚木市森の里1丁目,235,,17,,136,,11,,174,,573
1330,厚木市,厚木市森の里2丁目,295,,290,,116,,212,,153,,1066
1331,厚木市,厚木市森の里3丁目,46,,176,,265,,127,,69,,683
1332,厚木市,厚木市森の里4丁目,240,,61,,23,,80,,194,,598
1333,厚木市,厚木市森の里5丁目,127,,16,,48,,256,,14,,461
1334,厚木市,厚木市水引1丁目,43,,98,,31,,144,,131,,447
1335,厚木市,厚木市水引2丁目,202,,258,,192,,34,,94,,780
1336,厚木市,厚木市中町1丁目,110,,253,,257,,87,,31,,738
1337,厚木市,厚木市中町2丁目,225,,298,,186,,116,,277,,1102
1338,厚木市,厚木市中町3丁目,20,,52,,233,,48,,97,,450
1339,厚木市,厚木市中町4丁目,208,,183,,236,,225,,180,,1032
1340,厚木市,厚木市鳶尾1丁目,55,,62,,10,,290,,88,,505
1341,厚木市,厚木市鳶尾2丁目,65,,165,,198,,70,,12,,510
1342,厚木市,厚木市鳶尾3丁目,72,,5,,94,,239,,75,,485
1343,厚木市,厚木市鳶尾4丁目,210,,81,,154,,204,,30,,679
1344,厚木市,厚木市鳶尾5丁目,129,,220,,62,,19,,7,,437
1345,厚木市,厚木市毛利台1丁目,64,,62,,296,,44,,183,,649
1346,厚木市,厚木市毛利台2丁目,122,,291,,289,,272,,92,,1066
1347,厚木市,厚木市毛利台3丁目,278,,189,,47,,206,,11,,731
1348,厚木市,厚木市緑ケ丘1丁目,199,,287,,193,,5,,22,,706
1349,厚木市,厚木市緑ケ丘2丁目,249,,248,,259,,221,,56,,1033
1350,厚木市,厚木市緑ケ丘3丁目,62,,61,,175,,41,,95,,434
1351,厚木市,厚木市緑ケ丘4丁目,219,,223,,258,,219,,282,,1201
1352,厚木市,厚木市緑ケ丘5丁目,1,,20,,253,,57,,145,,476
1353,厚木市,厚木市林1丁目,92,,282,,210,,83,,243,,910
1354,厚木市,厚木市林2丁目,32,,107,,80,,165,,104,,488
1355,厚木市,厚木市林3丁目,221,,14,,159,,20,,213,,627
1356,厚木市,厚木市林4丁目,161,,297,,20,,113,,254,,845
1357,厚木市,厚木市林5丁目,121,,190,,114,,4,,54,,483
1358,秦野市,秦野市ひばりケ丘,50,,12,,56,,223,,86,,427
1359,秦野市,秦野市羽根,118,,226,,235,,242,,89,,910
1360,秦野市,秦野市栄町,38,,98,,214,,66,,122,,538
1361,秦野市,秦野市横野,147,,54,,74,,148,,120,,543
1362,秦野市,秦野市下大槻,147,,160,,44,,85,,9,,445
1363,秦野市,秦野市下落合,278,,281,,144,,217,,113,,1033
1364,秦野市,秦野市河原町,52,,41,,41,,277,,298,,709
1365,秦野市,秦野市曲松,110,,160,,259,,73,,51,,653
1366,秦野市,秦野市元町,234,,289,,234,,20,,259,,1036
1367,秦野市,秦野市戸川,143,,178,,114,,130,,75,,640
1368,秦野市,秦野市幸町,23,,85,,187,,201,,175,,671
1369,秦野市,秦野市今川町,233,,187,,107,,234,,147,,908
1370,秦野市,秦野市今泉,208,,70,,263,,125,,241,,907
1371,秦野市,秦野市今泉台,53,,290,,300,,57,,150,,850
1372,秦野市,秦野市桜町,179,,253,,292,,239,,194,,1157
1373,秦野市,秦野市三屋,87,,280,,273,,91,,271,,1002
1374,秦野市,秦野市三廻部,111,,119,,0,,13,,248,,491
1375,秦野市,秦野市寺山,56,,212,,36,,145,,50,,499
1376,秦野市,秦野市室町,198,,282,,87,,259,,25,,851
1377,秦野市,秦野市若松町,288,,45,,52,,205,,7,,597
1378,秦野市,秦野市寿町,272,,289,,11,,90,,56,,718
1379,秦野市,秦野市渋沢,80,,47,,178,,103,,94,,502
1380,秦野市,秦野市渋沢上,174,,31,,143,,162,,43,,553
1381,秦野市,秦野市春日町,57,,280,,243,,63,,202,,845
1382,秦野市,秦野市小蓑毛,43,,123,,33,,120,,24,,343
1383,秦野市,秦野市松原町,120,,261,,280,,212,,134,,1007
1384,秦野市,秦野市沼代新町,19,,68,,1,,110,,103,,301
1385,秦野市,秦野市菖蒲,228,,147,,288,,137,,25,,825
1386,秦野市,秦野市上今川町,226,,232,,246,,204,,152,,1060
1387,秦野市,秦野市上大槻,285,,177,,22,,148,,16,,648
1388,秦野市,秦野市新町,285,,288,,196,,55,,25,,849
1389,秦野市,秦野市水神町,101,,225,,181,,0,,293,,800
1390,秦野市,秦野市清水町,54,,44,,208,,120,,33,,459
1391,秦野市,秦野市西大竹,117,,167,,288,,24,,189,,785
1392,秦野市,秦野市西田原,4,,151,,280,,112,,105,,652
1393,秦野市,秦野市千村,22,,264,,262,,66,,251,,865
1394,秦野市,秦野市曽屋,195,,194,,61,,270,,153,,873
1395,秦野市,秦野市大秦町,76,,150,,29,,217,,257,,729
1396,秦野市,秦野市丹沢寺山,256,,150,,17,,232,,183,,838
1397,秦野市,秦野市鶴巻,230,,197,,10,,88,,228,,753
1398,秦野市,秦野市鶴巻南,58,,64,,229,,132,,170,,653
1399,秦野市,秦野市鶴巻北,282,,281,,59,,280,,142,,1044
1400,秦野市,秦野市東田原,77,,283,,171,,156,,227,,914
1401,秦野市,秦野市栃窪,211,,249,,187,,182,,66,,895
1402,秦野市,秦野市南が丘,69,,211,,188,,173,,265,,906
1403,秦野市,秦野市南矢名,60,,132,,236,,161,,293,,882
1404,秦野市,秦野市入船町,81,,238,,247,,286,,247,,1099
1405,秦野市,秦野市萩が丘,41,,201,,113,,64,,215,,634
1406,秦野市,秦野市八沢,55,,100,,246,,77,,268,,746
1407,秦野市,秦野市尾尻,274,,118,,153,,267,,262,,1074
1408,秦野市,秦野市富士見町,187,,105,,246,,2,,261,,801
1409,秦野市,秦野市文京町,65,,112,,294,,199,,275,,945
1410,秦野市,秦野市平沢,35,,234,,194,,187,,173,,823
1411,秦野市,秦野市並木町,21,,110,,8,,16,,119,,274
1412,秦野市,秦野市菩提,300,,65,,27,,196,,133,,721
1413,秦野市,秦野市北矢名,193,,137,,76,,149,,300,,855
1414,秦野市,秦野市堀山下,144,,1,,209,,238,,72,,664
1415,秦野市,秦野市堀西,197,,155,,214,,64,,199,,829
1416,秦野市,秦野市堀川,47,,7,,217,,36,,243,,550
1417,秦野市,秦野市本町,281,,95,,154,,280,,23,,833
1418,秦野市,秦野市末広町,187,,16,,217,,225,,112,,757
1419,秦野市,秦野市蓑毛,238,,261,,105,,97,,292,,993
1420,秦野市,秦野市名古木,259,,32,,231,,295,,21,,838
1421,秦野市,秦野市弥生町,6,,59,,264,,258,,85,,672
1422,秦野市,秦野市柳川,244,,275,,73,,279,,16,,887
1423,秦野市,秦野市柳町,236,,266,,213,,17,,217,,949
1424,秦野市,秦野市落合,24,,189,,256,,107,,92,,668
1425,秦野市,秦野市立野台,22,,129,,1,,287,,272,,711
1426,秦野市,秦野市緑町,64,,249,,44,,248,,53,,658
1427,秦野市,秦野市鈴張町,42,,274,,125,,153,,177,,771
1428,秦野市,秦野市曲松1丁目,285,,202,,281,,238,,217,,1223
1429,秦野市,秦野市曲松2丁目,298,,106,,109,,2,,27,,542
1430,秦野市,秦野市今泉台1丁目,122,,102,,53,,191,,11,,479
1431,秦野市,秦野市今泉台2丁目,78,,55,,283,,176,,277,,869
1432,秦野市,秦野市今泉台3丁目,182,,88,,250,,258,,280,,1058
1433,秦野市,秦野市桜町1丁目,174,,185,,115,,204,,31,,709
1434,秦野市,秦野市桜町2丁目,232,,192,,206,,213,,271,,1114
1435,秦野市,秦野市渋沢1丁目,203,,226,,147,,10,,43,,629
1436,秦野市,秦野市渋沢2丁目,11,,179,,106,,189,,142,,627
1437,秦野市,秦野市渋沢3丁目,186,,174,,12,,260,,228,,860
1438,秦野市,秦野市渋沢上1丁目,82,,257,,194,,68,,135,,736
1439,秦野市,秦野市渋沢上2丁目,233,,127,,167,,55,,238,,820
1440,秦野市,秦野市千村1丁目,245,,102,,162,,263,,211,,983
1441,秦野市,秦野市千村2丁目,62,,130,,59,,139,,212,,602
1442,秦野市,秦野市千村3丁目,0,,61,,163,,143,,298,,665
1443,秦野市,秦野市千村4丁目,215,,295,,154,,271,,51,,986
1444,秦野市,秦野市千村5丁目,175,,253,,262,,297,,117,,1104
1445,秦野市,秦野市曽屋1丁目,113,,74,,266,,259,,151,,863
1446,秦野市,秦野市曽屋2丁目,27,,1,,107,,238,,283,,656
1447,秦野市,秦野市鶴巻南1丁目,273,,95,,18,,18,,300,,704
1448,秦野市,秦野市鶴巻南2丁目,43,,108,,288,,103,,120,,662
1449,秦野市,秦野市鶴巻南3丁目,256,,166,,266,,207,,259,,1154
1450,秦野市,秦野市鶴巻南4丁目,150,,11,,195,,33,,267,,656
1451,秦野市,秦野市鶴巻南5丁目,228,,237,,175,,234,,144,,1018
1452,秦野市,秦野市鶴巻北1丁目,262,,144,,215,,20,,21,,662
1453,秦野市,秦野市鶴巻北2丁目,296,,93,,162,,124,,135,,810
1454,秦野市,秦野市鶴巻北3丁目,138,,238,,89,,8,,96,,569
1455,秦野市,秦野市南が丘1丁目,157,,18,,130,,0,,293,,598
1456,秦野市,秦野市南が丘2丁目,70,,170,,212,,282,,8,,742
1457,秦野市,秦野市南が丘3丁目,64,,3,,126,,54,,173,,420
1458,秦野市,秦野市南が丘4丁目,116,,190,,121,,23,,12,,462
1459,秦野市,秦野市南が丘5丁目,33,,277,,299,,186,,63,,858
1460,秦野市,秦野市南矢名1丁目,89,,184,,265,,144,,144,,826
1461,秦野市,秦野市南矢名2丁目,85,,140,,158,,271,,177,,831
1462,秦野市,秦野市南矢名3丁目,115,,48,,115,,289,,296,,863
1463,秦野市,秦野市南矢名4丁目,103,,32,,271,,31,,91,,528
1464,秦野市,秦野市南矢名5丁目,24,,183,,211,,31,,63,,512
1465,秦野市,秦野市堀川稲荷森,73,,104,,29,,272,,141,,619
1466,秦野市,秦野市本町1丁目,142,,161,,112,,123,,77,,615
1467,秦野市,秦野市本町2丁目,205,,283,,38,,251,,2,,779
1468,秦野市,秦野市本町3丁目,229,,210,,67,,174,,269,,949
1469,秦野市,秦野市柳町1丁目,203,,257,,181,,230,,295,,1166
1470,秦野市,秦野市柳町2丁目,66,,238,,184,,105,,285,,878
1471,秦野市,秦野市立野台1丁目,233,,201,,256,,215,,216,,1121
1472,秦野市,秦野市立野台2丁目,258,,99,,171,,279,,153,,960
1473,秦野市,秦野市立野台3丁目,11,,295,,148,,200,,22,,676
1474,小田原市,小田原市井細田,102,,240,,182,,45,,130,,699
1475,小田原市,小田原市羽根尾,48,,225,,243,,99,,102,,717
1476,小田原市,小田原市栄町,216,,265,,263,,115,,50,,909
1477,小田原市,小田原市永塚,278,,227,,118,,172,,223,,1018
1478,小田原市,小田原市延清,162,,261,,157,,216,,191,,987
1479,小田原市,小田原市荻窪,99,,5,,187,,286,,238,,815
1480,小田原市,小田原市下新田,237,,27,,188,,269,,279,,1000
1481,小田原市,小田原市下大井,18,,124,,261,,245,,62,,710
1482,小田原市,小田原市下堀,265,,163,,145,,102,,10,,685
1483,小田原市,小田原市鴨宮,18,,146,,6,,275,,48,,493
1484,小田原市,小田原市栢山,112,,25,,37,,76,,185,,435
1485,小田原市,小田原市鬼柳,108,,6,,215,,40,,180,,549
1486,小田原市,小田原市久野,166,,215,,4,,108,,278,,771
1487,小田原市,小田原市桑原,60,,259,,38,,136,,199,,692
1488,小田原市,小田原市穴部,275,,197,,199,,258,,37,,966
1489,小田原市,小田原市穴部新田,269,,37,,179,,36,,131,,652
1490,小田原市,小田原市江之浦,39,,204,,107,,256,,261,,867
1491,小田原市,小田原市高田,107,,72,,3,,273,,112,,567
1492,小田原市,小田原市国府津,299,,292,,271,,234,,56,,1152
1493,小田原市,小田原市根府川,229,,59,,89,,8,,7,,392
1494,小田原市,小田原市山西,23,,122,,263,,212,,25,,645
1495,小田原市,小田原市酒匂,281,,89,,164,,98,,131,,763
1496,小田原市,小田原市寿町,218,,248,,239,,232,,4,,941
1497,小田原市,小田原市十,264,,69,,105,,104,,220,,762
1498,小田原市,小田原市小船,121,,295,,105,,231,,281,,1033
1499,小田原市,小田原市小台,197,,69,,49,,276,,252,,843
1500,小田原市,小田原市小竹,126,,32,,132,,176,,249,,715
1501,小田原市,小田原市小八幡,130,,171,,209,,43,,82,,635
1502,小田原市,小田原市沼代,67,,209,,168,,271,,177,,892
1503,小田原市,小田原市上新田,64,,55,,159,,111,,16,,405
1504,小田原市,小田原市上曽我,271,,70,,32,,9,,264,,646
1505,小田原市,小田原市上町,103,,84,,36,,60,,228,,511
1506,小田原市,小田原市城山,42,,28,,23,,47,,143,,283
1507,小田原市,小田原市城内,53,,107,,73,,44,,272,,549
1508,小田原市,小田原市新屋,52,,245,,252,,286,,24,,859
1509,小田原市,小田原市水之尾,95,,180,,218,,15,,248,,756
1510,小田原市,小田原市成田,77,,299,,15,,168,,291,,850
1511,小田原市,小田原市清水新田,33,,284,,210,,12,,226,,765
1512,小田原市,小田原市西酒匂,206,,4,,270,,135,,35,,650
1513,小田原市,小田原市西大友,99,,233,,97,,206,,128,,763
1514,小田原市,小田原市石橋,283,,43,,45,,107,,151,,629
1515,小田原市,小田原市千代,293,,92,,259,,210,,194,,1048
1516,小田原市,小田原市扇町,236,,194,,167,,148,,125,,870
1517,小田原市,小田原市前川,31,,145,,195,,104,,7,,482
1518,小田原市,小田原市曽我岸,85,,49,,257,,283,,43,,717
1519,小田原市,小田原市曽我原,133,,12,,100,,252,,147,,644
1520,小田原市,小田原市曽我光海,190,,89,,214,,70,,75,,638
1521,小田原市,小田原市曽我大沢,287,,75,,167,,300,,190,,1019
1522,小田原市,小田原市曽我谷津,202,,4,,222,,51,,116,,595
1523,小田原市,小田原市曽我別所,35,,174,,68,,213,,100,,590
1524,小田原市,小田原市曽比,63,,128,,12,,88,,241,,532
1525,小田原市,小田原市早川,213,,239,,276,,85,,298,,1111
1526,小田原市,小田原市多古,229,,97,,134,,22,,294,,776
1527,小田原市,小田原市谷津,20,,222,,163,,282,,262,,949
1528,小田原市,小田原市池上,226,,201,,143,,139,,253,,962
1529,小田原市,小田原市中新田,246,,9,,230,,165,,114,,764
1530,小田原市,小田原市中曽根,196,,161,,171,,184,,89,,801
1531,小田原市,小田原市中村原,255,,44,,171,,98,,248,,816
1532,小田原市,小田原市中町,148,,86,,19,,70,,152,,475
1533,小田原市,小田原市中里,162,,132,,90,,90,,1,,475
1534,小田原市,小田原市田島,297,,9,,230,,165,,271,,972
1535,小田原市,小田原市東ケ丘,55,,263,,103,,96,,146,,663
1536,小田原市,小田原市東大友,76,,39,,134,,290,,121,,660
1537,小田原市,小田原市東町,45,,3,,263,,216,,183,,710
1538,小田原市,小田原市南鴨宮,92,,15,,24,,6,,187,,324
1539,小田原市,小田原市南町,267,,183,,248,,247,,252,,1197
1540,小田原市,小田原市南板橋,8,,50,,140,,115,,49,,362
1541,小田原市,小田原市入生田,141,,120,,174,,87,,300,,822
1542,小田原市,小田原市板橋,0,,136,,155,,15,,268,,574
1543,小田原市,小田原市飯泉,6,,214,,118,,228,,215,,781
1544,小田原市,小田原市飯田岡,147,,40,,225,,176,,149,,737
1545,小田原市,小田原市浜町,171,,12,,51,,122,,149,,505
1546,小田原市,小田原市府川,229,,52,,203,,230,,178,,892
1547,小田原市,小田原市風祭,121,,15,,125,,108,,116,,485
1548,小田原市,小田原市米神,12,,200,,94,,225,,165,,696
1549,小田原市,小田原市別堀,135,,293,,68,,217,,256,,969
1550,小田原市,小田原市北ノ窪,190,,130,,122,,237,,61,,740
1551,小田原市,小田原市堀之内,148,,35,,102,,98,,108,,491
1552,小田原市,小田原市本町,218,,224,,224,,63,,173,,902
1553,小田原市,小田原市矢作,192,,231,,280,,165,,16,,884
1554,小田原市,小田原市柳新田,91,,207,,75,,251,,230,,854
1555,小田原市,小田原市緑,98,,286,,65,,74,,232,,755
1556,小田原市,小田原市蓮正寺,66,,83,,233,,211,,195,,788
1557,小田原市,小田原市栄町1丁目,28,,153,,218,,279,,180,,858
1558,小田原市,小田原市栄町2丁目,179,,165,,178,,123,,157,,802
1559,小田原市,小田原市栄町3丁目,209,,200,,6,,110,,216,,741
1560,小田原市,小田原市栄町4丁目,260,,11,,158,,21,,87,,537
1561,小田原市,小田原市鴨宮宝町,180,,16,,43,,33,,68,,340
1562,小田原市,小田原市高田柳町,200,,264,,135,,299,,37,,935
1563,小田原市,小田原市国府津1丁目,5,,269,,28,,187,,280,,769
1564,小田原市,小田原市国府津2丁目,168,,101,,50,,271,,287,,877
1565,小田原市,小田原市国府津3丁目,223,,250,,129,,61,,234,,897
1566,小田原市,小田原市国府津4丁目,247,,175,,275,,37,,159,,893
1567,小田原市,小田原市国府津5丁目,88,,113,,293,,8,,274,,776
1568,小田原市,小田原市酒匂1丁目,85,,66,,53,,66,,75,,345
1569,小田原市,小田原市酒匂2丁目,298,,89,,97,,68,,270,,822
1570,小田原市,小田原市酒匂3丁目,159,,227,,106,,105,,269,,866
1571,小田原市,小田原市酒匂4丁目,149,,263,,172,,296,,11,,891
1572,小田原市,小田原市酒匂5丁目,250,,67,,276,,158,,12,,763
1573,小田原市,小田原市酒匂6丁目,255,,252,,44,,158,,147,,856
1574,小田原市,小田原市酒匂7丁目,157,,293,,224,,1,,15,,690
1575,小田原市,小田原市寿町1丁目,58,,54,,294,,254,,182,,842
1576,小田原市,小田原市寿町2丁目,108,,44,,224,,40,,164,,580
1577,小田原市,小田原市寿町3丁目,6,,69,,210,,156,,132,,573
1578,小田原市,小田原市寿町4丁目,240,,1,,147,,149,,111,,648
1579,小田原市,小田原市寿町5丁目,208,,143,,154,,292,,197,,994
1580,小田原市,小田原市十4丁目,99,,206,,157,,38,,262,,762
1581,小田原市,小田原市小八幡1丁目,187,,4,,246,,300,,279,,1016
1582,小田原市,小田原市小八幡2丁目,181,,64,,152,,238,,62,,697
1583,小田原市,小田原市小八幡3丁目,22,,115,,185,,293,,132,,747
1584,小田原市,小田原市小八幡4丁目,112,,57,,283,,262,,145,,859
1585,小田原市,小田原市城山1丁目,257,,36,,96,,235,,224,,848
1586,小田原市,小田原市城山2丁目,124,,171,,127,,174,,100,,696
1587,小田原市,小田原市城山3丁目,142,,73,,257,,78,,258,,808
1588,小田原市,小田原市城山4丁目,216,,87,,198,,139,,128,,768
1589,小田原市,小田原市西酒匂1丁目,102,,237,,3,,118,,138,,598
1590,小田原市,小田原市西酒匂2丁目,125,,65,,50,,194,,90,,524
1591,小田原市,小田原市西酒匂3丁目,192,,189,,20,,298,,230,,929
1592,小田原市,小田原市扇町1丁目,255,,188,,20,,78,,98,,639
1593,小田原市,小田原市扇町2丁目,81,,115,,263,,152,,272,,883
1594,小田原市,小田原市扇町3丁目,250,,58,,100,,277,,262,,947
1595,小田原市,小田原市扇町4丁目,112,,291,,246,,179,,17,,845
1596,小田原市,小田原市扇町5丁目,47,,112,,5,,3,,159,,326
1597,小田原市,小田原市扇町6丁目,221,,5,,18,,106,,142,,492
1598,小田原市,小田原市早川1丁目,13,,41,,96,,188,,100,,438
1599,小田原市,小田原市早川2丁目,195,,62,,184,,142,,173,,756
1600,小田原市,小田原市早川3丁目,166,,2,,213,,4,,1,,386
1601,小田原市,小田原市中町1丁目,83,,0,,72,,296,,264,,715
1602,小田原市,小田原市中町2丁目,137,,112,,80,,33,,201,,563
1603,小田原市,小田原市中町3丁目,95,,226,,42,,66,,158,,587
1604,小田原市,小田原市東町1丁目,14,,1,,182,,52,,9,,258
1605,小田原市,小田原市東町2丁目,104,,297,,28,,41,,176,,646
1606,小田原市,小田原市東町3丁目,157,,54,,180,,268,,120,,779
1607,小田原市,小田原市東町4丁目,49,,205,,165,,202,,200,,821
1608,小田原市,小田原市東町5丁目,199,,62,,33,,231,,27,,552
1609,小田原市,小田原市南鴨宮1丁目,204,,103,,17,,285,,279,,888
1610,小田原市,小田原市南鴨宮2丁目,179,,165,,1,,191,,23,,559
1611,小田原市,小田原市南鴨宮3丁目,214,,9,,55,,85,,246,,609
1612,小田原市,小田原市南町1丁目,21,,247,,143,,75,,209,,695
1613,小田原市,小田原市南町2丁目,241,,228,,92,,287,,294,,1142
1614,小田原市,小田原市南町3丁目,216,,111,,167,,265,,99,,858
1615,小田原市,小田原市南町4丁目,145,,57,,157,,19,,127,,505
1616,小田原市,小田原市南板橋2丁目,260,,16,,106,,120,,155,,657
1617,小田原市,小田原市飯泉下河原,202,,70,,261,,295,,185,,1013
1618,小田原市,小田原市飯泉丹花前,227,,129,,231,,147,,166,,900
1619,小田原市,小田原市飯泉田中前,226,,0,,11,,280,,172,,689
1620,小田原市,小田原市浜町1丁目,106,,240,,61,,221,,127,,755
1621,小田原市,小田原市浜町2丁目,109,,218,,41,,92,,264,,724
1622,小田原市,小田原市浜町3丁目,248,,93,,87,,0,,108,,536
1623,小田原市,小田原市浜町4丁目,216,,254,,149,,169,,251,,1039
1624,小田原市,小田原市本町1丁目,117,,237,,223,,54,,237,,868
1625,小田原市,小田原市本町2丁目,284,,102,,175,,45,,179,,785
1626,小田原市,小田原市本町3丁目,103,,247,,47,,103,,70,,570
1627,小田原市,小田原市本町4丁目,233,,7,,284,,68,,122,,714
1628,小田原市,小田原市緑4丁目,270,,65,,169,,163,,218,,885
1629,南足柄市,南足柄市雨坪,72,,208,,93,,264,,152,,789
1630,南足柄市,南足柄市苅野,177,,119,,115,,152,,202,,765
1631,南足柄市,南足柄市関本,23,,52,,232,,196,,155,,658
1632,南足柄市,南足柄市岩原,61,,219,,292,,179,,217,,968
1633,南足柄市,南足柄市駒形新宿,274,,82,,104,,186,,175,,821
1634,南足柄市,南足柄市向田,26,,112,,18,,56,,237,,449
1635,南足柄市,南足柄市広町,6,,0,,197,,25,,268,,496
1636,南足柄市,南足柄市弘西寺,214,,146,,56,,48,,158,,622
1637,南足柄市,南足柄市三竹,137,,264,,249,,250,,294,,1194
1638,南足柄市,南足柄市狩野,248,,20,,300,,201,,24,,793
1639,南足柄市,南足柄市小市,49,,141,,267,,235,,281,,973
1640,南足柄市,南足柄市沼田,276,,275,,3,,258,,281,,1093
1641,南足柄市,南足柄市生駒,295,,290,,18,,56,,47,,706
1642,南足柄市,南足柄市千津島,228,,13,,127,,166,,238,,772
1643,南足柄市,南足柄市大雄町,52,,258,,165,,244,,249,,968
1644,南足柄市,南足柄市竹松,48,,168,,57,,265,,214,,752
1645,南足柄市,南足柄市中沼,99,,188,,120,,196,,299,,902
1646,南足柄市,南足柄市塚原,240,,297,,43,,122,,78,,780
1647,南足柄市,南足柄市怒田,284,,139,,76,,224,,29,,752
1648,南足柄市,南足柄市内山,35,,172,,239,,144,,176,,766
1649,南足柄市,南足柄市班目,14,,51,,30,,291,,101,,487
1650,南足柄市,南足柄市飯沢,299,,84,,40,,209,,67,,699
1651,南足柄市,南足柄市福泉,134,,151,,195,,2,,86,,568
1652,南足柄市,南足柄市矢倉沢,157,,10,,9,,178,,7,,361
1653,南足柄市,南足柄市和田河原,249,,223,,275,,241,,97,,1085
1654,南足柄市,南足柄市壗下,146,,81,,152,,282,,68,,729
1655,伊勢原市,伊勢原市粟窪,62,,236,,255,,264,,110,,927
1656,伊勢原市,伊勢原市伊勢原,47,,206,,39,,132,,50,,474
1657,伊勢原市,伊勢原市岡崎,185,,66,,3,,218,,11,,483
1658,伊勢原市,伊勢原市下糟屋,84,,45,,119,,117,,269,,634
1659,伊勢原市,伊勢原市下谷,52,,298,,247,,272,,36,,905
1660,伊勢原市,伊勢原市下平間,249,,80,,32,,230,,67,,658
1661,伊勢原市,伊勢原市下落合,102,,217,,261,,263,,110,,953
1662,伊勢原市,伊勢原市歌川,268,,48,,99,,50,,295,,760
1663,伊勢原市,伊勢原市笠窪,182,,8,,111,,99,,63,,463
1664,伊勢原市,伊勢原市串橋,186,,18,,127,,226,,87,,644
1665,伊勢原市,伊勢原市見附島,49,,99,,74,,158,,264,,644
1666,伊勢原市,伊勢原市高森,133,,287,,104,,54,,268,,846
1667,伊勢原市,伊勢原市高森台,47,,223,,248,,113,,296,,927
1668,伊勢原市,伊勢原市桜台,108,,21,,254,,195,,175,,753
1669,伊勢原市,伊勢原市三ノ宮,197,,96,,289,,12,,103,,697
1670,伊勢原市,伊勢原市子易,250,,226,,63,,258,,168,,965
1671,伊勢原市,伊勢原市小稲葉,195,,129,,185,,215,,294,,1018
1672,伊勢原市,伊勢原市沼目,7,,173,,32,,166,,229,,607
1673,伊勢原市,伊勢原市上谷,219,,31,,56,,225,,290,,821
1674,伊勢原市,伊勢原市上粕屋,54,,17,,239,,77,,99,,486
1675,伊勢原市,伊勢原市上平間,59,,6,,5,,53,,298,,421
1676,伊勢原市,伊勢原市神戸,132,,232,,76,,241,,48,,729
1677,伊勢原市,伊勢原市西富岡,55,,56,,59,,268,,272,,710
1678,伊勢原市,伊勢原市石田,279,,206,,261,,232,,266,,1244
1679,伊勢原市,伊勢原市善波,64,,147,,7,,267,,33,,518
1680,伊勢原市,伊勢原市大山,134,,176,,278,,289,,133,,1010
1681,伊勢原市,伊勢原市大住台,253,,18,,4,,185,,165,,625
1682,伊勢原市,伊勢原市池端,145,,283,,102,,84,,292,,906
1683,伊勢原市,伊勢原市坪ノ内,166,,15,,244,,67,,171,,663
1684,伊勢原市,伊勢原市田中,132,,223,,79,,130,,129,,693
1685,伊勢原市,伊勢原市東成瀬,206,,165,,63,,9,,43,,486
1686,伊勢原市,伊勢原市東大竹,211,,265,,59,,110,,42,,687
1687,伊勢原市,伊勢原市東富岡,137,,299,,200,,217,,89,,942
1688,伊勢原市,伊勢原市日向,38,,195,,127,,95,,188,,643
1689,伊勢原市,伊勢原市白根,59,,83,,60,,226,,228,,656
1690,伊勢原市,伊勢原市八幡台,289,,222,,78,,256,,176,,1021
1691,伊勢原市,伊勢原市板戸,94,,134,,75,,267,,52,,622
1692,伊勢原市,伊勢原市鈴川,10,,207,,86,,74,,54,,431
1693,伊勢原市,伊勢原市伊勢原1丁目,22,,48,,208,,11,,115,,404
1694,伊勢原市,伊勢原市伊勢原2丁目,2,,223,,49,,224,,174,,672
1695,伊勢原市,伊勢原市伊勢原3丁目,56,,102,,12,,6,,149,,325
1696,伊勢原市,伊勢原市伊勢原4丁目,90,,12,,82,,183,,296,,663
1697,伊勢原市,伊勢原市歌川1丁目,235,,148,,199,,146,,237,,965
1698,伊勢原市,伊勢原市歌川2丁目,141,,229,,262,,135,,5,,772
1699,伊勢原市,伊勢原市歌川3丁目,271,,258,,90,,201,,261,,1081
1700,伊勢原市,伊勢原市高森1丁目,58,,89,,239,,211,,237,,834
1701,伊勢原市,伊勢原市高森2丁目,19,,293,,26,,181,,57,,576
1702,伊勢原市,伊勢原市高森3丁目,58,,133,,117,,263,,296,,867
1703,伊勢原市,伊勢原市高森4丁目,33,,15,,168,,11,,261,,488
1704,伊勢原市,伊勢原市高森5丁目,208,,211,,105,,40,,81,,645
1705,伊勢原市,伊勢原市高森6丁目,84,,91,,262,,260,,60,,757
1706,伊勢原市,伊勢原市高森7丁目,152,,226,,102,,2,,119,,601
1707,伊勢原市,伊勢原市高森台1丁目,41,,4,,203,,210,,293,,751
1708,伊勢原市,伊勢原市高森台2丁目,137,,1,,268,,280,,76,,762
1709,伊勢原市,伊勢原市高森台3丁目,203,,88,,295,,289,,134,,1009
1710,伊勢原市,伊勢原市桜台1丁目,218,,43,,134,,101,,68,,564
1711,伊勢原市,伊勢原市桜台2丁目,133,,278,,159,,63,,9,,642
1712,伊勢原市,伊勢原市桜台3丁目,170,,187,,190,,226,,104,,877
1713,伊勢原市,伊勢原市桜台4丁目,10,,76,,125,,179,,86,,476
1714,伊勢原市,伊勢原市桜台5丁目,89,,263,,16,,136,,289,,793
1715,伊勢原市,伊勢原市小稲葉田中,203,,163,,104,,280,,82,,832
1716,伊勢原市,伊勢原市沼目1丁目,124,,1,,47,,208,,193,,573
1717,伊勢原市,伊勢原市沼目2丁目,283,,103,,248,,296,,155,,1085
1718,伊勢原市,伊勢原市沼目3丁目,65,,103,,67,,31,,172,,438
1719,伊勢原市,伊勢原市沼目4丁目,252,,61,,293,,9,,41,,656
1720,伊勢原市,伊勢原市沼目5丁目,54,,242,,103,,74,,75,,548
1721,伊勢原市,伊勢原市沼目6丁目,253,,283,,258,,124,,174,,1092
1722,伊勢原市,伊勢原市沼目7丁目,161,,221,,35,,276,,106,,799
1723,伊勢原市,伊勢原市大住台1丁目,204,,70,,7,,0,,148,,429
1724,伊勢原市,伊勢原市大住台2丁目,152,,240,,77,,34,,236,,739
1725,伊勢原市,伊勢原市大住台3丁目,81,,152,,273,,147,,226,,879
1726,伊勢原市,伊勢原市東大竹1丁目,0,,196,,270,,33,,223,,722
1727,伊勢原市,伊勢原市東大竹2丁目,205,,202,,212,,69,,220,,908
1728,伊勢原市,伊勢原市八幡台1丁目,1,,78,,295,,197,,91,,662
1729,伊勢原市,伊勢原市八幡台2丁目,109,,148,,265,,172,,6,,700
1730,大和市,大和市つきみ野,56,,255,,153,,124,,132,,720
1731,大和市,大和市下草柳,17,,209,,76,,22,,4,,328
1732,大和市,大和市下鶴間,156,,247,,19,,32,,112,,566
1733,大和市,大和市下和田,99,,203,,223,,197,,278,,1000
1734,大和市,大和市桜森,229,,206,,103,,184,,249,,971
1735,大和市,大和市渋谷,28,,190,,121,,204,,121,,664
1736,大和市,大和市上草柳,49,,228,,10,,183,,170,,640
1737,大和市,大和市上和田,291,,0,,5,,131,,101,,528
1738,大和市,大和市深見,254,,122,,1,,52,,4,,433
1739,大和市,大和市深見西,196,,149,,287,,64,,19,,715
1740,大和市,大和市深見台,127,,3,,92,,217,,258,,697
1741,大和市,大和市深見東,127,,139,,83,,179,,102,,630
1742,大和市,大和市西鶴間,256,,277,,16,,168,,190,,907
1743,大和市,大和市草柳,76,,26,,190,,194,,187,,673
1744,大和市,大和市代官,266,,63,,185,,298,,17,,829
1745,大和市,大和市大和東,72,,220,,150,,120,,194,,756
1746,大和市,大和市大和南,152,,81,,276,,295,,259,,1063
1747,大和市,大和市中央,45,,76,,151,,5,,256,,533
1748,大和市,大和市中央林間,122,,107,,1,,231,,215,,676
1749,大和市,大和市中央林間西,207,,72,,181,,152,,203,,815
1750,大和市,大和市鶴間,85,,200,,256,,171,,290,,1002
1751,大和市,大和市南林間,271,,195,,22,,105,,102,,695
1752,大和市,大和市福田,272,,287,,97,,157,,171,,984
1753,大和市,大和市柳橋,145,,88,,8,,186,,105,,532
1754,大和市,大和市林間,247,,150,,58,,50,,28,,533
1755,大和市,大和市つきみ野1丁目,207,,99,,211,,186,,106,,809
1756,大和市,大和市つきみ野2丁目,73,,221,,46,,161,,16,,517
1757,大和市,大和市つきみ野3丁目,191,,63,,4,,269,,243,,770
1758,大和市,大和市つきみ野4丁目,167,,151,,3,,45,,0,,366
1759,大和市,大和市つきみ野5丁目,23,,293,,122,,291,,68,,797
1760,大和市,大和市つきみ野6丁目,44,,94,,292,,11,,15,,456
1761,大和市,大和市つきみ野7丁目,292,,300,,141,,77,,239,,1049
1762,大和市,大和市つきみ野8丁目,32,,261,,152,,29,,234,,708
1763,大和市,大和市下鶴間1丁目,104,,299,,77,,85,,223,,788
1764,大和市,大和市下鶴間2丁目,121,,190,,147,,127,,174,,759
1765,大和市,大和市桜森1丁目,240,,1,,200,,248,,64,,753
1766,大和市,大和市桜森2丁目,232,,255,,173,,77,,228,,965
1767,大和市,大和市桜森3丁目,150,,224,,166,,138,,176,,854
1768,大和市,大和市渋谷1丁目,46,,48,,25,,167,,241,,527
1769,大和市,大和市渋谷2丁目,237,,33,,234,,64,,103,,671
1770,大和市,大和市渋谷3丁目,226,,56,,84,,103,,47,,516
1771,大和市,大和市渋谷4丁目,8,,86,,169,,53,,203,,519
1772,大和市,大和市渋谷5丁目,142,,162,,76,,228,,119,,727
1773,大和市,大和市渋谷6丁目,165,,157,,50,,67,,203,,642
1774,大和市,大和市渋谷7丁目,222,,146,,274,,115,,65,,822
1775,大和市,大和市渋谷8丁目,37,,139,,92,,284,,116,,668
1776,大和市,大和市上草柳1丁目,298,,127,,85,,136,,1,,647
1777,大和市,大和市上草柳2丁目,133,,238,,209,,176,,220,,976
1778,大和市,大和市上草柳3丁目,219,,109,,274,,255,,19,,876
1779,大和市,大和市上草柳4丁目,131,,278,,284,,11,,276,,980
1780,大和市,大和市上草柳5丁目,248,,32,,80,,63,,66,,489
1781,大和市,大和市上草柳6丁目,111,,297,,243,,180,,108,,939
1782,大和市,大和市上草柳7丁目,293,,77,,268,,225,,221,,1084
1783,大和市,大和市上草柳8丁目,237,,198,,158,,147,,270,,1010
1784,大和市,大和市上草柳9丁目,208,,211,,279,,82,,101,,881
1785,大和市,大和市深見西1丁目,197,,242,,296,,100,,282,,1117
1786,大和市,大和市深見西2丁目,123,,150,,155,,237,,104,,769
1787,大和市,大和市深見西3丁目,40,,287,,202,,260,,300,,1089
1788,大和市,大和市深見西4丁目,190,,107,,242,,148,,262,,949
1789,大和市,大和市深見西5丁目,26,,130,,94,,241,,167,,658
1790,大和市,大和市深見西6丁目,257,,60,,57,,83,,218,,675
1791,大和市,大和市深見西7丁目,294,,67,,108,,139,,265,,873
1792,大和市,大和市深見西8丁目,134,,142,,192,,19,,199,,686
1793,大和市,大和市深見台1丁目,2,,119,,72,,246,,270,,709
1794,大和市,大和市深見台2丁目,268,,160,,298,,280,,99,,1105
1795,大和市,大和市深見台3丁目,264,,16,,112,,249,,278,,919
1796,大和市,大和市深見台4丁目,183,,156,,2,,89,,74,,504
1797,大和市,大和市深見東1丁目,270,,30,,90,,189,,166,,745
1798,大和市,大和市深見東2丁目,84,,255,,169,,115,,227,,850
1799,大和市,大和市深見東3丁目,36,,283,,86,,274,,108,,787
1800,大和市,大和市西鶴間1丁目,19,,164,,184,,64,,23,,454
1801,大和市,大和市西鶴間2丁目,99,,272,,175,,78,,242,,866
1802,大和市,大和市西鶴間3丁目,132,,47,,80,,206,,202,,667
1803,大和市,大和市西鶴間4丁目,224,,182,,190,,300,,35,,931
1804,大和市,大和市西鶴間5丁目,40,,106,,259,,197,,15,,617
1805,大和市,大和市西鶴間6丁目,48,,142,,251,,127,,167,,735
1806,大和市,大和市西鶴間7丁目,182,,160,,44,,262,,164,,812
1807,大和市,大和市西鶴間8丁目,289,,149,,256,,172,,109,,975
1808,大和市,大和市草柳1丁目,132,,215,,249,,58,,233,,887
1809,大和市,大和市草柳2丁目,298,,285,,227,,91,,250,,1151
1810,大和市,大和市草柳3丁目,267,,5,,0,,58,,50,,380
1811,大和市,大和市代官1丁目,225,,10,,290,,188,,26,,739
1812,大和市,大和市代官2丁目,173,,288,,293,,48,,298,,1100
1813,大和市,大和市代官3丁目,92,,269,,220,,289,,162,,1032
1814,大和市,大和市代官4丁目,227,,239,,36,,116,,158,,776
1815,大和市,大和市大和東1丁目,268,,152,,124,,139,,57,,740
1816,大和市,大和市大和東2丁目,19,,247,,156,,207,,160,,789
1817,大和市,大和市大和東3丁目,165,,94,,112,,42,,145,,558
1818,大和市,大和市大和南1丁目,3,,137,,25,,25,,92,,282
1819,大和市,大和市大和南2丁目,268,,288,,127,,22,,163,,868
1820,大和市,大和市中央1丁目,7,,121,,202,,230,,92,,652
1821,大和市,大和市中央2丁目,103,,18,,172,,77,,130,,500
1822,大和市,大和市中央3丁目,216,,105,,82,,55,,274,,732
1823,大和市,大和市中央4丁目,96,,99,,88,,53,,36,,372
1824,大和市,大和市中央5丁目,240,,189,,173,,5,,237,,844
1825,大和市,大和市中央6丁目,99,,260,,137,,287,,292,,1075
1826,大和市,大和市中央7丁目,73,,95,,218,,240,,199,,825
1827,大和市,大和市中央林間1丁目,280,,54,,151,,181,,279,,945
1828,大和市,大和市中央林間2丁目,227,,238,,46,,12,,211,,734
1829,大和市,大和市中央林間3丁目,238,,226,,155,,42,,34,,695
1830,大和市,大和市中央林間4丁目,257,,45,,88,,82,,150,,622
1831,大和市,大和市中央林間5丁目,132,,217,,38,,99,,174,,660
1832,大和市,大和市中央林間6丁目,129,,72,,217,,251,,172,,841
1833,大和市,大和市中央林間7丁目,285,,25,,122,,194,,86,,712
1834,大和市,大和市中央林間8丁目,78,,163,,295,,169,,130,,835
1835,大和市,大和市中央林間9丁目,93,,174,,44,,186,,175,,672
1836,大和市,大和市中央林間西1丁目,18,,157,,218,,52,,45,,490
1837,大和市,大和市中央林間西2丁目,15,,191,,111,,201,,3,,521
1838,大和市,大和市中央林間西3丁目,213,,152,,263,,36,,173,,837
1839,大和市,大和市中央林間西4丁目,294,,181,,94,,242,,47,,858
1840,大和市,大和市中央林間西5丁目,228,,292,,181,,142,,237,,1080
1841,大和市,大和市中央林間西6丁目,253,,26,,21,,10,,252,,562
1842,大和市,大和市中央林間西7丁目,79,,167,,298,,140,,205,,889
1843,大和市,大和市鶴間1丁目,282,,113,,294,,42,,8,,739
1844,大和市,大和市鶴間2丁目,106,,248,,108,,14,,34,,510
1845,大和市,大和市南林間1丁目,144,,12,,172,,232,,106,,666
1846,大和市,大和市南林間2丁目,85,,101,,281,,134,,213,,814
1847,大和市,大和市南林間3丁目,235,,143,,258,,204,,31,,871
1848,大和市,大和市南林間4丁目,75,,271,,55,,144,,191,,736
1849,大和市,大和市南林間5丁目,91,,70,,188,,20,,265,,634
1850,大和市,大和市南林間6丁目,11,,220,,97,,58,,36,,422
1851,大和市,大和市南林間7丁目,257,,125,,27,,154,,27,,590
1852,大和市,大和市南林間8丁目,190,,273,,17,,55,,40,,575
1853,大和市,大和市南林間9丁目,227,,285,,294,,197,,104,,1107
1854,大和市,大和市福田1丁目,291,,285,,146,,267,,82,,1071
1855,大和市,大和市福田2丁目,107,,85,,2,,13,,19,,226
1856,大和市,大和市福田3丁目,129,,148,,15,,52,,35,,379
1857,大和市,大和市福田4丁目,184,,188,,91,,206,,26,,695
1858,大和市,大和市福田5丁目,25,,125,,30,,100,,141,,421
1859,大和市,大和市福田6丁目,290,,107,,299,,194,,244,,1134
1860,大和市,大和市福田7丁目,227,,79,,248,,129,,255,,938
1861,大和市,大和市福田8丁目,85,,207,,184,,272,,249,,997
1862,大和市,大和市柳橋1丁目,155,,298,,12,,152,,298,,915
1863,大和市,大和市柳橋2丁目,197,,225,,145,,26,,70,,663
1864,大和市,大和市柳橋3丁目,188,,13,,160,,81,,282,,724
1865,大和市,大和市柳橋4丁目,61,,46,,87,,112,,287,,593
1866,大和市,大和市柳橋5丁目,122,,75,,277,,117,,223,,814
1867,大和市,大和市林間1丁目,92,,288,,178,,108,,129,,795
1868,大和市,大和市林間2丁目,12,,287,,68,,179,,263,,809
1869,逗子市,逗子市久木,198,,12,,253,,90,,44,,597
1870,逗子市,逗子市桜山,253,,127,,166,,113,,255,,914
1871,逗子市,逗子市山の根,233,,135,,61,,30,,72,,531
1872,逗子市,逗子市小坪,219,,248,,221,,270,,80,,1038
1873,逗子市,逗子市沼間,12,,274,,88,,184,,285,,843
1874,逗子市,逗子市新宿,231,,253,,203,,262,,0,,949
1875,逗子市,逗子市逗子,186,,259,,71,,169,,241,,926
1876,逗子市,逗子市池子,59,,287,,226,,153,,47,,772
1877,逗子市,逗子市久木1丁目,165,,215,,165,,221,,106,,872
1878,逗子市,逗子市久木2丁目,146,,200,,75,,246,,40,,707
1879,逗子市,逗子市久木3丁目,111,,64,,233,,106,,109,,623
1880,逗子市,逗子市久木4丁目,4,,57,,276,,181,,40,,558
1881,逗子市,逗子市久木5丁目,171,,17,,180,,199,,161,,728
1882,逗子市,逗子市久木6丁目,138,,294,,229,,23,,125,,809
1883,逗子市,逗子市久木7丁目,42,,155,,74,,99,,35,,405
1884,逗子市,逗子市久木8丁目,185,,254,,169,,42,,198,,848
1885,逗子市,逗子市久木9丁目,123,,135,,88,,251,,283,,880
1886,逗子市,逗子市桜山1丁目,15,,86,,274,,294,,160,,829
1887,逗子市,逗子市桜山2丁目,267,,169,,60,,289,,275,,1060
1888,逗子市,逗子市桜山3丁目,88,,4,,229,,24,,137,,482
1889,逗子市,逗子市桜山4丁目,292,,152,,179,,143,,162,,928
1890,逗子市,逗子市桜山5丁目,284,,283,,119,,140,,197,,1023
1891,逗子市,逗子市桜山6丁目,258,,54,,150,,52,,233,,747
1892,逗子市,逗子市桜山7丁目,142,,132,,97,,231,,160,,762
1893,逗子市,逗子市桜山8丁目,286,,55,,170,,32,,216,,759
1894,逗子市,逗子市桜山9丁目,277,,259,,122,,231,,129,,1018
1895,逗子市,逗子市山の根1丁目,296,,90,,159,,51,,282,,878
1896,逗子市,逗子市山の根2丁目,249,,62,,151,,247,,286,,995
1897,逗子市,逗子市山の根3丁目,165,,6,,38,,183,,133,,525
1898,逗子市,逗子市小坪1丁目,269,,193,,268,,222,,299,,1251
1899,逗子市,逗子市小坪2丁目,222,,42,,268,,3,,202,,737
1900,逗子市,逗子市小坪3丁目,60,,50,,33,,107,,48,,298
1901,逗子市,逗子市小坪4丁目,87,,15,,175,,223,,158,,658
1902,逗子市,逗子市小坪5丁目,23,,271,,169,,132,,274,,869
1903,逗子市,逗子市小坪6丁目,214,,145,,128,,217,,144,,848
1904,逗子市,逗子市小坪7丁目,263,,67,,294,,255,,132,,1011
1905,逗子市,逗子市沼間1丁目,146,,173,,43,,143,,172,,677
1906,逗子市,逗子市沼間2丁目,142,,182,,55,,7,,190,,576
1907,逗子市,逗子市沼間3丁目,174,,171,,243,,194,,124,,906
1908,逗子市,逗子市沼間4丁目,85,,76,,217,,181,,196,,755
1909,逗子市,逗子市沼間5丁目,37,,36,,80,,111,,282,,546
1910,逗子市,逗子市沼間6丁目,259,,278,,200,,80,,40,,857
1911,逗子市,逗子市新宿1丁目,92,,93,,266,,59,,42,,552
1912,逗子市,逗子市新宿2丁目,222,,228,,7,,68,,91,,616
1913,逗子市,逗子市新宿3丁目,96,,20,,142,,92,,103,,453
1914,逗子市,逗子市新宿4丁目,270,,4,,296,,230,,24,,824
1915,逗子市,逗子市新宿5丁目,159,,201,,284,,234,,37,,915
1916,逗子市,逗子市逗子1丁目,136,,14,,239,,100,,223,,712
1917,逗子市,逗子市逗子2丁目,132,,47,,94,,131,,38,,442
1918,逗子市,逗子市逗子3丁目,278,,41,,60,,39,,0,,418
1919,逗子市,逗子市逗子4丁目,217,,230,,163,,157,,196,,963
1920,逗子市,逗子市逗子5丁目,209,,25,,240,,29,,18,,521
1921,逗子市,逗子市逗子6丁目,249,,218,,220,,186,,274,,1147
1922,逗子市,逗子市逗子7丁目,192,,114,,79,,68,,207,,660
1923,逗子市,逗子市池子1丁目,134,,12,,20,,250,,254,,670
1924,逗子市,逗子市池子2丁目,198,,8,,177,,65,,49,,497
1925,逗子市,逗子市池子3丁目,170,,257,,155,,298,,148,,1028
1926,逗子市,逗子市池子4丁目,242,,80,,179,,287,,102,,890
1927,横浜市西区,横浜市西区みなとみらい,58,,297,,103,,0,,194,,652
1928,横浜市西区,横浜市西区伊勢町,63,,210,,290,,100,,115,,778
1929,横浜市西区,横浜市西区岡野,72,,252,,204,,29,,292,,849
1930,横浜市西区,横浜市西区花咲町,236,,163,,14,,213,,176,,802
1931,横浜市西区,横浜市西区霞ケ丘,177,,118,,165,,45,,226,,731
1932,横浜市西区,横浜市西区久保町,155,,102,,98,,275,,263,,893
1933,横浜市西区,横浜市西区宮ケ谷,169,,74,,228,,300,,253,,1024
1934,横浜市西区,横浜市西区宮崎町,238,,141,,19,,94,,9,,501
1935,横浜市西区,横浜市西区境之谷,149,,207,,148,,182,,283,,969
1936,横浜市西区,横浜市西区元久保町,80,,70,,249,,32,,298,,729
1937,横浜市西区,横浜市西区戸部町,275,,186,,152,,55,,162,,830
1938,横浜市西区,横浜市西区戸部本町,120,,6,,193,,262,,195,,776
1939,横浜市西区,横浜市西区御所山町,114,,15,,244,,95,,197,,665
1940,横浜市西区,横浜市西区紅葉ケ丘,296,,267,,141,,65,,252,,1021
1941,横浜市西区,横浜市西区高島,87,,93,,102,,165,,25,,472
1942,横浜市西区,横浜市西区桜木町,14,,138,,262,,193,,230,,837
1943,横浜市西区,横浜市西区西戸部町,203,,41,,290,,109,,278,,921
1944,横浜市西区,横浜市西区西前町,226,,254,,244,,288,,63,,1075
1945,横浜市西区,横浜市西区西平沼町,270,,95,,272,,238,,283,,1158
1946,横浜市西区,横浜市西区赤門町,288,,295,,241,,248,,91,,1163
1947,横浜市西区,横浜市西区浅間台,49,,262,,2,,200,,149,,662
1948,横浜市西区,横浜市西区浅間町,162,,104,,94,,230,,36,,626
1949,横浜市西区,横浜市西区中央,192,,279,,159,,151,,253,,1034
1950,横浜市西区,横浜市西区東ケ丘,53,,52,,165,,265,,112,,647
1951,横浜市西区,横浜市西区東久保町,129,,160,,298,,9,,280,,876
1952,横浜市西区,横浜市西区藤棚町,61,,142,,269,,52,,65,,589
1953,横浜市西区,横浜市西区南軽井沢,11,,281,,277,,264,,113,,946
1954,横浜市西区,横浜市西区南幸,45,,91,,150,,238,,57,,581
1955,横浜市西区,横浜市西区南浅間町,75,,163,,151,,70,,251,,710
1956,横浜市西区,横浜市西区楠町,36,,186,,222,,100,,166,,710
1957,横浜市西区,横浜市西区浜松町,220,,222,,154,,151,,115,,862
1958,横浜市西区,横浜市西区平沼,199,,202,,284,,144,,283,,1112
1959,横浜市西区,横浜市西区北軽井沢,119,,216,,84,,148,,193,,760
1960,横浜市西区,横浜市西区北幸,118,,208,,278,,163,,50,,817
1961,横浜市西区,横浜市西区老松町,160,,36,,256,,263,,216,,931
1962,横浜市西区,横浜市西区みなとみらい1丁目,191,,150,,66,,158,,18,,583
1963,横浜市西区,横浜市西区みなとみらい2丁目,194,,106,,23,,224,,164,,711
1964,横浜市西区,横浜市西区みなとみらい3丁目,159,,172,,29,,265,,74,,699
1965,横浜市西区,横浜市西区みなとみらい4丁目,43,,170,,48,,111,,239,,611
1966,横浜市西区,横浜市西区みなとみらい5丁目,264,,34,,29,,22,,34,,383
1967,横浜市西区,横浜市西区みなとみらい6丁目,11,,190,,286,,144,,273,,904
1968,横浜市西区,横浜市西区伊勢町1丁目,151,,35,,264,,239,,228,,917
1969,横浜市西区,横浜市西区伊勢町2丁目,40,,36,,231,,52,,150,,509
1970,横浜市西区,横浜市西区伊勢町3丁目,164,,161,,3,,266,,129,,723
1971,横浜市西区,横浜市西区岡野1丁目,78,,268,,268,,97,,49,,760
1972,横浜市西区,横浜市西区岡野2丁目,42,,39,,142,,239,,192,,654
1973,横浜市西区,横浜市西区花咲町4丁目,119,,117,,74,,87,,89,,486
1974,横浜市西区,横浜市西区花咲町5丁目,192,,281,,91,,98,,96,,758
1975,横浜市西区,横浜市西区花咲町6丁目,264,,283,,109,,179,,179,,1014
1976,横浜市西区,横浜市西区花咲町7丁目,270,,150,,150,,92,,298,,960
1977,横浜市西区,横浜市西区戸部町1丁目,99,,259,,131,,40,,59,,588
1978,横浜市西区,横浜市西区戸部町2丁目,254,,219,,213,,34,,254,,974
1979,横浜市西区,横浜市西区戸部町3丁目,148,,101,,167,,23,,196,,635
1980,横浜市西区,横浜市西区戸部町4丁目,20,,1,,250,,300,,279,,850
1981,横浜市西区,横浜市西区戸部町5丁目,83,,37,,16,,100,,27,,263
1982,横浜市西区,横浜市西区戸部町6丁目,122,,191,,274,,195,,244,,1026
1983,横浜市西区,横浜市西区戸部町7丁目,88,,202,,108,,219,,76,,693
1984,横浜市西区,横浜市西区高島1丁目,234,,1,,275,,265,,21,,796
1985,横浜市西区,横浜市西区高島2丁目,72,,149,,191,,108,,72,,592
1986,横浜市西区,横浜市西区桜木町4丁目,245,,93,,10,,231,,235,,814
1987,横浜市西区,横浜市西区桜木町5丁目,153,,62,,289,,223,,161,,888
1988,横浜市西区,横浜市西区桜木町6丁目,41,,206,,249,,272,,15,,783
1989,横浜市西区,横浜市西区桜木町7丁目,236,,187,,154,,71,,67,,715
1990,横浜市西区,横浜市西区西戸部町1丁目,209,,233,,214,,260,,235,,1151
1991,横浜市西区,横浜市西区西戸部町2丁目,26,,270,,186,,102,,226,,810
1992,横浜市西区,横浜市西区西戸部町3丁目,49,,99,,34,,199,,231,,612
1993,横浜市西区,横浜市西区西前町2丁目,32,,24,,66,,64,,129,,315
1994,横浜市西区,横浜市西区西前町3丁目,73,,97,,145,,125,,159,,599
1995,横浜市西区,横浜市西区赤門町2丁目,172,,231,,201,,298,,183,,1085
1996,横浜市西区,横浜市西区浅間町1丁目,106,,133,,75,,119,,160,,593
1997,横浜市西区,横浜市西区浅間町2丁目,207,,203,,86,,130,,80,,706
1998,横浜市西区,横浜市西区浅間町3丁目,88,,19,,273,,11,,271,,662
1999,横浜市西区,横浜市西区浅間町4丁目,168,,219,,27,,67,,60,,541
2000,横浜市西区,横浜市西区浅間町5丁目,300,,191,,131,,153,,213,,988
2001,横浜市西区,横浜市西区中央1丁目,159,,38,,125,,228,,190,,740
2002,横浜市西区,横浜市西区中央2丁目,51,,287,,74,,140,,184,,736
2003,横浜市西区,横浜市西区藤棚町1丁目,80,,156,,281,,42,,221,,780
2004,横浜市西区,横浜市西区藤棚町2丁目,193,,136,,109,,71,,273,,782
2005,横浜市西区,横浜市西区南幸1丁目,16,,289,,143,,238,,248,,934
2006,横浜市西区,横浜市西区南幸2丁目,73,,208,,15,,282,,20,,598
2007,横浜市西区,横浜市西区平沼1丁目,248,,49,,227,,207,,241,,972
2008,横浜市西区,横浜市西区平沼2丁目,116,,136,,120,,122,,108,,602
2009,横浜市西区,横浜市西区北幸1丁目,262,,69,,35,,196,,288,,850
2010,横浜市西区,横浜市西区北幸2丁目,57,,138,,168,,224,,173,,760
2011,横浜市緑区,横浜市緑区いぶき野,142,,105,,244,,101,,128,,720
2012,横浜市緑区,横浜市緑区鴨居,36,,106,,205,,196,,157,,700
2013,横浜市緑区,横浜市緑区鴨居町,60,,40,,248,,178,,67,,593
2014,横浜市緑区,横浜市緑区三保町,253,,80,,145,,295,,75,,848
2015,横浜市緑区,横浜市緑区寺山町,167,,174,,46,,89,,114,,590
2016,横浜市緑区,横浜市緑区十日市場町,50,,4,,171,,210,,209,,644
2017,横浜市緑区,横浜市緑区小山町,150,,14,,94,,198,,233,,689
2018,横浜市緑区,横浜市緑区上山,210,,72,,53,,229,,53,,617
2019,横浜市緑区,横浜市緑区新治町,127,,112,,247,,143,,46,,675
2020,横浜市緑区,横浜市緑区森の台,43,,237,,259,,2,,265,,806
2021,横浜市緑区,横浜市緑区西八朔町,283,,180,,182,,174,,239,,1058
2022,横浜市緑区,横浜市緑区青砥町,1,,292,,33,,172,,183,,681
2023,横浜市緑区,横浜市緑区台村町,131,,274,,132,,180,,250,,967
2024,横浜市緑区,横浜市緑区竹山,124,,214,,84,,70,,252,,744
2025,横浜市緑区,横浜市緑区中山,226,,74,,242,,244,,89,,875
2026,横浜市緑区,横浜市緑区中山町,182,,250,,286,,212,,97,,1027
2027,横浜市緑区,横浜市緑区長津田,68,,149,,26,,116,,211,,570
2028,横浜市緑区,横浜市緑区長津田みなみ台,266,,230,,238,,226,,283,,1243
2029,横浜市緑区,横浜市緑区長津田町,18,,189,,184,,79,,207,,677
2030,横浜市緑区,横浜市緑区東本郷,230,,258,,167,,38,,120,,813
2031,横浜市緑区,横浜市緑区東本郷町,283,,229,,269,,150,,208,,1139
2032,横浜市緑区,横浜市緑区白山,150,,185,,113,,222,,35,,705
2033,横浜市緑区,横浜市緑区北八朔町,240,,89,,255,,122,,167,,873
2034,横浜市緑区,横浜市緑区霧が丘,98,,230,,196,,185,,98,,807
2035,横須賀市,横須賀市グリーンハイツ,192,,74,,20,,30,,278,,594
2036,横須賀市,横須賀市ハイランド,60,,261,,26,,33,,273,,653
2037,横須賀市,横須賀市阿部倉,130,,247,,259,,222,,38,,896
2038,横須賀市,横須賀市芦名,241,,109,,4,,87,,81,,522
2039,横須賀市,横須賀市粟田,99,,12,,47,,44,,162,,364
2040,横須賀市,横須賀市安浦町,255,,73,,101,,296,,112,,837
2041,横須賀市,横須賀市安針台,247,,48,,132,,87,,10,,524
2042,横須賀市,横須賀市衣笠栄町,45,,183,,151,,104,,78,,561
2043,横須賀市,横須賀市衣笠町,2,,120,,43,,63,,208,,436
2044,横須賀市,横須賀市逸見が丘,11,,211,,155,,48,,152,,577
2045,横須賀市,横須賀市稲岡町,49,,38,,4,,192,,130,,413
2046,横須賀市,横須賀市浦賀,68,,141,,120,,29,,286,,644
2047,横須賀市,横須賀市浦賀丘,268,,263,,188,,176,,300,,1195
2048,横須賀市,横須賀市浦郷町,164,,8,,128,,162,,132,,594
2049,横須賀市,横須賀市浦上台,45,,79,,105,,69,,76,,374
2050,横須賀市,横須賀市荻野,86,,187,,41,,51,,158,,523
2051,横須賀市,横須賀市夏島町,203,,121,,227,,178,,8,,737
2052,横須賀市,横須賀市鴨居,195,,14,,20,,92,,232,,553
2053,横須賀市,横須賀市岩戸,210,,271,,162,,38,,121,,802
2054,横須賀市,横須賀市吉井,3,,28,,175,,22,,151,,379
2055,横須賀市,横須賀市吉倉町,248,,244,,227,,142,,150,,1011
2056,横須賀市,横須賀市久村,105,,47,,222,,67,,31,,472
2057,横須賀市,横須賀市久比里,87,,93,,28,,74,,19,,301
2058,横須賀市,横須賀市久里浜,40,,262,,261,,54,,269,,886
2059,横須賀市,横須賀市久里浜台,70,,222,,259,,24,,165,,740
2060,横須賀市,横須賀市金谷,92,,192,,225,,81,,241,,831
2061,横須賀市,横須賀市御幸浜,241,,215,,51,,278,,218,,1003
2062,横須賀市,横須賀市光の丘,247,,189,,228,,162,,178,,1004
2063,横須賀市,横須賀市光風台,98,,198,,66,,182,,33,,577
2064,横須賀市,横須賀市公郷町,250,,228,,77,,157,,12,,724
2065,横須賀市,横須賀市港が丘,285,,252,,146,,67,,156,,906
2066,横須賀市,横須賀市根岸町,193,,216,,154,,263,,194,,1020
2067,横須賀市,横須賀市佐原,130,,177,,261,,248,,249,,1065
2068,横須賀市,横須賀市佐島,122,,162,,86,,24,,11,,405
2069,横須賀市,横須賀市佐島の丘,233,,273,,68,,244,,172,,990
2070,横須賀市,横須賀市佐野町,45,,219,,94,,181,,125,,664
2071,横須賀市,横須賀市坂本町,238,,135,,54,,41,,9,,477
2072,横須賀市,横須賀市桜が丘,205,,178,,95,,173,,139,,790
2073,横須賀市,横須賀市三春町,172,,172,,138,,56,,136,,674
2074,横須賀市,横須賀市山科台,229,,1,,56,,158,,176,,620
2075,横須賀市,横須賀市山中町,195,,158,,101,,112,,80,,646
2076,横須賀市,横須賀市子安,9,,152,,75,,231,,14,,481
2077,横須賀市,横須賀市汐見台,125,,21,,215,,50,,170,,581
2078,横須賀市,横須賀市汐入町,282,,223,,220,,191,,98,,1014
2079,横須賀市,横須賀市若宮台,38,,92,,33,,189,,189,,541
2080,横須賀市,横須賀市若松町,124,,209,,38,,162,,146,,679
2081,横須賀市,横須賀市秋谷,281,,275,,81,,10,,76,,723
2082,横須賀市,横須賀市舟倉,107,,115,,225,,64,,5,,516
2083,横須賀市,横須賀市小原台,52,,33,,34,,246,,165,,530
2084,横須賀市,横須賀市小川町,119,,260,,122,,194,,242,,937
2085,横須賀市,横須賀市小矢部,149,,293,,127,,109,,219,,897
2086,横須賀市,横須賀市湘南国際村,48,,119,,101,,56,,73,,397
2087,横須賀市,横須賀市湘南鷹取,192,,90,,272,,110,,29,,693
2088,横須賀市,横須賀市上町,288,,211,,52,,109,,151,,811
2089,横須賀市,横須賀市新港町,228,,66,,93,,201,,124,,712
2090,横須賀市,横須賀市森崎,38,,178,,268,,212,,295,,991
2091,横須賀市,横須賀市深田台,243,,163,,204,,138,,249,,997
2092,横須賀市,横須賀市神明町,246,,217,,73,,128,,299,,963
2093,横須賀市,横須賀市須軽谷,250,,190,,108,,54,,45,,647
2094,横須賀市,横須賀市西逸見町,11,,197,,294,,184,,102,,788
2095,横須賀市,横須賀市西浦賀,293,,159,,79,,183,,20,,734
2096,横須賀市,横須賀市船越町,285,,216,,203,,104,,2,,810
2097,横須賀市,横須賀市走水,163,,199,,28,,222,,249,,861
2098,横須賀市,横須賀市太田和,106,,197,,294,,147,,97,,841
2099,横須賀市,横須賀市大滝町,128,,244,,254,,251,,56,,933
2100,横須賀市,横須賀市大津町,8,,179,,281,,183,,252,,903
2101,横須賀市,横須賀市大矢部,54,,149,,71,,153,,124,,551
2102,横須賀市,横須賀市鷹取,248,,250,,283,,281,,220,,1282
2103,横須賀市,横須賀市池上,28,,290,,163,,194,,242,,917
2104,横須賀市,横須賀市池田町,189,,10,,138,,3,,204,,544
2105,横須賀市,横須賀市長井,278,,238,,62,,146,,284,,1008
2106,横須賀市,横須賀市長浦町,156,,75,,55,,184,,132,,602
2107,横須賀市,横須賀市長坂,163,,289,,43,,37,,6,,538
2108,横須賀市,横須賀市長瀬,8,,229,,85,,235,,122,,679
2109,横須賀市,横須賀市長沢,160,,292,,265,,4,,33,,754
2110,横須賀市,横須賀市津久井,109,,103,,203,,204,,3,,622
2111,横須賀市,横須賀市追浜町,68,,270,,174,,261,,243,,1016
2112,横須賀市,横須賀市追浜東町,217,,298,,265,,26,,211,,1017
2113,横須賀市,横須賀市追浜南町,106,,46,,69,,124,,68,,413
2114,横須賀市,横須賀市追浜本町,50,,241,,150,,77,,216,,734
2115,横須賀市,横須賀市鶴が丘,25,,126,,152,,65,,114,,482
2116,横須賀市,横須賀市田浦港町,244,,266,,105,,249,,158,,1022
2117,横須賀市,横須賀市田浦泉町,177,,234,,227,,168,,272,,1078
2118,横須賀市,横須賀市田浦大作町,257,,239,,38,,194,,281,,1009
2119,横須賀市,横須賀市田浦町,92,,280,,51,,64,,280,,767
2120,横須賀市,横須賀市田戸台,206,,253,,205,,225,,177,,1066
2121,横須賀市,横須賀市東逸見町,257,,166,,288,,224,,169,,1104
2122,横須賀市,横須賀市東浦賀,149,,289,,203,,24,,5,,670
2123,横須賀市,横須賀市内川,248,,162,,18,,293,,136,,857
2124,横須賀市,横須賀市内川新田,185,,230,,243,,70,,189,,917
2125,横須賀市,横須賀市南浦賀,123,,251,,294,,147,,300,,1115
2126,横須賀市,横須賀市二葉,158,,49,,234,,295,,184,,920
2127,横須賀市,横須賀市日の出町,109,,275,,71,,212,,110,,777
2128,横須賀市,横須賀市馬堀海岸,48,,119,,268,,96,,294,,825
2129,横須賀市,横須賀市馬堀町,54,,238,,115,,269,,159,,835
2130,横須賀市,横須賀市浜見台,175,,175,,53,,246,,230,,879
2131,横須賀市,横須賀市不入斗町,66,,225,,53,,146,,209,,699
2132,横須賀市,横須賀市富士見町,168,,78,,73,,264,,62,,645
2133,横須賀市,横須賀市武,183,,191,,156,,51,,0,,581
2134,横須賀市,横須賀市平作,41,,98,,204,,274,,279,,896
2135,横須賀市,横須賀市平成町,235,,69,,247,,279,,18,,848
2136,横須賀市,横須賀市平和台,178,,236,,49,,32,,67,,562
2137,横須賀市,横須賀市米が浜通,189,,9,,101,,128,,207,,634
2138,横須賀市,横須賀市望洋台,72,,109,,205,,196,,138,,720
2139,横須賀市,横須賀市本町,187,,297,,25,,104,,82,,695
2140,横須賀市,横須賀市野比,243,,203,,283,,20,,228,,977
2141,横須賀市,横須賀市緑が丘,157,,119,,148,,92,,151,,667
2142,横須賀市,横須賀市林,159,,68,,16,,3,,45,,291
2143,横須賀市,横須賀市ハイランド1丁目,155,,105,,143,,197,,145,,745
2144,横須賀市,横須賀市ハイランド2丁目,87,,193,,60,,30,,210,,580
2145,横須賀市,横須賀市ハイランド3丁目,89,,16,,211,,68,,90,,474
2146,横須賀市,横須賀市ハイランド4丁目,254,,212,,227,,101,,199,,993
2147,横須賀市,横須賀市ハイランド5丁目,18,,97,,200,,63,,266,,644
2148,横須賀市,横須賀市芦名1丁目,199,,69,,266,,214,,94,,842
2149,横須賀市,横須賀市芦名2丁目,66,,117,,194,,282,,256,,915
2150,横須賀市,横須賀市芦名3丁目,193,,105,,89,,284,,270,,941
2151,横須賀市,横須賀市粟田1丁目,180,,173,,205,,3,,225,,786
2152,横須賀市,横須賀市粟田2丁目,126,,164,,21,,203,,46,,560
2153,横須賀市,横須賀市安浦町1丁目,178,,29,,170,,258,,44,,679
2154,横須賀市,横須賀市安浦町2丁目,218,,156,,204,,44,,233,,855
2155,横須賀市,横須賀市安浦町3丁目,42,,282,,81,,70,,20,,495
2156,横須賀市,横須賀市衣笠栄町1丁目,42,,121,,296,,258,,283,,1000
2157,横須賀市,横須賀市衣笠栄町2丁目,109,,57,,164,,66,,292,,688
2158,横須賀市,横須賀市衣笠栄町3丁目,208,,110,,123,,292,,267,,1000
2159,横須賀市,横須賀市衣笠栄町4丁目,162,,100,,99,,253,,158,,772
2160,横須賀市,横須賀市浦賀1丁目,207,,156,,199,,169,,167,,898
2161,横須賀市,横須賀市浦賀2丁目,78,,14,,249,,94,,102,,537
2162,横須賀市,横須賀市浦賀3丁目,264,,5,,178,,10,,68,,525
2163,横須賀市,横須賀市浦賀4丁目,199,,253,,203,,29,,170,,854
2164,横須賀市,横須賀市浦賀5丁目,3,,50,,239,,296,,269,,857
2165,横須賀市,横須賀市浦賀6丁目,55,,260,,14,,82,,69,,480
2166,横須賀市,横須賀市浦賀7丁目,145,,33,,72,,197,,61,,508
2167,横須賀市,横須賀市浦賀丘1丁目,144,,157,,141,,53,,82,,577
2168,横須賀市,横須賀市浦賀丘2丁目,219,,263,,161,,200,,63,,906
2169,横須賀市,横須賀市浦賀丘3丁目,61,,37,,7,,196,,91,,392
2170,横須賀市,横須賀市浦郷町1丁目,41,,200,,128,,188,,239,,796
2171,横須賀市,横須賀市浦郷町2丁目,17,,15,,139,,214,,131,,516
2172,横須賀市,横須賀市浦郷町3丁目,101,,166,,54,,244,,65,,630
2173,横須賀市,横須賀市浦郷町4丁目,41,,71,,0,,234,,189,,535
2174,横須賀市,横須賀市浦郷町5丁目,295,,59,,3,,194,,298,,849
2175,横須賀市,横須賀市浦上台1丁目,50,,209,,236,,299,,209,,1003
2176,横須賀市,横須賀市浦上台2丁目,125,,247,,263,,171,,51,,857
2177,横須賀市,横須賀市浦上台3丁目,273,,119,,131,,71,,97,,691
2178,横須賀市,横須賀市浦上台4丁目,15,,279,,85,,295,,61,,735
2179,横須賀市,横須賀市鴨居1丁目,235,,14,,162,,260,,253,,924
2180,横須賀市,横須賀市鴨居2丁目,291,,290,,234,,151,,293,,1259
2181,横須賀市,横須賀市鴨居3丁目,4,,237,,96,,33,,262,,632
2182,横須賀市,横須賀市鴨居4丁目,197,,299,,11,,122,,234,,863
2183,横須賀市,横須賀市岩戸1丁目,44,,38,,159,,190,,137,,568
2184,横須賀市,横須賀市岩戸2丁目,200,,151,,121,,225,,41,,738
2185,横須賀市,横須賀市岩戸3丁目,76,,215,,223,,167,,99,,780
2186,横須賀市,横須賀市岩戸4丁目,30,,124,,70,,46,,88,,358
2187,横須賀市,横須賀市岩戸5丁目,48,,230,,148,,104,,242,,772
2188,横須賀市,横須賀市吉井1丁目,164,,49,,43,,149,,150,,555
2189,横須賀市,横須賀市吉井2丁目,159,,259,,258,,38,,28,,742
2190,横須賀市,横須賀市吉井3丁目,74,,232,,198,,68,,261,,833
2191,横須賀市,横須賀市吉井4丁目,217,,16,,271,,173,,173,,850
2192,横須賀市,横須賀市吉倉町1丁目,121,,131,,114,,262,,127,,755
2193,横須賀市,横須賀市吉倉町2丁目,286,,280,,232,,241,,247,,1286
2194,横須賀市,横須賀市久比里1丁目,297,,164,,212,,6,,93,,772
2195,横須賀市,横須賀市久比里2丁目,132,,138,,5,,106,,111,,492
2196,横須賀市,横須賀市久里浜1丁目,291,,295,,280,,114,,72,,1052
2197,横須賀市,横須賀市久里浜2丁目,208,,43,,220,,288,,80,,839
2198,横須賀市,横須賀市久里浜3丁目,273,,48,,207,,5,,149,,682
2199,横須賀市,横須賀市久里浜4丁目,160,,179,,22,,139,,10,,510
2200,横須賀市,横須賀市久里浜5丁目,232,,157,,15,,204,,208,,816
2201,横須賀市,横須賀市久里浜6丁目,295,,147,,36,,234,,29,,741
2202,横須賀市,横須賀市久里浜7丁目,53,,282,,273,,286,,44,,938
2203,横須賀市,横須賀市久里浜8丁目,286,,42,,206,,46,,264,,844
2204,横須賀市,横須賀市久里浜9丁目,119,,296,,167,,153,,42,,777
2205,横須賀市,横須賀市久里浜台1丁目,145,,211,,300,,117,,184,,957
2206,横須賀市,横須賀市久里浜台2丁目,270,,102,,298,,179,,201,,1050
2207,横須賀市,横須賀市金谷1丁目,273,,54,,106,,160,,143,,736
2208,横須賀市,横須賀市金谷2丁目,241,,25,,69,,98,,144,,577
2209,横須賀市,横須賀市金谷3丁目,212,,214,,209,,223,,56,,914
2210,横須賀市,横須賀市公郷町1丁目,267,,7,,296,,70,,184,,824
2211,横須賀市,横須賀市公郷町2丁目,205,,146,,198,,119,,111,,779
2212,横須賀市,横須賀市公郷町3丁目,60,,239,,34,,96,,186,,615
2213,横須賀市,横須賀市公郷町4丁目,187,,289,,257,,215,,146,,1094
2214,横須賀市,横須賀市公郷町5丁目,90,,161,,285,,152,,278,,966
2215,横須賀市,横須賀市公郷町6丁目,77,,141,,50,,266,,32,,566
2216,横須賀市,横須賀市港が丘1丁目,8,,186,,244,,64,,228,,730
2217,横須賀市,横須賀市港が丘2丁目,166,,133,,129,,71,,55,,554
2218,横須賀市,横須賀市根岸町1丁目,51,,195,,254,,109,,5,,614
2219,横須賀市,横須賀市根岸町2丁目,202,,111,,67,,150,,92,,622
2220,横須賀市,横須賀市根岸町3丁目,135,,235,,169,,154,,180,,873
2221,横須賀市,横須賀市根岸町4丁目,144,,127,,239,,28,,177,,715
2222,横須賀市,横須賀市根岸町5丁目,132,,215,,281,,186,,123,,937
2223,横須賀市,横須賀市佐原1丁目,46,,30,,278,,61,,31,,446
2224,横須賀市,横須賀市佐原2丁目,256,,62,,123,,189,,20,,650
2225,横須賀市,横須賀市佐原3丁目,136,,249,,225,,36,,249,,895
2226,横須賀市,横須賀市佐原4丁目,271,,200,,255,,168,,199,,1093
2227,横須賀市,横須賀市佐原5丁目,300,,131,,70,,287,,24,,812
2228,横須賀市,横須賀市佐島1丁目,266,,64,,122,,170,,47,,669
2229,横須賀市,横須賀市佐島2丁目,111,,16,,94,,254,,151,,626
2230,横須賀市,横須賀市佐島3丁目,274,,198,,28,,2,,296,,798
2231,横須賀市,横須賀市佐島の丘1丁目,287,,231,,258,,271,,48,,1095
2232,横須賀市,横須賀市佐島の丘2丁目,184,,229,,148,,239,,272,,1072
2233,横須賀市,横須賀市佐野町1丁目,127,,111,,163,,70,,165,,636
2234,横須賀市,横須賀市佐野町2丁目,205,,240,,239,,60,,18,,762
2235,横須賀市,横須賀市佐野町3丁目,86,,118,,233,,172,,19,,628
2236,横須賀市,横須賀市佐野町4丁目,131,,65,,121,,69,,208,,594
2237,横須賀市,横須賀市佐野町5丁目,250,,177,,45,,55,,250,,777
2238,横須賀市,横須賀市佐野町6丁目,143,,212,,290,,262,,90,,997
2239,横須賀市,横須賀市坂本町1丁目,7,,132,,134,,243,,10,,526
2240,横須賀市,横須賀市坂本町2丁目,199,,167,,177,,27,,140,,710
2241,横須賀市,横須賀市坂本町3丁目,283,,173,,208,,135,,110,,909
2242,横須賀市,横須賀市坂本町4丁目,13,,63,,273,,291,,275,,915
2243,横須賀市,横須賀市坂本町5丁目,296,,265,,218,,292,,42,,1113
2244,横須賀市,横須賀市坂本町6丁目,204,,23,,10,,5,,232,,474
2245,横須賀市,横須賀市桜が丘1丁目,187,,59,,53,,103,,154,,556
2246,横須賀市,横須賀市桜が丘2丁目,59,,262,,239,,140,,8,,708
2247,横須賀市,横須賀市三春町1丁目,279,,207,,10,,244,,38,,778
2248,横須賀市,横須賀市三春町2丁目,269,,231,,155,,166,,275,,1096
2249,横須賀市,横須賀市三春町3丁目,23,,255,,130,,32,,87,,527
2250,横須賀市,横須賀市三春町4丁目,144,,184,,231,,274,,62,,895
2251,横須賀市,横須賀市三春町5丁目,270,,45,,291,,240,,292,,1138
2252,横須賀市,横須賀市三春町6丁目,272,,212,,227,,241,,288,,1240
2253,横須賀市,横須賀市汐見台1丁目,142,,80,,108,,27,,18,,375
2254,横須賀市,横須賀市汐見台2丁目,171,,54,,189,,112,,211,,737
2255,横須賀市,横須賀市汐見台3丁目,63,,165,,204,,37,,159,,628
2256,横須賀市,横須賀市汐入町1丁目,158,,268,,217,,288,,215,,1146
2257,横須賀市,横須賀市汐入町2丁目,145,,118,,24,,293,,49,,629
2258,横須賀市,横須賀市汐入町3丁目,37,,260,,104,,227,,287,,915
2259,横須賀市,横須賀市汐入町4丁目,196,,272,,124,,157,,128,,877
2260,横須賀市,横須賀市汐入町5丁目,189,,105,,79,,3,,106,,482
2261,横須賀市,横須賀市若松町1丁目,278,,73,,140,,14,,231,,736
2262,横須賀市,横須賀市若松町2丁目,157,,105,,132,,154,,250,,798
2263,横須賀市,横須賀市若松町3丁目,172,,79,,134,,31,,15,,431
2264,横須賀市,横須賀市秋谷1丁目,38,,93,,34,,15,,242,,422
2265,横須賀市,横須賀市秋谷2丁目,200,,92,,279,,91,,19,,681
2266,横須賀市,横須賀市秋谷3丁目,45,,103,,189,,31,,131,,499
2267,横須賀市,横須賀市舟倉1丁目,34,,292,,53,,241,,287,,907
2268,横須賀市,横須賀市舟倉2丁目,204,,255,,92,,31,,186,,768
2269,横須賀市,横須賀市小矢部1丁目,222,,236,,116,,112,,58,,744
2270,横須賀市,横須賀市小矢部2丁目,166,,64,,267,,229,,81,,807
2271,横須賀市,横須賀市小矢部3丁目,171,,261,,181,,221,,44,,878
2272,横須賀市,横須賀市小矢部4丁目,43,,114,,5,,224,,165,,551
2273,横須賀市,横須賀市湘南国際村1丁目,69,,44,,95,,192,,220,,620
2274,横須賀市,横須賀市湘南国際村2丁目,66,,170,,150,,128,,296,,810
2275,横須賀市,横須賀市湘南国際村3丁目,287,,226,,143,,211,,247,,1114
2276,横須賀市,横須賀市湘南鷹取1丁目,80,,0,,232,,73,,213,,598
2277,横須賀市,横須賀市湘南鷹取2丁目,201,,203,,90,,215,,122,,831
2278,横須賀市,横須賀市湘南鷹取3丁目,108,,148,,168,,23,,296,,743
2279,横須賀市,横須賀市湘南鷹取4丁目,49,,162,,132,,74,,237,,654
2280,横須賀市,横須賀市湘南鷹取5丁目,119,,240,,46,,103,,243,,751
2281,横須賀市,横須賀市湘南鷹取6丁目,294,,189,,60,,113,,186,,842
2282,横須賀市,横須賀市上町1丁目,156,,253,,245,,278,,184,,1116
2283,横須賀市,横須賀市上町2丁目,252,,170,,36,,105,,140,,703
2284,横須賀市,横須賀市上町3丁目,197,,267,,16,,126,,188,,794
2285,横須賀市,横須賀市上町4丁目,204,,66,,2,,126,,257,,655
2286,横須賀市,横須賀市森崎1丁目,220,,248,,210,,140,,217,,1035
2287,横須賀市,横須賀市森崎2丁目,224,,12,,212,,138,,199,,785
2288,横須賀市,横須賀市森崎3丁目,113,,38,,219,,38,,166,,574
2289,横須賀市,横須賀市森崎4丁目,6,,68,,215,,86,,159,,534
2290,横須賀市,横須賀市森崎5丁目,62,,283,,266,,208,,31,,850
2291,横須賀市,横須賀市森崎6丁目,295,,97,,212,,225,,131,,960
2292,横須賀市,横須賀市西逸見町1丁目,83,,49,,298,,111,,254,,795
2293,横須賀市,横須賀市西逸見町2丁目,245,,37,,51,,144,,239,,716
2294,横須賀市,横須賀市西逸見町3丁目,184,,44,,231,,72,,60,,591
2295,横須賀市,横須賀市西浦賀1丁目,132,,235,,260,,251,,85,,963
2296,横須賀市,横須賀市西浦賀2丁目,78,,213,,17,,248,,249,,805
2297,横須賀市,横須賀市西浦賀3丁目,101,,258,,162,,142,,290,,953
2298,横須賀市,横須賀市西浦賀4丁目,113,,16,,228,,233,,100,,690
2299,横須賀市,横須賀市西浦賀5丁目,4,,54,,238,,245,,185,,726
2300,横須賀市,横須賀市西浦賀6丁目,147,,211,,243,,24,,93,,718
2301,横須賀市,横須賀市船越町1丁目,105,,11,,97,,213,,199,,625
2302,横須賀市,横須賀市船越町2丁目,148,,251,,128,,104,,244,,875
2303,横須賀市,横須賀市船越町3丁目,254,,88,,200,,107,,253,,902
2304,横須賀市,横須賀市船越町4丁目,284,,117,,94,,258,,13,,766
2305,横須賀市,横須賀市船越町5丁目,123,,285,,26,,153,,185,,772
2306,横須賀市,横須賀市船越町6丁目,234,,153,,28,,8,,268,,691
2307,横須賀市,横須賀市船越町7丁目,116,,24,,231,,284,,229,,884
2308,横須賀市,横須賀市船越町8丁目,83,,24,,275,,227,,31,,640
2309,横須賀市,横須賀市走水1丁目,271,,85,,249,,21,,258,,884
2310,横須賀市,横須賀市走水2丁目,194,,61,,215,,232,,7,,709
2311,横須賀市,横須賀市太田和1丁目,149,,42,,210,,189,,280,,870
2312,横須賀市,横須賀市太田和2丁目,187,,235,,92,,101,,259,,874
2313,横須賀市,横須賀市太田和3丁目,260,,137,,253,,211,,195,,1056
2314,横須賀市,横須賀市太田和4丁目,289,,12,,128,,264,,106,,799
2315,横須賀市,横須賀市太田和5丁目,246,,108,,49,,184,,146,,733
2316,横須賀市,横須賀市大滝町1丁目,178,,247,,133,,139,,45,,742
2317,横須賀市,横須賀市大滝町2丁目,189,,134,,54,,52,,225,,654
2318,横須賀市,横須賀市大津町1丁目,249,,88,,153,,83,,274,,847
2319,横須賀市,横須賀市大津町2丁目,208,,168,,300,,276,,145,,1097
2320,横須賀市,横須賀市大津町3丁目,176,,281,,125,,64,,51,,697
2321,横須賀市,横須賀市大津町4丁目,88,,236,,91,,212,,211,,838
2322,横須賀市,横須賀市大津町5丁目,164,,178,,42,,113,,222,,719
2323,横須賀市,横須賀市大矢部1丁目,137,,241,,159,,234,,81,,852
2324,横須賀市,横須賀市大矢部2丁目,53,,101,,270,,268,,199,,891
2325,横須賀市,横須賀市大矢部3丁目,230,,246,,99,,116,,280,,971
2326,横須賀市,横須賀市大矢部4丁目,132,,0,,182,,280,,145,,739
2327,横須賀市,横須賀市大矢部5丁目,154,,108,,246,,291,,141,,940
2328,横須賀市,横須賀市大矢部6丁目,103,,205,,14,,24,,273,,619
2329,横須賀市,横須賀市鷹取1丁目,182,,180,,120,,298,,216,,996
2330,横須賀市,横須賀市鷹取2丁目,233,,277,,162,,59,,297,,1028
2331,横須賀市,横須賀市池上1丁目,234,,252,,81,,56,,38,,661
2332,横須賀市,横須賀市池上2丁目,298,,0,,104,,280,,29,,711
2333,横須賀市,横須賀市池上3丁目,3,,284,,282,,22,,12,,603
2334,横須賀市,横須賀市池上4丁目,87,,6,,279,,79,,244,,695
2335,横須賀市,横須賀市池上5丁目,40,,260,,40,,249,,93,,682
2336,横須賀市,横須賀市池上6丁目,67,,19,,70,,146,,222,,524
2337,横須賀市,横須賀市池上7丁目,200,,275,,112,,252,,27,,866
2338,横須賀市,横須賀市池田町1丁目,194,,142,,204,,122,,152,,814
2339,横須賀市,横須賀市池田町2丁目,120,,223,,287,,245,,286,,1161
2340,横須賀市,横須賀市池田町3丁目,197,,261,,275,,293,,257,,1283
2341,横須賀市,横須賀市池田町4丁目,173,,204,,207,,258,,183,,1025
2342,横須賀市,横須賀市池田町5丁目,131,,36,,225,,289,,28,,709
2343,横須賀市,横須賀市池田町6丁目,236,,287,,156,,15,,290,,984
2344,横須賀市,横須賀市長井1丁目,15,,154,,92,,243,,251,,755
2345,横須賀市,横須賀市長井2丁目,10,,28,,121,,262,,219,,640
2346,横須賀市,横須賀市長井3丁目,38,,102,,290,,58,,31,,519
2347,横須賀市,横須賀市長井4丁目,100,,20,,15,,290,,230,,655
2348,横須賀市,横須賀市長井5丁目,156,,245,,187,,55,,8,,651
2349,横須賀市,横須賀市長井6丁目,281,,166,,39,,296,,245,,1027
2350,横須賀市,横須賀市長浦町1丁目,242,,226,,284,,138,,36,,926
2351,横須賀市,横須賀市長浦町2丁目,279,,137,,135,,275,,52,,878
2352,横須賀市,横須賀市長浦町3丁目,171,,237,,208,,1,,79,,696
2353,横須賀市,横須賀市長浦町4丁目,8,,168,,162,,107,,289,,734
2354,横須賀市,横須賀市長浦町5丁目,118,,72,,198,,270,,277,,935
2355,横須賀市,横須賀市長坂1丁目,99,,194,,20,,264,,89,,666
2356,横須賀市,横須賀市長坂2丁目,67,,84,,234,,39,,258,,682
2357,横須賀市,横須賀市長坂3丁目,165,,108,,195,,42,,29,,539
2358,横須賀市,横須賀市長坂4丁目,149,,0,,185,,246,,249,,829
2359,横須賀市,横須賀市長坂5丁目,169,,131,,53,,191,,107,,651
2360,横須賀市,横須賀市長瀬1丁目,206,,235,,86,,243,,221,,991
2361,横須賀市,横須賀市長瀬2丁目,144,,96,,214,,208,,137,,799
2362,横須賀市,横須賀市長瀬3丁目,0,,255,,225,,287,,31,,798
2363,横須賀市,横須賀市長沢1丁目,108,,264,,165,,246,,207,,990
2364,横須賀市,横須賀市長沢2丁目,271,,235,,142,,149,,237,,1034
2365,横須賀市,横須賀市長沢3丁目,27,,69,,153,,99,,293,,641
2366,横須賀市,横須賀市長沢4丁目,290,,108,,192,,218,,264,,1072
2367,横須賀市,横須賀市長沢5丁目,204,,60,,217,,202,,19,,702
2368,横須賀市,横須賀市長沢6丁目,219,,209,,298,,57,,220,,1003
2369,横須賀市,横須賀市津久井1丁目,269,,206,,255,,256,,168,,1154
2370,横須賀市,横須賀市津久井2丁目,141,,266,,265,,213,,96,,981
2371,横須賀市,横須賀市津久井3丁目,125,,52,,142,,287,,65,,671
2372,横須賀市,横須賀市津久井4丁目,119,,276,,260,,244,,65,,964
2373,横須賀市,横須賀市津久井5丁目,295,,187,,38,,190,,169,,879
2374,横須賀市,横須賀市追浜町1丁目,174,,271,,291,,185,,141,,1062
2375,横須賀市,横須賀市追浜町2丁目,73,,299,,190,,168,,19,,749
2376,横須賀市,横須賀市追浜町3丁目,82,,78,,84,,46,,71,,361
2377,横須賀市,横須賀市追浜東町1丁目,260,,224,,118,,234,,208,,1044
2378,横須賀市,横須賀市追浜東町2丁目,210,,246,,92,,37,,143,,728
2379,横須賀市,横須賀市追浜東町3丁目,31,,226,,270,,167,,99,,793
2380,横須賀市,横須賀市追浜南町1丁目,35,,161,,105,,116,,102,,519
2381,横須賀市,横須賀市追浜南町2丁目,74,,300,,290,,296,,180,,1140
2382,横須賀市,横須賀市追浜南町3丁目,49,,210,,220,,30,,238,,747
2383,横須賀市,横須賀市追浜本町1丁目,108,,217,,165,,285,,130,,905
2384,横須賀市,横須賀市追浜本町2丁目,77,,279,,299,,47,,180,,882
2385,横須賀市,横須賀市鶴が丘1丁目,284,,142,,227,,258,,230,,1141
2386,横須賀市,横須賀市鶴が丘2丁目,44,,31,,292,,256,,34,,657
2387,横須賀市,横須賀市田浦町1丁目,229,,50,,292,,101,,122,,794
2388,横須賀市,横須賀市田浦町2丁目,130,,75,,234,,261,,219,,919
2389,横須賀市,横須賀市田浦町3丁目,0,,39,,220,,85,,0,,344
2390,横須賀市,横須賀市田浦町4丁目,161,,220,,148,,92,,262,,883
2391,横須賀市,横須賀市田浦町5丁目,100,,63,,226,,208,,53,,650
2392,横須賀市,横須賀市田浦町6丁目,121,,74,,196,,230,,87,,708
2393,横須賀市,横須賀市東逸見町1丁目,114,,158,,146,,17,,209,,644
2394,横須賀市,横須賀市東逸見町2丁目,230,,84,,89,,69,,112,,584
2395,横須賀市,横須賀市東逸見町3丁目,24,,73,,194,,265,,9,,565
2396,横須賀市,横須賀市東逸見町4丁目,202,,160,,89,,55,,146,,652
2397,横須賀市,横須賀市東浦賀1丁目,22,,74,,241,,132,,73,,542
2398,横須賀市,横須賀市東浦賀2丁目,57,,157,,52,,237,,197,,700
2399,横須賀市,横須賀市内川1丁目,268,,239,,55,,76,,107,,745
2400,横須賀市,横須賀市内川2丁目,59,,257,,291,,98,,152,,857
2401,横須賀市,横須賀市二葉1丁目,96,,41,,62,,113,,158,,470
2402,横須賀市,横須賀市二葉2丁目,11,,104,,71,,45,,172,,403
2403,横須賀市,横須賀市日の出町1丁目,130,,97,,210,,170,,197,,804
2404,横須賀市,横須賀市日の出町2丁目,65,,5,,154,,219,,46,,489
2405,横須賀市,横須賀市日の出町3丁目,175,,164,,288,,71,,29,,727
2406,横須賀市,横須賀市馬堀海岸1丁目,174,,66,,151,,23,,193,,607
2407,横須賀市,横須賀市馬堀海岸2丁目,227,,83,,203,,218,,203,,934
2408,横須賀市,横須賀市馬堀海岸3丁目,284,,230,,135,,221,,285,,1155
2409,横須賀市,横須賀市馬堀海岸4丁目,152,,195,,167,,178,,223,,915
2410,横須賀市,横須賀市馬堀町1丁目,209,,81,,190,,251,,210,,941
2411,横須賀市,横須賀市馬堀町2丁目,121,,1,,266,,117,,3,,508
2412,横須賀市,横須賀市馬堀町3丁目,56,,234,,6,,8,,213,,517
2413,横須賀市,横須賀市馬堀町4丁目,141,,217,,285,,13,,149,,805
2414,横須賀市,横須賀市浜見台1丁目,212,,3,,14,,30,,122,,381
2415,横須賀市,横須賀市浜見台2丁目,86,,153,,99,,60,,297,,695
2416,横須賀市,横須賀市不入斗町1丁目,181,,274,,48,,182,,64,,749
2417,横須賀市,横須賀市不入斗町2丁目,150,,166,,225,,172,,208,,921
2418,横須賀市,横須賀市不入斗町3丁目,268,,164,,295,,5,,119,,851
2419,横須賀市,横須賀市不入斗町4丁目,64,,221,,109,,177,,176,,747
2420,横須賀市,横須賀市富士見町1丁目,213,,204,,167,,94,,91,,769
2421,横須賀市,横須賀市富士見町2丁目,93,,168,,141,,240,,179,,821
2422,横須賀市,横須賀市富士見町3丁目,276,,273,,40,,289,,223,,1101
2423,横須賀市,横須賀市武1丁目,291,,61,,86,,112,,77,,627
2424,横須賀市,横須賀市武2丁目,145,,41,,29,,133,,177,,525
2425,横須賀市,横須賀市武3丁目,278,,47,,138,,169,,102,,734
2426,横須賀市,横須賀市武4丁目,284,,34,,47,,9,,82,,456
2427,横須賀市,横須賀市武5丁目,17,,294,,209,,11,,8,,539
2428,横須賀市,横須賀市平作1丁目,250,,33,,60,,220,,185,,748
2429,横須賀市,横須賀市平作2丁目,270,,220,,145,,241,,84,,960
2430,横須賀市,横須賀市平作3丁目,45,,122,,69,,260,,113,,609
2431,横須賀市,横須賀市平作4丁目,259,,199,,113,,165,,255,,991
2432,横須賀市,横須賀市平作5丁目,300,,17,,220,,172,,78,,787
2433,横須賀市,横須賀市平作6丁目,110,,55,,37,,58,,207,,467
2434,横須賀市,横須賀市平作7丁目,278,,33,,202,,242,,169,,924
2435,横須賀市,横須賀市平作8丁目,159,,246,,13,,207,,104,,729
2436,横須賀市,横須賀市平成町1丁目,147,,194,,154,,13,,285,,793
2437,横須賀市,横須賀市平成町2丁目,124,,110,,14,,59,,202,,509
2438,横須賀市,横須賀市平成町3丁目,9,,159,,184,,51,,136,,539
2439,横須賀市,横須賀市米が浜通1丁目,116,,164,,98,,130,,65,,573
2440,横須賀市,横須賀市米が浜通2丁目,294,,150,,204,,291,,40,,979
2441,横須賀市,横須賀市本町1丁目,246,,281,,271,,64,,165,,1027
2442,横須賀市,横須賀市本町2丁目,208,,66,,149,,239,,151,,813
2443,横須賀市,横須賀市本町3丁目,188,,54,,126,,196,,63,,627
2444,横須賀市,横須賀市野比1丁目,40,,151,,147,,34,,135,,507
2445,横須賀市,横須賀市野比2丁目,66,,5,,22,,73,,126,,292
2446,横須賀市,横須賀市野比3丁目,161,,67,,109,,247,,49,,633
2447,横須賀市,横須賀市野比4丁目,2,,276,,169,,126,,122,,695
2448,横須賀市,横須賀市野比5丁目,106,,134,,161,,65,,257,,723
2449,横須賀市,横須賀市林1丁目,260,,256,,264,,37,,185,,1002
2450,横須賀市,横須賀市林2丁目,51,,189,,174,,84,,286,,784
2451,横須賀市,横須賀市林3丁目,22,,28,,14,,195,,222,,481
2452,横須賀市,横須賀市林4丁目,278,,235,,197,,163,,25,,898
2453,横須賀市,横須賀市林5丁目,159,,23,,193,,204,,242,,821
2454,横浜市泉区,横浜市泉区岡津町,43,,61,,12,,204,,95,,415
2455,横浜市泉区,横浜市泉区下飯田町,197,,35,,223,,70,,262,,787
2456,横浜市泉区,横浜市泉区下和泉,40,,213,,103,,82,,216,,654
2457,横浜市泉区,横浜市泉区桂坂,3,,169,,69,,64,,280,,585
2458,横浜市泉区,横浜市泉区上飯田町,279,,247,,166,,203,,28,,923
2459,横浜市泉区,横浜市泉区新橋町,277,,187,,71,,271,,180,,986
2460,横浜市泉区,横浜市泉区西が岡,180,,272,,235,,57,,71,,815
2461,横浜市泉区,横浜市泉区池の谷,161,,247,,243,,257,,286,,1194
2462,横浜市泉区,横浜市泉区中田西,205,,175,,173,,147,,209,,909
2463,横浜市泉区,横浜市泉区中田町,15,,69,,178,,33,,156,,451
2464,横浜市泉区,横浜市泉区中田東,2,,214,,74,,214,,144,,648
2465,横浜市泉区,横浜市泉区中田南,235,,241,,141,,211,,62,,890
2466,横浜市泉区,横浜市泉区中田北,119,,232,,81,,199,,82,,713
2467,横浜市泉区,横浜市泉区白百合,187,,118,,98,,214,,86,,703
2468,横浜市泉区,横浜市泉区弥生台,120,,213,,292,,150,,18,,793
2469,横浜市泉区,横浜市泉区領家,222,,172,,19,,122,,198,,733
2470,横浜市泉区,横浜市泉区緑園,93,,3,,63,,149,,133,,441
2471,横浜市泉区,横浜市泉区和泉が丘,57,,68,,208,,286,,24,,643
2472,横浜市泉区,横浜市泉区和泉中央南,3,,48,,82,,203,,109,,445
2473,横浜市泉区,横浜市泉区和泉中央北,164,,221,,292,,294,,192,,1163
2474,横浜市泉区,横浜市泉区和泉町,87,,59,,46,,106,,89,,387
2475,横浜市泉区,横浜市泉区下和泉1丁目,33,,268,,168,,94,,267,,830
2476,横浜市泉区,横浜市泉区下和泉2丁目,212,,36,,46,,245,,300,,839
2477,横浜市泉区,横浜市泉区下和泉3丁目,161,,201,,258,,179,,207,,1006
2478,横浜市泉区,横浜市泉区下和泉4丁目,96,,33,,161,,295,,278,,863
2479,横浜市泉区,横浜市泉区下和泉5丁目,198,,1,,59,,12,,38,,308
2480,横浜市泉区,横浜市泉区西が岡1丁目,19,,133,,98,,212,,215,,677
2481,横浜市泉区,横浜市泉区西が岡2丁目,57,,181,,116,,46,,42,,442
2482,横浜市泉区,横浜市泉区西が岡3丁目,6,,289,,161,,241,,229,,926
2483,横浜市泉区,横浜市泉区中田西1丁目,163,,271,,298,,222,,226,,1180
2484,横浜市泉区,横浜市泉区中田西2丁目,57,,116,,52,,52,,8,,285
2485,横浜市泉区,横浜市泉区中田西3丁目,105,,90,,242,,208,,140,,785
2486,横浜市泉区,横浜市泉区中田西4丁目,209,,114,,294,,52,,218,,887
2487,横浜市泉区,横浜市泉区中田東1丁目,172,,274,,233,,97,,98,,874
2488,横浜市泉区,横浜市泉区中田東2丁目,104,,11,,238,,34,,27,,414
2489,横浜市泉区,横浜市泉区中田東3丁目,27,,222,,198,,121,,37,,605
2490,横浜市泉区,横浜市泉区中田東4丁目,63,,257,,119,,158,,62,,659
2491,横浜市泉区,横浜市泉区中田南1丁目,222,,242,,228,,227,,249,,1168
2492,横浜市泉区,横浜市泉区中田南2丁目,222,,69,,20,,59,,176,,546
2493,横浜市泉区,横浜市泉区中田南3丁目,252,,92,,170,,283,,169,,966
2494,横浜市泉区,横浜市泉区中田南4丁目,194,,290,,74,,101,,219,,878
2495,横浜市泉区,横浜市泉区中田南5丁目,91,,154,,38,,101,,251,,635
2496,横浜市泉区,横浜市泉区中田北1丁目,233,,92,,109,,202,,236,,872
2497,横浜市泉区,横浜市泉区中田北2丁目,297,,101,,230,,236,,85,,949
2498,横浜市泉区,横浜市泉区中田北3丁目,175,,66,,76,,275,,56,,648
2499,横浜市泉区,横浜市泉区白百合1丁目,146,,177,,106,,48,,177,,654
2500,横浜市泉区,横浜市泉区白百合2丁目,114,,146,,57,,24,,75,,416
2501,横浜市泉区,横浜市泉区白百合3丁目,283,,158,,142,,7,,126,,716
2502,横浜市泉区,横浜市泉区領家1丁目,152,,255,,192,,11,,151,,761
2503,横浜市泉区,横浜市泉区領家2丁目,74,,196,,279,,68,,255,,872
2504,横浜市泉区,横浜市泉区領家3丁目,31,,128,,7,,205,,7,,378
2505,横浜市泉区,横浜市泉区領家4丁目,225,,156,,110,,176,,298,,965
2506,横浜市泉区,横浜市泉区緑園1丁目,251,,68,,31,,192,,170,,712
2507,横浜市泉区,横浜市泉区緑園2丁目,65,,227,,204,,287,,254,,1037
2508,横浜市泉区,横浜市泉区緑園3丁目,292,,7,,83,,255,,177,,814
2509,横浜市泉区,横浜市泉区緑園4丁目,256,,105,,117,,12,,53,,543
2510,横浜市泉区,横浜市泉区緑園5丁目,230,,134,,47,,236,,121,,768
2511,横浜市泉区,横浜市泉区緑園6丁目,98,,21,,23,,161,,224,,527
2512,横浜市泉区,横浜市泉区緑園7丁目,111,,99,,66,,233,,105,,614
2513,横浜市泉区,横浜市泉区和泉が丘1丁目,26,,192,,1,,97,,80,,396
2514,横浜市泉区,横浜市泉区和泉が丘2丁目,77,,233,,183,,133,,180,,806
2515,横浜市泉区,横浜市泉区和泉が丘3丁目,233,,164,,17,,55,,250,,719
2516,横浜市泉区,横浜市泉区和泉中央南1丁目,128,,11,,187,,95,,233,,654
2517,横浜市泉区,横浜市泉区和泉中央南2丁目,42,,147,,116,,130,,167,,602
2518,横浜市泉区,横浜市泉区和泉中央南3丁目,24,,195,,263,,195,,26,,703
2519,横浜市泉区,横浜市泉区和泉中央南4丁目,8,,41,,156,,189,,104,,498
2520,横浜市泉区,横浜市泉区和泉中央南5丁目,221,,270,,210,,290,,290,,1281
2521,横浜市泉区,横浜市泉区和泉中央北1丁目,225,,238,,160,,285,,134,,1042
2522,横浜市泉区,横浜市泉区和泉中央北2丁目,69,,84,,295,,295,,188,,931
2523,横浜市泉区,横浜市泉区和泉中央北3丁目,70,,38,,148,,151,,105,,512
2524,横浜市泉区,横浜市泉区和泉中央北4丁目,207,,300,,288,,135,,262,,1192
2525,横浜市泉区,横浜市泉区和泉中央北5丁目,186,,41,,70,,120,,47,,464
2526,横浜市泉区,横浜市泉区和泉中央北6丁目,165,,215,,10,,150,,116,,656
2527,相模原市南区,相模原市南区旭町,12,,142,,28,,282,,48,,512
2528,相模原市南区,相模原市南区磯部,270,,255,,170,,238,,297,,1230
2529,相模原市南区,相模原市南区鵜野森,217,,7,,272,,287,,290,,1073
2530,相模原市南区,相模原市南区栄町,261,,257,,79,,152,,124,,873
2531,相模原市南区,相模原市南区下溝,299,,199,,234,,215,,281,,1228
2532,相模原市南区,相模原市南区古淵,234,,262,,206,,21,,277,,1000
2533,相模原市南区,相模原市南区御園,205,,15,,231,,197,,198,,846
2534,相模原市南区,相模原市南区桜台,189,,203,,213,,292,,222,,1119
2535,相模原市南区,相模原市南区若松,283,,149,,43,,134,,230,,839
2536,相模原市南区,相模原市南区若松（２）,207,,286,,152,,195,,283,,1123
2537,相模原市南区,相模原市南区松が枝町,147,,216,,157,,95,,277,,892
2538,相模原市南区,相模原市南区上鶴間,115,,191,,275,,189,,159,,929
2539,相模原市南区,相模原市南区上鶴間（１）,191,,117,,110,,259,,66,,743
2540,相模原市南区,相模原市南区上鶴間（２）,170,,110,,173,,29,,52,,534
2541,相模原市南区,相模原市南区上鶴間本町,58,,71,,195,,198,,217,,739
2542,相模原市南区,相模原市南区新磯野,121,,25,,42,,97,,178,,463
2543,相模原市南区,相模原市南区新磯野（１）,121,,52,,260,,16,,169,,618
2544,相模原市南区,相模原市南区新磯野（３）,149,,183,,71,,162,,275,,840
2545,相模原市南区,相模原市南区新戸,113,,17,,234,,174,,103,,641
2546,相模原市南区,相模原市南区西大沼,300,,73,,279,,132,,69,,853
2547,相模原市南区,相模原市南区双葉,75,,61,,294,,176,,16,,622
2548,相模原市南区,相模原市南区相南,41,,102,,29,,229,,44,,445
2549,相模原市南区,相模原市南区相武台,60,,70,,23,,186,,194,,533
2550,相模原市南区,相模原市南区相武台団地,47,,79,,300,,233,,157,,816
2551,相模原市南区,相模原市南区相模台,263,,161,,177,,224,,191,,1016
2552,相模原市南区,相模原市南区相模台団地,182,,269,,180,,278,,64,,973
2553,相模原市南区,相模原市南区相模大野,149,,203,,135,,134,,85,,706
2554,相模原市南区,相模原市南区大野台,142,,200,,276,,213,,226,,1057
2555,相模原市南区,相模原市南区東大沼,64,,84,,132,,267,,300,,847
2556,相模原市南区,相模原市南区東林間,270,,185,,284,,146,,100,,985
2557,相模原市南区,相模原市南区当麻,298,,57,,129,,276,,8,,768
2558,相模原市南区,相模原市南区南台,130,,132,,55,,295,,280,,892
2559,相模原市南区,相模原市南区文京,230,,214,,152,,213,,130,,939
2560,相模原市南区,相模原市南区豊町,201,,164,,284,,112,,130,,891
2561,相模原市南区,相模原市南区北里,264,,243,,31,,217,,57,,812
2562,相模原市南区,相模原市南区麻溝台,168,,8,,251,,284,,300,,1011
2563,相模原市南区,相模原市南区麻溝台（１）,192,,232,,66,,146,,78,,714
2564,相模原市南区,相模原市南区麻溝台（２）,234,,250,,141,,112,,222,,959
2565,相模原市南区,相模原市南区鵜野森1丁目,87,,74,,294,,226,,298,,979
2566,相模原市南区,相模原市南区鵜野森2丁目,7,,103,,294,,227,,180,,811
2567,相模原市南区,相模原市南区鵜野森3丁目,158,,154,,156,,254,,143,,865
2568,相模原市南区,相模原市南区古淵1丁目,235,,187,,191,,52,,85,,750
2569,相模原市南区,相模原市南区古淵2丁目,224,,168,,221,,140,,59,,812
2570,相模原市南区,相模原市南区古淵3丁目,281,,10,,84,,163,,13,,551
2571,相模原市南区,相模原市南区古淵4丁目,290,,194,,185,,105,,75,,849
2572,相模原市南区,相模原市南区古淵5丁目,50,,29,,15,,147,,178,,419
2573,相模原市南区,相模原市南区古淵6丁目,197,,272,,19,,43,,230,,761
2574,相模原市南区,相模原市南区御園1丁目,167,,70,,171,,66,,141,,615
2575,相模原市南区,相模原市南区御園2丁目,54,,275,,74,,81,,112,,596
2576,相模原市南区,相模原市南区御園3丁目,5,,207,,254,,54,,179,,699
2577,相模原市南区,相模原市南区御園4丁目,21,,43,,46,,199,,69,,378
2578,相模原市南区,相模原市南区御園5丁目,138,,22,,187,,97,,270,,714
2579,相模原市南区,相模原市南区若松1丁目,123,,39,,175,,58,,61,,456
2580,相模原市南区,相模原市南区若松2丁目,145,,167,,195,,123,,262,,892
2581,相模原市南区,相模原市南区若松3丁目,91,,122,,128,,183,,185,,709
2582,相模原市南区,相模原市南区若松4丁目,206,,122,,100,,266,,121,,815
2583,相模原市南区,相模原市南区若松5丁目,59,,261,,99,,240,,231,,890
2584,相模原市南区,相模原市南区若松6丁目,91,,246,,295,,130,,102,,864
2585,相模原市南区,相模原市南区上鶴間1丁目,253,,51,,290,,244,,35,,873
2586,相模原市南区,相模原市南区上鶴間2丁目,243,,71,,96,,37,,132,,579
2587,相模原市南区,相模原市南区上鶴間3丁目,82,,120,,203,,286,,199,,890
2588,相模原市南区,相模原市南区上鶴間4丁目,138,,43,,15,,198,,156,,550
2589,相模原市南区,相模原市南区上鶴間5丁目,285,,82,,175,,41,,147,,730
2590,相模原市南区,相模原市南区上鶴間6丁目,295,,179,,119,,144,,236,,973
2591,相模原市南区,相模原市南区上鶴間7丁目,233,,100,,176,,149,,18,,676
2592,相模原市南区,相模原市南区上鶴間8丁目,289,,229,,131,,134,,175,,958
2593,相模原市南区,相模原市南区上鶴間本町1丁目,197,,103,,39,,72,,30,,441
2594,相模原市南区,相模原市南区上鶴間本町2丁目,235,,225,,46,,98,,166,,770
2595,相模原市南区,相模原市南区上鶴間本町3丁目,88,,126,,178,,159,,214,,765
2596,相模原市南区,相模原市南区上鶴間本町4丁目,174,,39,,164,,18,,148,,543
2597,相模原市南区,相模原市南区上鶴間本町5丁目,126,,167,,120,,88,,242,,743
2598,相模原市南区,相模原市南区上鶴間本町6丁目,22,,265,,87,,139,,75,,588
2599,相模原市南区,相模原市南区上鶴間本町7丁目,267,,148,,209,,225,,0,,849
2600,相模原市南区,相模原市南区上鶴間本町8丁目,132,,16,,136,,44,,211,,539
2601,相模原市南区,相模原市南区上鶴間本町9丁目,185,,52,,129,,11,,120,,497
2602,相模原市南区,相模原市南区新磯野1丁目,265,,180,,103,,131,,233,,912
2603,相模原市南区,相模原市南区新磯野2丁目,162,,33,,65,,109,,82,,451
2604,相模原市南区,相模原市南区新磯野3丁目,71,,72,,15,,38,,0,,196
2605,相模原市南区,相模原市南区新磯野4丁目,30,,138,,89,,166,,75,,498
2606,相模原市南区,相模原市南区新磯野5丁目,186,,6,,240,,151,,278,,861
2607,相模原市南区,相模原市南区西大沼1丁目,212,,135,,114,,155,,150,,766
2608,相模原市南区,相模原市南区西大沼2丁目,271,,279,,96,,252,,97,,995
2609,相模原市南区,相模原市南区西大沼3丁目,190,,155,,96,,260,,222,,923
2610,相模原市南区,相模原市南区西大沼4丁目,294,,99,,209,,26,,8,,636
2611,相模原市南区,相模原市南区西大沼5丁目,167,,71,,81,,173,,252,,744
2612,相模原市南区,相模原市南区双葉1丁目,168,,133,,281,,292,,173,,1047
2613,相模原市南区,相模原市南区双葉2丁目,138,,108,,220,,66,,186,,718
2614,相模原市南区,相模原市南区相南1丁目,46,,83,,81,,129,,256,,595
2615,相模原市南区,相模原市南区相南2丁目,62,,298,,99,,195,,80,,734
2616,相模原市南区,相模原市南区相南3丁目,229,,89,,61,,216,,221,,816
2617,相模原市南区,相模原市南区相南4丁目,172,,30,,1,,38,,11,,252
2618,相模原市南区,相模原市南区相武台1丁目,28,,77,,73,,40,,78,,296
2619,相模原市南区,相模原市南区相武台2丁目,225,,212,,266,,226,,135,,1064
2620,相模原市南区,相模原市南区相武台3丁目,286,,212,,13,,123,,257,,891
2621,相模原市南区,相模原市南区相武台団地1丁目,64,,116,,261,,154,,274,,869
2622,相模原市南区,相模原市南区相武台団地2丁目,273,,51,,5,,123,,180,,632
2623,相模原市南区,相模原市南区相模台1丁目,43,,36,,106,,136,,31,,352
2624,相模原市南区,相模原市南区相模台2丁目,116,,56,,92,,244,,248,,756
2625,相模原市南区,相模原市南区相模台3丁目,270,,98,,223,,59,,181,,831
2626,相模原市南区,相模原市南区相模台4丁目,195,,197,,20,,198,,22,,632
2627,相模原市南区,相模原市南区相模台5丁目,63,,36,,214,,193,,253,,759
2628,相模原市南区,相模原市南区相模台6丁目,245,,89,,210,,63,,61,,668
2629,相模原市南区,相模原市南区相模台7丁目,285,,28,,180,,205,,96,,794
2630,相模原市南区,相模原市南区相模大野1丁目,40,,225,,166,,105,,64,,600
2631,相模原市南区,相模原市南区相模大野2丁目,182,,137,,123,,270,,287,,999
2632,相模原市南区,相模原市南区相模大野3丁目,136,,104,,54,,98,,217,,609
2633,相模原市南区,相模原市南区相模大野4丁目,219,,286,,209,,210,,164,,1088
2634,相模原市南区,相模原市南区相模大野5丁目,225,,179,,76,,19,,176,,675
2635,相模原市南区,相模原市南区相模大野6丁目,146,,253,,132,,93,,1,,625
2636,相模原市南区,相模原市南区相模大野7丁目,1,,129,,187,,197,,162,,676
2637,相模原市南区,相模原市南区相模大野8丁目,39,,275,,97,,78,,237,,726
2638,相模原市南区,相模原市南区相模大野9丁目,162,,83,,238,,232,,286,,1001
2639,相模原市南区,相模原市南区大野台1丁目,265,,235,,177,,44,,26,,747
2640,相模原市南区,相模原市南区大野台2丁目,223,,287,,108,,237,,219,,1074
2641,相模原市南区,相模原市南区大野台3丁目,136,,168,,240,,12,,94,,650
2642,相模原市南区,相模原市南区大野台4丁目,88,,152,,45,,190,,62,,537
2643,相模原市南区,相模原市南区大野台5丁目,289,,265,,225,,152,,183,,1114
2644,相模原市南区,相模原市南区大野台6丁目,286,,106,,31,,268,,4,,695
2645,相模原市南区,相模原市南区大野台7丁目,283,,108,,41,,224,,85,,741
2646,相模原市南区,相模原市南区大野台8丁目,252,,138,,147,,204,,147,,888
2647,相模原市南区,相模原市南区東大沼1丁目,125,,66,,58,,92,,290,,631
2648,相模原市南区,相模原市南区東大沼2丁目,110,,197,,204,,161,,65,,737
2649,相模原市南区,相模原市南区東大沼3丁目,99,,248,,153,,209,,139,,848
2650,相模原市南区,相模原市南区東大沼4丁目,1,,202,,115,,37,,13,,368
2651,相模原市南区,相模原市南区東林間1丁目,269,,106,,43,,94,,15,,527
2652,相模原市南区,相模原市南区東林間2丁目,167,,42,,265,,226,,130,,830
2653,相模原市南区,相模原市南区東林間3丁目,97,,66,,115,,120,,296,,694
2654,相模原市南区,相模原市南区東林間4丁目,176,,183,,156,,44,,170,,729
2655,相模原市南区,相模原市南区東林間5丁目,285,,275,,128,,162,,204,,1054
2656,相模原市南区,相模原市南区東林間6丁目,200,,85,,269,,97,,174,,825
2657,相模原市南区,相模原市南区東林間7丁目,221,,300,,127,,278,,46,,972
2658,相模原市南区,相模原市南区東林間8丁目,200,,57,,99,,116,,13,,485
2659,相模原市南区,相模原市南区南台1丁目,86,,102,,50,,111,,12,,361
2660,相模原市南区,相模原市南区南台2丁目,66,,253,,146,,285,,146,,896
2661,相模原市南区,相模原市南区南台3丁目,34,,66,,196,,280,,283,,859
2662,相模原市南区,相模原市南区南台4丁目,219,,95,,229,,208,,64,,815
2663,相模原市南区,相模原市南区南台5丁目,67,,43,,111,,297,,11,,529
2664,相模原市南区,相模原市南区南台6丁目,91,,24,,154,,58,,114,,441
2665,相模原市南区,相模原市南区文京1丁目,282,,45,,13,,292,,290,,922
2666,相模原市南区,相模原市南区文京2丁目,45,,37,,295,,299,,63,,739
2667,相模原市南区,相模原市南区北里1丁目,17,,112,,282,,43,,6,,460
2668,相模原市南区,相模原市南区北里2丁目,208,,209,,20,,269,,77,,783
2669,相模原市南区,相模原市南区麻溝台1丁目,87,,252,,217,,58,,10,,624
2670,相模原市南区,相模原市南区麻溝台2丁目,171,,178,,215,,173,,23,,760
2671,相模原市南区,相模原市南区麻溝台3丁目,250,,78,,94,,46,,194,,662
2672,相模原市南区,相模原市南区麻溝台4丁目,90,,73,,280,,254,,101,,798
2673,相模原市南区,相模原市南区麻溝台5丁目,182,,25,,79,,259,,287,,832
2674,相模原市南区,相模原市南区麻溝台6丁目,26,,261,,108,,122,,124,,641
2675,相模原市南区,相模原市南区麻溝台7丁目,81,,278,,1,,35,,250,,645
2676,相模原市南区,相模原市南区麻溝台8丁目,160,,174,,286,,168,,170,,958
2677,平塚市,平塚市ふじみ野,171,,91,,5,,77,,58,,402
2678,平塚市,平塚市めぐみが丘,33,,162,,40,,204,,134,,573
2679,平塚市,平塚市榎木町,12,,268,,160,,182,,182,,804
2680,平塚市,平塚市横内,1,,13,,83,,35,,232,,364
2681,平塚市,平塚市岡崎,124,,287,,99,,110,,44,,664
2682,平塚市,平塚市下吉沢,46,,1,,300,,55,,194,,596
2683,平塚市,平塚市下島,105,,168,,292,,256,,114,,935
2684,平塚市,平塚市河内,126,,277,,129,,8,,16,,556
2685,平塚市,平塚市花水台,285,,280,,173,,127,,74,,939
2686,平塚市,平塚市吉際,273,,293,,69,,171,,296,,1102
2687,平塚市,平塚市久領堤,224,,84,,31,,74,,191,,604
2688,平塚市,平塚市宮の前,84,,294,,175,,123,,181,,857
2689,平塚市,平塚市宮松町,131,,288,,97,,243,,254,,1013
2690,平塚市,平塚市錦町,114,,24,,30,,61,,236,,465
2691,平塚市,平塚市見附町,171,,200,,121,,85,,76,,653
2692,平塚市,平塚市御殿,172,,222,,159,,230,,46,,829
2693,平塚市,平塚市公所,282,,103,,191,,17,,256,,849
2694,平塚市,平塚市幸町,292,,179,,89,,257,,102,,919
2695,平塚市,平塚市広川,243,,213,,121,,147,,226,,950
2696,平塚市,平塚市紅谷町,113,,174,,54,,15,,36,,392
2697,平塚市,平塚市高根,74,,219,,135,,204,,120,,752
2698,平塚市,平塚市高村,4,,46,,112,,289,,44,,495
2699,平塚市,平塚市高浜台,60,,285,,276,,211,,163,,995
2700,平塚市,平塚市黒部丘,7,,146,,239,,215,,87,,694
2701,平塚市,平塚市根坂間,160,,67,,72,,95,,106,,500
2702,平塚市,平塚市桜ケ丘,86,,185,,237,,15,,22,,545
2703,平塚市,平塚市札場町,144,,115,,88,,11,,252,,610
2704,平塚市,平塚市山下,77,,272,,120,,1,,12,,482
2705,平塚市,平塚市四之宮,252,,72,,196,,96,,121,,737
2706,平塚市,平塚市寺田縄,227,,7,,212,,106,,138,,690
2707,平塚市,平塚市出縄,37,,12,,159,,91,,94,,393
2708,平塚市,平塚市小鍋島,155,,284,,90,,216,,285,,1030
2709,平塚市,平塚市松風町,64,,194,,176,,42,,174,,650
2710,平塚市,平塚市上吉沢,1,,287,,59,,138,,181,,666
2711,平塚市,平塚市上平塚,207,,64,,67,,46,,210,,594
2712,平塚市,平塚市城所,125,,247,,6,,125,,175,,678
2713,平塚市,平塚市新町,247,,99,,114,,33,,127,,620
2714,平塚市,平塚市真田,121,,146,,33,,179,,0,,479
2715,平塚市,平塚市諏訪町,248,,289,,185,,69,,138,,929
2716,平塚市,平塚市須賀,79,,90,,119,,276,,161,,725
2717,平塚市,平塚市西真土,151,,42,,283,,19,,260,,755
2718,平塚市,平塚市西八幡,130,,113,,85,,240,,20,,588
2719,平塚市,平塚市千須谷,90,,118,,208,,183,,137,,736
2720,平塚市,平塚市千石河岸,112,,177,,15,,261,,175,,740
2721,平塚市,平塚市浅間町,160,,59,,148,,270,,204,,841
2722,平塚市,平塚市袖ケ浜,89,,8,,208,,29,,13,,347
2723,平塚市,平塚市代官町,6,,73,,22,,152,,275,,528
2724,平塚市,平塚市大原,253,,37,,2,,29,,28,,349
2725,平塚市,平塚市大神,256,,5,,110,,228,,249,,848
2726,平塚市,平塚市大島,82,,67,,133,,191,,117,,590
2727,平塚市,平塚市達上ケ丘,218,,205,,250,,206,,116,,995
2728,平塚市,平塚市中原,121,,117,,218,,107,,282,,845
2729,平塚市,平塚市中原下宿,297,,141,,185,,193,,115,,931
2730,平塚市,平塚市中堂,16,,237,,146,,145,,248,,792
2731,平塚市,平塚市中里,113,,3,,165,,89,,128,,498
2732,平塚市,平塚市長持,281,,289,,114,,50,,82,,816
2733,平塚市,平塚市長瀞,282,,190,,179,,106,,215,,972
2734,平塚市,平塚市追分,246,,178,,111,,247,,262,,1044
2735,平塚市,平塚市堤町,129,,239,,11,,277,,154,,810
2736,平塚市,平塚市天沼,73,,231,,262,,110,,236,,912
2737,平塚市,平塚市田村,244,,204,,145,,153,,174,,920
2738,平塚市,平塚市土屋,135,,228,,132,,24,,220,,739
2739,平塚市,平塚市唐ケ原,17,,83,,240,,108,,124,,572
2740,平塚市,平塚市東真土,223,,197,,190,,56,,68,,734
2741,平塚市,平塚市東中原,180,,184,,232,,268,,87,,951
2742,平塚市,平塚市東八幡,11,,32,,62,,144,,27,,276
2743,平塚市,平塚市東豊田,76,,104,,281,,150,,185,,796
2744,平塚市,平塚市桃浜町,229,,52,,299,,166,,89,,835
2745,平塚市,平塚市徳延,173,,77,,10,,254,,206,,720
2746,平塚市,平塚市南金目,147,,139,,283,,173,,117,,859
2747,平塚市,平塚市南原,15,,75,,178,,200,,166,,634
2748,平塚市,平塚市南豊田,73,,217,,168,,204,,77,,739
2749,平塚市,平塚市虹ケ浜,291,,58,,281,,159,,194,,983
2750,平塚市,平塚市日向岡,223,,197,,256,,73,,4,,753
2751,平塚市,平塚市入部,172,,59,,19,,132,,131,,513
2752,平塚市,平塚市入野,263,,9,,222,,268,,290,,1052
2753,平塚市,平塚市馬入,55,,117,,96,,246,,45,,559
2754,平塚市,平塚市馬入本町,11,,198,,175,,194,,253,,831
2755,平塚市,平塚市八重咲町,156,,140,,199,,147,,43,,685
2756,平塚市,平塚市八千代町,189,,87,,133,,35,,105,,549
2757,平塚市,平塚市八幡,184,,73,,122,,101,,104,,584
2758,平塚市,平塚市飯島,79,,215,,57,,252,,156,,759
2759,平塚市,平塚市富士見町,206,,57,,29,,298,,71,,661
2760,平塚市,平塚市撫子原,54,,15,,170,,99,,228,,566
2761,平塚市,平塚市平塚,75,,96,,151,,191,,261,,774
2762,平塚市,平塚市片岡,146,,232,,37,,215,,4,,634
2763,平塚市,平塚市宝町,189,,288,,191,,165,,131,,964
2764,平塚市,平塚市豊原町,173,,153,,270,,253,,6,,855
2765,平塚市,平塚市豊田宮下,201,,172,,158,,229,,252,,1012
2766,平塚市,平塚市豊田小嶺,108,,53,,96,,41,,227,,525
2767,平塚市,平塚市豊田打間木,12,,176,,149,,278,,2,,617
2768,平塚市,平塚市豊田平等寺,26,,206,,245,,87,,159,,723
2769,平塚市,平塚市豊田本郷,178,,293,,137,,181,,73,,862
2770,平塚市,平塚市北金目,106,,30,,247,,80,,48,,511
2771,平塚市,平塚市北豊田,184,,254,,1,,271,,113,,823
2772,平塚市,平塚市万田,71,,116,,2,,230,,11,,430
2773,平塚市,平塚市明石町,90,,187,,98,,43,,4,,422
2774,平塚市,平塚市夕陽ケ丘,78,,221,,33,,100,,15,,447
2775,平塚市,平塚市立野町,25,,224,,262,,169,,285,,965
2776,平塚市,平塚市龍城ケ丘,134,,297,,158,,165,,162,,916
2777,平塚市,平塚市老松町,80,,295,,234,,146,,43,,798
2778,平塚市,平塚市纒,256,,8,,178,,77,,293,,812
2779,平塚市,平塚市菫平,291,,9,,142,,210,,163,,815
2780,平塚市,平塚市ふじみ野1丁目,18,,142,,60,,195,,285,,700
2781,平塚市,平塚市ふじみ野2丁目,297,,201,,46,,252,,97,,893
2782,平塚市,平塚市めぐみが丘1丁目,24,,85,,186,,255,,95,,645
2783,平塚市,平塚市めぐみが丘2丁目,276,,241,,147,,245,,26,,935
2784,平塚市,平塚市御殿1丁目,270,,72,,183,,105,,8,,638
2785,平塚市,平塚市御殿2丁目,242,,128,,80,,262,,11,,723
2786,平塚市,平塚市御殿3丁目,220,,225,,197,,167,,169,,978
2787,平塚市,平塚市御殿4丁目,36,,268,,94,,10,,61,,469
2788,平塚市,平塚市四之宮1丁目,250,,267,,212,,243,,155,,1127
2789,平塚市,平塚市四之宮2丁目,133,,14,,89,,252,,274,,762
2790,平塚市,平塚市四之宮3丁目,300,,279,,70,,28,,33,,710
2791,平塚市,平塚市四之宮4丁目,12,,122,,200,,154,,29,,517
2792,平塚市,平塚市四之宮5丁目,150,,26,,86,,237,,28,,527
2793,平塚市,平塚市四之宮6丁目,173,,0,,30,,168,,20,,391
2794,平塚市,平塚市四之宮7丁目,297,,80,,203,,173,,141,,894
2795,平塚市,平塚市真田1丁目,275,,38,,161,,142,,222,,838
2796,平塚市,平塚市真田2丁目,162,,165,,157,,154,,136,,774
2797,平塚市,平塚市真田3丁目,53,,39,,31,,290,,182,,595
2798,平塚市,平塚市真田4丁目,277,,140,,171,,80,,245,,913
2799,平塚市,平塚市西真土1丁目,241,,239,,5,,233,,204,,922
2800,平塚市,平塚市西真土2丁目,106,,30,,277,,239,,134,,786
2801,平塚市,平塚市西真土3丁目,121,,87,,82,,42,,286,,618
2802,平塚市,平塚市西真土4丁目,65,,201,,148,,109,,128,,651
2803,平塚市,平塚市西八幡1丁目,220,,56,,8,,298,,269,,851
2804,平塚市,平塚市西八幡2丁目,0,,190,,54,,134,,22,,400
2805,平塚市,平塚市西八幡3丁目,11,,4,,60,,292,,217,,584
2806,平塚市,平塚市西八幡4丁目,175,,151,,131,,215,,190,,862
2807,平塚市,平塚市中原1丁目,123,,222,,235,,97,,33,,710
2808,平塚市,平塚市中原2丁目,64,,298,,179,,88,,206,,835
2809,平塚市,平塚市中原3丁目,258,,121,,32,,87,,245,,743
2810,平塚市,平塚市田村1丁目,218,,273,,299,,275,,176,,1241
2811,平塚市,平塚市田村2丁目,54,,280,,280,,123,,172,,909
2812,平塚市,平塚市田村3丁目,96,,181,,247,,1,,227,,752
2813,平塚市,平塚市田村4丁目,59,,41,,236,,55,,23,,414
2814,平塚市,平塚市田村5丁目,68,,168,,146,,183,,97,,662
2815,平塚市,平塚市田村6丁目,181,,38,,210,,251,,242,,922
2816,平塚市,平塚市田村7丁目,116,,261,,31,,99,,62,,569
2817,平塚市,平塚市田村8丁目,277,,64,,245,,135,,136,,857
2818,平塚市,平塚市田村9丁目,209,,195,,214,,146,,93,,857
2819,平塚市,平塚市東真土1丁目,171,,127,,284,,171,,52,,805
2820,平塚市,平塚市東真土2丁目,170,,120,,87,,84,,97,,558
2821,平塚市,平塚市東真土3丁目,129,,92,,16,,148,,194,,579
2822,平塚市,平塚市東真土4丁目,114,,242,,88,,286,,267,,997
2823,平塚市,平塚市東中原1丁目,94,,84,,44,,250,,289,,761
2824,平塚市,平塚市東中原2丁目,115,,79,,57,,73,,282,,606
2825,平塚市,平塚市東八幡1丁目,263,,255,,134,,274,,182,,1108
2826,平塚市,平塚市東八幡2丁目,285,,259,,48,,24,,255,,871
2827,平塚市,平塚市東八幡3丁目,198,,12,,92,,246,,203,,751
2828,平塚市,平塚市東八幡4丁目,103,,165,,96,,1,,227,,592
2829,平塚市,平塚市東八幡5丁目,202,,261,,86,,248,,206,,1003
2830,平塚市,平塚市南原1丁目,99,,91,,296,,40,,186,,712
2831,平塚市,平塚市南原2丁目,278,,61,,165,,207,,209,,920
2832,平塚市,平塚市南原3丁目,27,,258,,61,,66,,118,,530
2833,平塚市,平塚市南原4丁目,182,,85,,225,,156,,64,,712
2834,平塚市,平塚市日向岡1丁目,42,,71,,28,,145,,134,,420
2835,平塚市,平塚市日向岡2丁目,121,,86,,198,,163,,281,,849
2836,平塚市,平塚市平塚1丁目,20,,89,,2,,255,,246,,612
2837,平塚市,平塚市平塚2丁目,54,,293,,49,,127,,117,,640
2838,平塚市,平塚市平塚3丁目,97,,264,,215,,183,,72,,831
2839,平塚市,平塚市平塚4丁目,299,,112,,69,,224,,58,,762
2840,平塚市,平塚市平塚5丁目,140,,34,,157,,229,,260,,820
2841,平塚市,平塚市北金目1丁目,225,,24,,204,,126,,228,,807
2842,平塚市,平塚市北金目2丁目,150,,187,,28,,142,,225,,732
2843,平塚市,平塚市北金目3丁目,197,,297,,7,,259,,279,,1039
2844,平塚市,平塚市北金目4丁目,42,,21,,27,,227,,155,,472
2845,相模原市中央区,相模原市中央区すすきの町,243,,52,,80,,160,,94,,629
2846,相模原市中央区,相模原市中央区横山,185,,3,,167,,106,,18,,479
2847,相模原市中央区,相模原市中央区横山（１）,150,,242,,62,,182,,238,,874
2848,相模原市中央区,相模原市中央区横山台,1,,66,,122,,271,,208,,668
2849,相模原市中央区,相模原市中央区下九沢,89,,212,,203,,194,,50,,748
2850,相模原市中央区,相模原市中央区宮下,97,,4,,62,,20,,147,,330
2851,相模原市中央区,相模原市中央区宮下本町,18,,226,,180,,202,,276,,902
2852,相模原市中央区,相模原市中央区共和,106,,260,,246,,98,,152,,862
2853,相模原市中央区,相模原市中央区光が丘,55,,244,,274,,109,,37,,719
2854,相模原市中央区,相模原市中央区向陽町,257,,109,,185,,59,,93,,703
2855,相模原市中央区,相模原市中央区高根,295,,144,,202,,25,,10,,676
2856,相模原市中央区,相模原市中央区鹿沼台,153,,25,,29,,75,,264,,546
2857,相模原市中央区,相模原市中央区小山,182,,282,,275,,142,,259,,1140
2858,相模原市中央区,相模原市中央区小町通,270,,254,,167,,294,,260,,1245
2859,相模原市中央区,相模原市中央区松が丘,180,,269,,43,,196,,228,,916
2860,相模原市中央区,相模原市中央区上溝,52,,94,,108,,98,,245,,597
2861,相模原市中央区,相模原市中央区上矢部,252,,282,,220,,113,,139,,1006
2862,相模原市中央区,相模原市中央区水郷田名,143,,249,,136,,65,,47,,640
2863,相模原市中央区,相模原市中央区星が丘,58,,102,,22,,142,,24,,348
2864,相模原市中央区,相模原市中央区清新,258,,80,,112,,40,,177,,667
2865,相模原市中央区,相模原市中央区青葉,287,,84,,37,,227,,282,,917
2866,相模原市中央区,相模原市中央区千代田,182,,173,,45,,181,,24,,605
2867,相模原市中央区,相模原市中央区相生,158,,64,,29,,298,,242,,791
2868,相模原市中央区,相模原市中央区相模原,237,,163,,21,,268,,161,,850
2869,相模原市中央区,相模原市中央区大野台,165,,219,,199,,93,,290,,966
2870,相模原市中央区,相模原市中央区中央,12,,72,,34,,226,,12,,356
2871,相模原市中央区,相模原市中央区田名,16,,150,,26,,289,,18,,499
2872,相模原市中央区,相模原市中央区田名塩田,252,,34,,266,,144,,73,,769
2873,相模原市中央区,相模原市中央区東淵野辺,23,,130,,214,,227,,175,,769
2874,相模原市中央区,相模原市中央区南橋本,89,,259,,86,,64,,291,,789
2875,相模原市中央区,相模原市中央区氷川町,198,,76,,224,,252,,51,,801
2876,相模原市中央区,相模原市中央区富士見,5,,47,,16,,300,,99,,467
2877,相模原市中央区,相模原市中央区淵野辺,138,,184,,67,,146,,201,,736
2878,相模原市中央区,相模原市中央区淵野辺本町,215,,27,,102,,225,,84,,653
2879,相模原市中央区,相模原市中央区並木,23,,103,,270,,143,,65,,604
2880,相模原市中央区,相模原市中央区弥栄,83,,131,,272,,51,,71,,608
2881,相模原市中央区,相模原市中央区矢部,89,,60,,81,,47,,45,,322
2882,相模原市中央区,相模原市中央区矢部新町,75,,225,,79,,64,,198,,641
2883,相模原市中央区,相模原市中央区由野台,71,,8,,16,,252,,82,,429
2884,相模原市中央区,相模原市中央区陽光台,157,,255,,246,,72,,275,,1005
2885,相模原市中央区,相模原市中央区緑が丘,220,,179,,93,,82,,137,,711
2886,相模原市中央区,相模原市中央区横山1丁目,105,,279,,233,,132,,55,,804
2887,相模原市中央区,相模原市中央区横山2丁目,163,,184,,165,,78,,280,,870
2888,相模原市中央区,相模原市中央区横山3丁目,281,,161,,114,,299,,159,,1014
2889,相模原市中央区,相模原市中央区横山4丁目,65,,122,,218,,75,,179,,659
2890,相模原市中央区,相模原市中央区横山5丁目,80,,215,,105,,179,,210,,789
2891,相模原市中央区,相模原市中央区横山6丁目,251,,95,,9,,61,,283,,699
2892,相模原市中央区,相模原市中央区横山台1丁目,262,,152,,9,,12,,267,,702
2893,相模原市中央区,相模原市中央区横山台2丁目,236,,144,,252,,241,,50,,923
2894,相模原市中央区,相模原市中央区宮下1丁目,246,,83,,71,,205,,10,,615
2895,相模原市中央区,相模原市中央区宮下2丁目,21,,230,,94,,271,,300,,916
2896,相模原市中央区,相模原市中央区宮下3丁目,297,,126,,132,,148,,179,,882
2897,相模原市中央区,相模原市中央区宮下本町1丁目,25,,205,,199,,151,,33,,613
2898,相模原市中央区,相模原市中央区宮下本町2丁目,227,,156,,58,,291,,31,,763
2899,相模原市中央区,相模原市中央区宮下本町3丁目,17,,279,,197,,47,,145,,685
2900,相模原市中央区,相模原市中央区共和1丁目,118,,267,,180,,229,,152,,946
2901,相模原市中央区,相模原市中央区共和2丁目,125,,1,,285,,75,,169,,655
2902,相模原市中央区,相模原市中央区共和3丁目,175,,68,,111,,101,,211,,666
2903,相模原市中央区,相模原市中央区共和4丁目,129,,31,,91,,210,,211,,672
2904,相模原市中央区,相模原市中央区光が丘1丁目,13,,140,,207,,78,,158,,596
2905,相模原市中央区,相模原市中央区光が丘2丁目,80,,69,,188,,296,,50,,683
2906,相模原市中央区,相模原市中央区光が丘3丁目,250,,38,,31,,236,,78,,633
2907,相模原市中央区,相模原市中央区高根1丁目,288,,199,,239,,235,,157,,1118
2908,相模原市中央区,相模原市中央区高根2丁目,281,,35,,175,,124,,102,,717
2909,相模原市中央区,相模原市中央区高根3丁目,87,,17,,198,,108,,95,,505
2910,相模原市中央区,相模原市中央区鹿沼台1丁目,199,,22,,72,,168,,238,,699
2911,相模原市中央区,相模原市中央区鹿沼台2丁目,192,,148,,246,,166,,187,,939
2912,相模原市中央区,相模原市中央区小山1丁目,292,,285,,282,,164,,75,,1098
2913,相模原市中央区,相模原市中央区小山2丁目,153,,264,,128,,122,,114,,781
2914,相模原市中央区,相模原市中央区小山3丁目,228,,60,,275,,203,,187,,953
2915,相模原市中央区,相模原市中央区小山4丁目,137,,240,,198,,157,,150,,882
2916,相模原市中央区,相模原市中央区小町通1丁目,269,,195,,221,,266,,264,,1215
2917,相模原市中央区,相模原市中央区小町通2丁目,198,,149,,46,,290,,193,,876
2918,相模原市中央区,相模原市中央区松が丘1丁目,139,,184,,209,,284,,165,,981
2919,相模原市中央区,相模原市中央区松が丘2丁目,234,,209,,38,,225,,52,,758
2920,相模原市中央区,相模原市中央区上溝1丁目,10,,33,,83,,44,,41,,211
2921,相模原市中央区,相模原市中央区上溝2丁目,247,,25,,220,,205,,247,,944
2922,相模原市中央区,相模原市中央区上溝3丁目,97,,287,,107,,287,,195,,973
2923,相模原市中央区,相模原市中央区上溝4丁目,48,,101,,197,,283,,36,,665
2924,相模原市中央区,相模原市中央区上溝5丁目,44,,136,,185,,265,,155,,785
2925,相模原市中央区,相模原市中央区上溝6丁目,80,,75,,18,,198,,84,,455
2926,相模原市中央区,相模原市中央区上溝7丁目,39,,5,,166,,236,,271,,717
2927,相模原市中央区,相模原市中央区上矢部1丁目,17,,182,,203,,100,,87,,589
2928,相模原市中央区,相模原市中央区上矢部2丁目,31,,225,,171,,11,,149,,587
2929,相模原市中央区,相模原市中央区上矢部3丁目,74,,194,,148,,89,,215,,720
2930,相模原市中央区,相模原市中央区上矢部4丁目,280,,91,,41,,232,,132,,776
2931,相模原市中央区,相模原市中央区上矢部5丁目,115,,105,,225,,131,,53,,629
2932,相模原市中央区,相模原市中央区水郷田名1丁目,234,,163,,172,,21,,152,,742
2933,相模原市中央区,相模原市中央区水郷田名2丁目,236,,215,,132,,289,,285,,1157
2934,相模原市中央区,相模原市中央区水郷田名3丁目,121,,110,,276,,288,,123,,918
2935,相模原市中央区,相模原市中央区水郷田名4丁目,296,,271,,276,,290,,254,,1387
2936,相模原市中央区,相模原市中央区星が丘1丁目,281,,144,,236,,47,,220,,928
2937,相模原市中央区,相模原市中央区星が丘2丁目,256,,94,,287,,271,,205,,1113
2938,相模原市中央区,相模原市中央区星が丘3丁目,148,,189,,49,,128,,281,,795
2939,相模原市中央区,相模原市中央区星が丘4丁目,80,,47,,194,,5,,148,,474
2940,相模原市中央区,相模原市中央区清新1丁目,217,,28,,25,,6,,237,,513
2941,相模原市中央区,相模原市中央区清新2丁目,84,,193,,112,,171,,139,,699
2942,相模原市中央区,相模原市中央区清新3丁目,38,,75,,77,,55,,5,,250
2943,相模原市中央区,相模原市中央区清新4丁目,233,,280,,83,,126,,181,,903
2944,相模原市中央区,相模原市中央区清新5丁目,229,,44,,236,,81,,35,,625
2945,相模原市中央区,相模原市中央区清新6丁目,183,,178,,101,,277,,270,,1009
2946,相模原市中央区,相模原市中央区清新7丁目,132,,190,,185,,247,,233,,987
2947,相模原市中央区,相模原市中央区清新8丁目,91,,52,,135,,117,,289,,684
2948,相模原市中央区,相模原市中央区青葉1丁目,213,,236,,61,,297,,244,,1051
2949,相模原市中央区,相模原市中央区青葉2丁目,157,,299,,86,,152,,40,,734
2950,相模原市中央区,相模原市中央区青葉3丁目,271,,19,,283,,210,,240,,1023
2951,相模原市中央区,相模原市中央区千代田1丁目,94,,257,,283,,46,,271,,951
2952,相模原市中央区,相模原市中央区千代田2丁目,219,,8,,132,,286,,148,,793
2953,相模原市中央区,相模原市中央区千代田3丁目,38,,99,,131,,22,,275,,565
2954,相模原市中央区,相模原市中央区千代田4丁目,124,,12,,237,,39,,15,,427
2955,相模原市中央区,相模原市中央区千代田5丁目,191,,194,,176,,274,,270,,1105
2956,相模原市中央区,相模原市中央区千代田6丁目,29,,46,,38,,197,,216,,526
2957,相模原市中央区,相模原市中央区千代田7丁目,41,,153,,138,,105,,55,,492
2958,相模原市中央区,相模原市中央区相生1丁目,154,,259,,129,,152,,44,,738
2959,相模原市中央区,相模原市中央区相生2丁目,85,,93,,133,,175,,85,,571
2960,相模原市中央区,相模原市中央区相生3丁目,269,,253,,62,,292,,114,,990
2961,相模原市中央区,相模原市中央区相生4丁目,98,,294,,207,,22,,280,,901
2962,相模原市中央区,相模原市中央区相模原1丁目,133,,40,,272,,24,,182,,651
2963,相模原市中央区,相模原市中央区相模原2丁目,290,,196,,35,,48,,46,,615
2964,相模原市中央区,相模原市中央区相模原3丁目,168,,3,,45,,95,,165,,476
2965,相模原市中央区,相模原市中央区相模原4丁目,278,,274,,104,,238,,70,,964
2966,相模原市中央区,相模原市中央区相模原5丁目,39,,275,,99,,249,,33,,695
2967,相模原市中央区,相模原市中央区相模原6丁目,87,,50,,90,,293,,239,,759
2968,相模原市中央区,相模原市中央区相模原7丁目,254,,203,,170,,205,,63,,895
2969,相模原市中央区,相模原市中央区相模原8丁目,153,,177,,146,,0,,243,,719
2970,相模原市中央区,相模原市中央区大野台3丁目,208,,128,,103,,135,,191,,765
2971,相模原市中央区,相模原市中央区中央1丁目,283,,17,,242,,64,,233,,839
2972,相模原市中央区,相模原市中央区中央2丁目,200,,79,,135,,54,,94,,562
2973,相模原市中央区,相模原市中央区中央3丁目,254,,8,,193,,59,,40,,554
2974,相模原市中央区,相模原市中央区中央4丁目,133,,102,,292,,123,,240,,890
2975,相模原市中央区,相模原市中央区中央5丁目,34,,42,,45,,43,,215,,379
2976,相模原市中央区,相模原市中央区中央6丁目,29,,100,,268,,65,,235,,697
2977,相模原市中央区,相模原市中央区田名塩田1丁目,144,,271,,236,,297,,37,,985
2978,相模原市中央区,相模原市中央区田名塩田2丁目,29,,275,,295,,211,,210,,1020
2979,相模原市中央区,相模原市中央区田名塩田3丁目,100,,83,,148,,260,,29,,620
2980,相模原市中央区,相模原市中央区田名塩田4丁目,235,,213,,165,,220,,20,,853
2981,相模原市中央区,相模原市中央区東淵野辺1丁目,149,,79,,73,,293,,207,,801
2982,相模原市中央区,相模原市中央区東淵野辺2丁目,49,,131,,73,,224,,16,,493
2983,相模原市中央区,相模原市中央区東淵野辺3丁目,117,,86,,25,,105,,260,,593
2984,相模原市中央区,相模原市中央区東淵野辺4丁目,272,,228,,214,,171,,21,,906
2985,相模原市中央区,相模原市中央区東淵野辺5丁目,186,,41,,78,,90,,298,,693
2986,相模原市中央区,相模原市中央区南橋本1丁目,127,,213,,168,,259,,124,,891
2987,相模原市中央区,相模原市中央区南橋本2丁目,121,,26,,200,,100,,176,,623
2988,相模原市中央区,相模原市中央区南橋本3丁目,275,,171,,117,,101,,117,,781
2989,相模原市中央区,相模原市中央区南橋本4丁目,23,,45,,155,,261,,17,,501
2990,相模原市中央区,相模原市中央区富士見1丁目,189,,182,,240,,131,,252,,994
2991,相模原市中央区,相模原市中央区富士見2丁目,108,,204,,67,,10,,241,,630
2992,相模原市中央区,相模原市中央区富士見3丁目,35,,153,,127,,254,,2,,571
2993,相模原市中央区,相模原市中央区富士見4丁目,15,,95,,181,,281,,165,,737
2994,相模原市中央区,相模原市中央区富士見5丁目,187,,9,,92,,300,,136,,724
2995,相模原市中央区,相模原市中央区富士見6丁目,66,,247,,93,,82,,245,,733
2996,相模原市中央区,相模原市中央区淵野辺1丁目,112,,279,,84,,167,,261,,903
2997,相模原市中央区,相模原市中央区淵野辺2丁目,40,,294,,159,,155,,254,,902
2998,相模原市中央区,相模原市中央区淵野辺3丁目,113,,296,,282,,68,,3,,762
2999,相模原市中央区,相模原市中央区淵野辺4丁目,159,,250,,206,,99,,165,,879
3000,相模原市中央区,相模原市中央区淵野辺5丁目,47,,121,,258,,89,,272,,787
3001,相模原市中央区,相模原市中央区淵野辺本町1丁目,115,,69,,202,,84,,76,,546
3002,相模原市中央区,相模原市中央区淵野辺本町2丁目,141,,246,,70,,295,,181,,933
3003,相模原市中央区,相模原市中央区淵野辺本町3丁目,280,,200,,115,,30,,110,,735
3004,相模原市中央区,相模原市中央区淵野辺本町4丁目,110,,79,,78,,252,,149,,668
3005,相模原市中央区,相模原市中央区淵野辺本町5丁目,198,,206,,48,,263,,61,,776
3006,相模原市中央区,相模原市中央区並木1丁目,296,,49,,226,,128,,141,,840
3007,相模原市中央区,相模原市中央区並木2丁目,86,,171,,135,,155,,192,,739
3008,相模原市中央区,相模原市中央区並木3丁目,108,,271,,108,,275,,176,,938
3009,相模原市中央区,相模原市中央区並木4丁目,176,,112,,181,,155,,118,,742
3010,相模原市中央区,相模原市中央区弥栄1丁目,270,,143,,238,,101,,1,,753
3011,相模原市中央区,相模原市中央区弥栄2丁目,32,,274,,149,,266,,179,,900
3012,相模原市中央区,相模原市中央区弥栄3丁目,285,,231,,174,,164,,19,,873
3013,相模原市中央区,相模原市中央区矢部1丁目,79,,150,,74,,106,,138,,547
3014,相模原市中央区,相模原市中央区矢部2丁目,148,,191,,83,,232,,239,,893
3015,相模原市中央区,相模原市中央区矢部3丁目,275,,143,,257,,235,,193,,1103
3016,相模原市中央区,相模原市中央区矢部4丁目,46,,231,,62,,203,,125,,667
3017,相模原市中央区,相模原市中央区由野台1丁目,295,,148,,27,,227,,157,,854
3018,相模原市中央区,相模原市中央区由野台2丁目,150,,145,,254,,122,,256,,927
3019,相模原市中央区,相模原市中央区由野台3丁目,228,,120,,211,,128,,140,,827
3020,相模原市中央区,相模原市中央区陽光台1丁目,267,,49,,107,,141,,298,,862
3021,相模原市中央区,相模原市中央区陽光台2丁目,161,,24,,55,,226,,9,,475
3022,相模原市中央区,相模原市中央区陽光台3丁目,64,,250,,252,,281,,272,,1119
3023,相模原市中央区,相模原市中央区陽光台4丁目,149,,45,,195,,2,,146,,537
3024,相模原市中央区,相模原市中央区陽光台5丁目,260,,27,,159,,217,,242,,905
3025,相模原市中央区,相模原市中央区陽光台6丁目,154,,163,,140,,40,,198,,695
3026,相模原市中央区,相模原市中央区陽光台7丁目,25,,270,,48,,31,,39,,413
3027,相模原市中央区,相模原市中央区緑が丘1丁目,197,,139,,123,,67,,1,,527
3028,相模原市中央区,相模原市中央区緑が丘2丁目,123,,49,,186,,107,,45,,510
3029,横浜市栄区,横浜市栄区笠間,233,,23,,189,,112,,219,,776
3030,横浜市栄区,横浜市栄区笠間町,241,,270,,234,,60,,100,,905
3031,横浜市栄区,横浜市栄区亀井町,198,,242,,272,,139,,42,,893
3032,横浜市栄区,横浜市栄区金井町,43,,222,,34,,31,,262,,592
3033,横浜市栄区,横浜市栄区桂台西,191,,53,,79,,96,,140,,559
3034,横浜市栄区,横浜市栄区桂台中,96,,298,,245,,285,,67,,991
3035,横浜市栄区,横浜市栄区桂台東,290,,43,,257,,124,,291,,1005
3036,横浜市栄区,横浜市栄区桂台南,257,,248,,72,,11,,197,,785
3037,横浜市栄区,横浜市栄区桂台北,226,,113,,64,,262,,198,,863
3038,横浜市栄区,横浜市栄区桂町,237,,172,,69,,29,,50,,557
3039,横浜市栄区,横浜市栄区犬山町,49,,5,,49,,164,,178,,445
3040,横浜市栄区,横浜市栄区元大橋,74,,235,,204,,246,,98,,857
3041,横浜市栄区,横浜市栄区公田町,173,,33,,111,,52,,234,,603
3042,横浜市栄区,横浜市栄区若竹町,238,,158,,75,,82,,129,,682
3043,横浜市栄区,横浜市栄区小山台,126,,150,,199,,282,,256,,1013
3044,横浜市栄区,横浜市栄区小菅ケ谷,215,,132,,172,,51,,191,,761
3045,横浜市栄区,横浜市栄区小菅ケ谷町,53,,152,,133,,214,,93,,645
3046,横浜市栄区,横浜市栄区庄戸,12,,240,,213,,280,,222,,967
3047,横浜市栄区,横浜市栄区上郷町,227,,201,,190,,6,,37,,661
3048,横浜市栄区,横浜市栄区上之町,210,,153,,173,,90,,235,,861
3049,横浜市栄区,横浜市栄区鍛冶ケ谷,240,,290,,7,,162,,59,,758
3050,横浜市栄区,横浜市栄区鍛冶ケ谷町,3,,129,,276,,201,,216,,825
3051,横浜市栄区,横浜市栄区中野町,145,,61,,109,,152,,93,,560
3052,横浜市栄区,横浜市栄区長沼町,190,,204,,211,,234,,139,,978
3053,横浜市栄区,横浜市栄区長倉町,286,,261,,57,,101,,175,,880
3054,横浜市栄区,横浜市栄区長尾台町,250,,284,,171,,150,,175,,1030
3055,横浜市栄区,横浜市栄区田谷町,252,,94,,97,,115,,92,,650
3056,横浜市栄区,横浜市栄区東上郷町,30,,8,,285,,178,,10,,511
3057,横浜市栄区,横浜市栄区柏陽,269,,130,,63,,107,,174,,743
3058,横浜市栄区,横浜市栄区飯島町,81,,255,,204,,30,,89,,659
3059,横浜市栄区,横浜市栄区尾月,72,,257,,1,,31,,177,,538
3060,横浜市栄区,横浜市栄区本郷台,70,,49,,195,,293,,7,,614
3061,横浜市栄区,横浜市栄区野七里,160,,253,,128,,109,,249,,899
3062,横浜市栄区,横浜市栄区笠間1丁目,128,,238,,214,,157,,95,,832
3063,横浜市栄区,横浜市栄区笠間2丁目,251,,172,,125,,89,,74,,711
3064,横浜市栄区,横浜市栄区笠間3丁目,12,,176,,250,,252,,12,,702
3065,横浜市栄区,横浜市栄区笠間4丁目,72,,256,,65,,182,,196,,771
3066,横浜市栄区,横浜市栄区笠間5丁目,92,,269,,120,,93,,243,,817
3067,横浜市栄区,横浜市栄区桂台西1丁目,3,,192,,37,,36,,180,,448
3068,横浜市栄区,横浜市栄区桂台西2丁目,285,,211,,292,,196,,271,,1255
3069,横浜市栄区,横浜市栄区桂台南1丁目,255,,282,,32,,134,,39,,742
3070,横浜市栄区,横浜市栄区桂台南2丁目,131,,185,,8,,144,,120,,588
3071,横浜市栄区,横浜市栄区元大橋1丁目,95,,90,,92,,61,,2,,340
3072,横浜市栄区,横浜市栄区元大橋2丁目,124,,38,,217,,260,,181,,820
3073,横浜市栄区,横浜市栄区小山台1丁目,49,,166,,118,,237,,42,,612
3074,横浜市栄区,横浜市栄区小山台2丁目,47,,146,,143,,111,,54,,501
3075,横浜市栄区,横浜市栄区小菅ケ谷1丁目,250,,76,,233,,99,,199,,857
3076,横浜市栄区,横浜市栄区小菅ケ谷2丁目,61,,236,,172,,299,,191,,959
3077,横浜市栄区,横浜市栄区小菅ケ谷3丁目,193,,149,,119,,184,,128,,773
3078,横浜市栄区,横浜市栄区小菅ケ谷4丁目,101,,10,,139,,276,,287,,813
3079,横浜市栄区,横浜市栄区庄戸1丁目,81,,166,,5,,174,,71,,497
3080,横浜市栄区,横浜市栄区庄戸2丁目,185,,207,,172,,282,,10,,856
3081,横浜市栄区,横浜市栄区庄戸3丁目,140,,173,,124,,275,,15,,727
3082,横浜市栄区,横浜市栄区庄戸4丁目,238,,52,,56,,162,,160,,668
3083,横浜市栄区,横浜市栄区庄戸5丁目,119,,75,,106,,93,,34,,427
3084,横浜市栄区,横浜市栄区鍛冶ケ谷1丁目,172,,47,,194,,14,,124,,551
3085,横浜市栄区,横浜市栄区鍛冶ケ谷2丁目,68,,184,,177,,63,,57,,549
3086,横浜市栄区,横浜市栄区本郷台1丁目,259,,148,,210,,131,,29,,777
3087,横浜市栄区,横浜市栄区本郷台2丁目,23,,204,,1,,141,,112,,481
3088,横浜市栄区,横浜市栄区本郷台3丁目,121,,201,,92,,8,,83,,505
3089,横浜市栄区,横浜市栄区本郷台4丁目,142,,178,,170,,66,,11,,567
3090,横浜市栄区,横浜市栄区本郷台5丁目,70,,240,,23,,232,,183,,748
3091,横浜市栄区,横浜市栄区野七里1丁目,18,,77,,127,,19,,85,,326
3092,横浜市栄区,横浜市栄区野七里2丁目,242,,163,,25,,241,,238,,909
3093,三浦市,三浦市栄町,288,,99,,137,,234,,234,,992
3094,三浦市,三浦市海外町,58,,147,,258,,270,,137,,870
3095,三浦市,三浦市宮川町,21,,11,,167,,56,,10,,265
3096,三浦市,三浦市原町,112,,22,,68,,24,,72,,298
3097,三浦市,三浦市向ケ崎町,18,,42,,255,,30,,5,,350
3098,三浦市,三浦市三崎,115,,119,,247,,164,,185,,830
3099,三浦市,三浦市三崎町諸磯,287,,191,,241,,266,,149,,1134
3100,三浦市,三浦市三崎町小網代,260,,245,,249,,123,,129,,1006
3101,三浦市,三浦市三崎町城ケ島,283,,81,,258,,136,,201,,959
3102,三浦市,三浦市三崎町六合,52,,288,,215,,176,,254,,985
3103,三浦市,三浦市初声町下宮田,231,,42,,76,,122,,130,,601
3104,三浦市,三浦市初声町高円坊,111,,75,,291,,68,,117,,662
3105,三浦市,三浦市初声町三戸,76,,153,,274,,290,,130,,923
3106,三浦市,三浦市初声町入江,218,,215,,78,,258,,159,,928
3107,三浦市,三浦市初声町和田,125,,184,,173,,214,,51,,747
3108,三浦市,三浦市城山町,92,,55,,264,,175,,246,,832
3109,三浦市,三浦市諏訪町,237,,49,,253,,233,,42,,814
3110,三浦市,三浦市晴海町,286,,121,,78,,90,,75,,650
3111,三浦市,三浦市天神町,31,,75,,61,,288,,277,,732
3112,三浦市,三浦市東岡町,83,,228,,257,,262,,235,,1065
3113,三浦市,三浦市南下浦町菊名,113,,267,,41,,299,,247,,967
3114,三浦市,三浦市南下浦町金田,174,,52,,156,,153,,38,,573
3115,三浦市,三浦市南下浦町松輪,60,,277,,247,,179,,40,,803
3116,三浦市,三浦市南下浦町上宮田,204,,74,,6,,76,,154,,514
3117,三浦市,三浦市南下浦町毘沙門,125,,24,,176,,287,,68,,680
3118,三浦市,三浦市白石町,229,,207,,214,,215,,182,,1047
3119,三浦市,三浦市尾上町,89,,215,,21,,32,,292,,649
3120,三浦市,三浦市岬陽町,299,,102,,242,,22,,32,,697
3121,三浦市,三浦市三崎1丁目,258,,184,,118,,10,,180,,750
3122,三浦市,三浦市三崎2丁目,197,,84,,140,,35,,124,,580
3123,三浦市,三浦市三崎3丁目,55,,138,,62,,287,,213,,755
3124,三浦市,三浦市三崎4丁目,243,,280,,155,,13,,127,,818
3125,三浦市,三浦市三崎5丁目,68,,67,,268,,298,,265,,966
3126,川崎市幸区,川崎市幸区遠藤町,238,,181,,74,,123,,7,,623
3127,川崎市幸区,川崎市幸区下平間,45,,177,,13,,32,,82,,349
3128,川崎市幸区,川崎市幸区河原町,162,,49,,44,,217,,139,,611
3129,川崎市幸区,川崎市幸区古市場,40,,188,,68,,16,,73,,385
3130,川崎市幸区,川崎市幸区古川町,3,,204,,265,,116,,47,,635
3131,川崎市幸区,川崎市幸区戸手,170,,176,,223,,230,,72,,871
3132,川崎市幸区,川崎市幸区戸手本町,24,,197,,59,,37,,20,,337
3133,川崎市幸区,川崎市幸区幸町,43,,182,,33,,58,,227,,543
3134,川崎市幸区,川崎市幸区紺屋町,88,,172,,9,,118,,129,,516
3135,川崎市幸区,川崎市幸区鹿島田,285,,96,,90,,82,,213,,766
3136,川崎市幸区,川崎市幸区小向,186,,244,,298,,112,,261,,1101
3137,川崎市幸区,川崎市幸区小向西町,85,,136,,166,,290,,77,,754
3138,川崎市幸区,川崎市幸区小向仲野町,214,,132,,18,,188,,197,,749
3139,川崎市幸区,川崎市幸区小向町,233,,279,,103,,259,,19,,893
3140,川崎市幸区,川崎市幸区小向東芝町,34,,87,,249,,155,,276,,801
3141,川崎市幸区,川崎市幸区小倉,105,,9,,199,,298,,7,,618
3142,川崎市幸区,川崎市幸区新小倉,134,,48,,123,,32,,237,,574
3143,川崎市幸区,川崎市幸区新川崎,69,,156,,189,,287,,106,,807
3144,川崎市幸区,川崎市幸区新塚越,20,,199,,4,,235,,233,,691
3145,川崎市幸区,川崎市幸区神明町,107,,108,,35,,209,,173,,632
3146,川崎市幸区,川崎市幸区大宮町,230,,71,,242,,165,,16,,724
3147,川崎市幸区,川崎市幸区中幸町,158,,286,,10,,292,,37,,783
3148,川崎市幸区,川崎市幸区塚越,137,,215,,189,,280,,58,,879
3149,川崎市幸区,川崎市幸区都町,212,,30,,170,,35,,32,,479
3150,川崎市幸区,川崎市幸区東古市場,169,,69,,69,,45,,115,,467
3151,川崎市幸区,川崎市幸区東小倉,25,,35,,61,,19,,252,,392
3152,川崎市幸区,川崎市幸区南加瀬,1,,194,,250,,129,,23,,597
3153,川崎市幸区,川崎市幸区南幸町,146,,144,,81,,243,,105,,719
3154,川崎市幸区,川崎市幸区北加瀬,45,,158,,292,,242,,224,,961
3155,川崎市幸区,川崎市幸区堀川町,241,,182,,255,,67,,219,,964
3156,川崎市幸区,川崎市幸区矢上,50,,21,,86,,202,,234,,593
3157,川崎市幸区,川崎市幸区柳町,51,,76,,194,,153,,91,,565
3158,川崎市幸区,川崎市幸区古市場1丁目,211,,269,,213,,69,,243,,1005
3159,川崎市幸区,川崎市幸区古市場2丁目,240,,139,,223,,19,,203,,824
3160,川崎市幸区,川崎市幸区戸手1丁目,193,,162,,80,,206,,113,,754
3161,川崎市幸区,川崎市幸区戸手2丁目,71,,14,,248,,28,,73,,434
3162,川崎市幸区,川崎市幸区戸手3丁目,300,,260,,4,,241,,208,,1013
3163,川崎市幸区,川崎市幸区戸手4丁目,205,,231,,253,,56,,43,,788
3164,川崎市幸区,川崎市幸区戸手本町1丁目,131,,290,,279,,63,,25,,788
3165,川崎市幸区,川崎市幸区戸手本町2丁目,231,,5,,99,,156,,178,,669
3166,川崎市幸区,川崎市幸区幸町1丁目,227,,191,,110,,40,,193,,761
3167,川崎市幸区,川崎市幸区幸町2丁目,280,,23,,150,,184,,109,,746
3168,川崎市幸区,川崎市幸区幸町3丁目,14,,79,,61,,100,,150,,404
3169,川崎市幸区,川崎市幸区幸町4丁目,260,,17,,16,,258,,199,,750
3170,川崎市幸区,川崎市幸区鹿島田1丁目,74,,295,,78,,234,,224,,905
3171,川崎市幸区,川崎市幸区鹿島田2丁目,87,,117,,231,,206,,5,,646
3172,川崎市幸区,川崎市幸区鹿島田3丁目,180,,78,,246,,135,,13,,652
3173,川崎市幸区,川崎市幸区小向西町1丁目,249,,295,,43,,90,,63,,740
3174,川崎市幸区,川崎市幸区小向西町2丁目,167,,68,,247,,195,,294,,971
3175,川崎市幸区,川崎市幸区小向西町3丁目,67,,62,,252,,65,,131,,577
3176,川崎市幸区,川崎市幸区小向西町4丁目,97,,257,,270,,174,,162,,960
3177,川崎市幸区,川崎市幸区小倉1丁目,102,,288,,30,,278,,173,,871
3178,川崎市幸区,川崎市幸区小倉2丁目,102,,84,,233,,59,,75,,553
3179,川崎市幸区,川崎市幸区小倉3丁目,83,,135,,84,,295,,258,,855
3180,川崎市幸区,川崎市幸区小倉4丁目,54,,70,,239,,242,,170,,775
3181,川崎市幸区,川崎市幸区小倉5丁目,185,,55,,126,,133,,211,,710
3182,川崎市幸区,川崎市幸区神明町1丁目,187,,99,,175,,227,,78,,766
3183,川崎市幸区,川崎市幸区神明町2丁目,265,,100,,101,,188,,219,,873
3184,川崎市幸区,川崎市幸区中幸町1丁目,297,,15,,246,,253,,269,,1080
3185,川崎市幸区,川崎市幸区中幸町2丁目,107,,76,,99,,155,,250,,687
3186,川崎市幸区,川崎市幸区中幸町3丁目,232,,241,,31,,249,,160,,913
3187,川崎市幸区,川崎市幸区中幸町4丁目,186,,66,,226,,22,,2,,502
3188,川崎市幸区,川崎市幸区塚越1丁目,262,,44,,195,,180,,30,,711
3189,川崎市幸区,川崎市幸区塚越2丁目,167,,278,,226,,76,,166,,913
3190,川崎市幸区,川崎市幸区塚越3丁目,159,,267,,18,,172,,32,,648
3191,川崎市幸区,川崎市幸区塚越4丁目,28,,91,,202,,240,,154,,715
3192,川崎市幸区,川崎市幸区南加瀬1丁目,168,,218,,144,,272,,27,,829
3193,川崎市幸区,川崎市幸区南加瀬2丁目,210,,16,,125,,158,,48,,557
3194,川崎市幸区,川崎市幸区南加瀬3丁目,173,,274,,76,,72,,15,,610
3195,川崎市幸区,川崎市幸区南加瀬4丁目,198,,126,,23,,47,,264,,658
3196,川崎市幸区,川崎市幸区南加瀬5丁目,153,,183,,7,,128,,65,,536
3197,川崎市幸区,川崎市幸区南幸町1丁目,198,,54,,65,,56,,188,,561
3198,川崎市幸区,川崎市幸区南幸町2丁目,19,,218,,139,,235,,24,,635
3199,川崎市幸区,川崎市幸区南幸町3丁目,276,,229,,216,,199,,92,,1012
3200,川崎市幸区,川崎市幸区北加瀬1丁目,171,,159,,251,,70,,108,,759
3201,川崎市幸区,川崎市幸区北加瀬2丁目,194,,296,,66,,269,,67,,892
3202,川崎市幸区,川崎市幸区北加瀬3丁目,5,,60,,200,,131,,100,,496
3203,川崎市川崎区,川崎市川崎区旭町,191,,58,,9,,157,,120,,535
3204,川崎市川崎区,川崎市川崎区伊勢町,157,,68,,166,,126,,80,,597
3205,川崎市川崎区,川崎市川崎区駅前本町,265,,33,,141,,116,,1,,556
3206,川崎市川崎区,川崎市川崎区榎町,193,,285,,92,,177,,176,,923
3207,川崎市川崎区,川崎市川崎区塩浜,250,,293,,191,,15,,156,,905
3208,川崎市川崎区,川崎市川崎区下並木,164,,158,,39,,155,,84,,600
3209,川崎市川崎区,川崎市川崎区貝塚,91,,299,,205,,10,,119,,724
3210,川崎市川崎区,川崎市川崎区観音,37,,104,,17,,277,,280,,715
3211,川崎市川崎区,川崎市川崎区宮前町,54,,34,,11,,135,,267,,501
3212,川崎市川崎区,川崎市川崎区宮本町,114,,126,,60,,199,,174,,673
3213,川崎市川崎区,川崎市川崎区京町,141,,124,,29,,104,,293,,691
3214,川崎市川崎区,川崎市川崎区境町,188,,8,,203,,125,,95,,619
3215,川崎市川崎区,川崎市川崎区元木,173,,100,,258,,145,,53,,729
3216,川崎市川崎区,川崎市川崎区江川,208,,205,,103,,229,,270,,1015
3217,川崎市川崎区,川崎市川崎区港町,11,,289,,104,,177,,63,,644
3218,川崎市川崎区,川崎市川崎区鋼管通,248,,297,,120,,132,,18,,815
3219,川崎市川崎区,川崎市川崎区砂子,142,,163,,141,,255,,253,,954
3220,川崎市川崎区,川崎市川崎区桜本,0,,123,,43,,38,,227,,431
3221,川崎市川崎区,川崎市川崎区四谷下町,180,,133,,291,,28,,54,,686
3222,川崎市川崎区,川崎市川崎区四谷上町,166,,219,,147,,270,,299,,1101
3223,川崎市川崎区,川崎市川崎区出来野,41,,7,,80,,210,,136,,474
3224,川崎市川崎区,川崎市川崎区小川町,84,,140,,179,,160,,54,,617
3225,川崎市川崎区,川崎市川崎区小田,132,,47,,70,,278,,179,,706
3226,川崎市川崎区,川崎市川崎区小田栄,233,,232,,121,,32,,192,,810
3227,川崎市川崎区,川崎市川崎区小島町,17,,25,,239,,213,,111,,605
3228,川崎市川崎区,川崎市川崎区昭和,63,,231,,188,,261,,296,,1039
3229,川崎市川崎区,川崎市川崎区新川通,239,,111,,124,,136,,92,,702
3230,川崎市川崎区,川崎市川崎区水江町,119,,68,,121,,254,,86,,648
3231,川崎市川崎区,川崎市川崎区千鳥町,289,,216,,293,,27,,218,,1043
3232,川崎市川崎区,川崎市川崎区川中島,4,,286,,48,,25,,216,,579
3233,川崎市川崎区,川崎市川崎区扇町,128,,282,,38,,42,,95,,585
3234,川崎市川崎区,川崎市川崎区扇島,56,,59,,75,,232,,269,,691
3235,川崎市川崎区,川崎市川崎区浅田,163,,0,,53,,194,,59,,469
3236,川崎市川崎区,川崎市川崎区浅野町,184,,2,,173,,123,,145,,627
3237,川崎市川崎区,川崎市川崎区台町,294,,236,,135,,78,,211,,954
3238,川崎市川崎区,川崎市川崎区大師駅前,107,,14,,28,,87,,33,,269
3239,川崎市川崎区,川崎市川崎区大師河原,221,,76,,139,,142,,112,,690
3240,川崎市川崎区,川崎市川崎区大師公園,257,,38,,280,,155,,2,,732
3241,川崎市川崎区,川崎市川崎区大師町,132,,74,,172,,157,,88,,623
3242,川崎市川崎区,川崎市川崎区大師本町,73,,266,,147,,226,,230,,942
3243,川崎市川崎区,川崎市川崎区大川町,189,,225,,121,,19,,161,,715
3244,川崎市川崎区,川崎市川崎区大島,169,,32,,294,,145,,138,,778
3245,川崎市川崎区,川崎市川崎区大島上町,31,,172,,120,,194,,262,,779
3246,川崎市川崎区,川崎市川崎区池上新町,251,,218,,19,,229,,245,,962
3247,川崎市川崎区,川崎市川崎区池上町,110,,191,,13,,252,,168,,734
3248,川崎市川崎区,川崎市川崎区池田,19,,117,,152,,78,,224,,590
3249,川崎市川崎区,川崎市川崎区中瀬,272,,238,,23,,210,,217,,960
3250,川崎市川崎区,川崎市川崎区中島,261,,119,,84,,93,,212,,769
3251,川崎市川崎区,川崎市川崎区追分町,70,,18,,56,,209,,68,,421
3252,川崎市川崎区,川崎市川崎区堤根,13,,299,,77,,188,,62,,639
3253,川崎市川崎区,川崎市川崎区田町,224,,275,,198,,197,,227,,1121
3254,川崎市川崎区,川崎市川崎区田島町,164,,90,,65,,108,,246,,673
3255,川崎市川崎区,川崎市川崎区田辺新田,287,,264,,264,,298,,203,,1316
3256,川崎市川崎区,川崎市川崎区渡田,144,,106,,78,,124,,285,,737
3257,川崎市川崎区,川崎市川崎区渡田向町,86,,293,,107,,283,,34,,803
3258,川崎市川崎区,川崎市川崎区渡田山王町,297,,230,,144,,152,,218,,1041
3259,川崎市川崎区,川崎市川崎区渡田新町,183,,76,,73,,190,,276,,798
3260,川崎市川崎区,川崎市川崎区渡田東町,196,,96,,55,,73,,71,,491
3261,川崎市川崎区,川崎市川崎区東扇島,33,,219,,123,,281,,39,,695
3262,川崎市川崎区,川崎市川崎区東田町,294,,5,,245,,109,,237,,890
3263,川崎市川崎区,川崎市川崎区東門前,279,,139,,296,,69,,74,,857
3264,川崎市川崎区,川崎市川崎区藤崎,82,,141,,1,,239,,259,,722
3265,川崎市川崎区,川崎市川崎区南町,156,,280,,182,,109,,209,,936
3266,川崎市川崎区,川崎市川崎区南渡田町,164,,80,,52,,94,,210,,600
3267,川崎市川崎区,川崎市川崎区日ノ出,239,,178,,213,,15,,71,,716
3268,川崎市川崎区,川崎市川崎区日進町,300,,23,,8,,50,,161,,542
3269,川崎市川崎区,川崎市川崎区白石町,89,,292,,158,,50,,205,,794
3270,川崎市川崎区,川崎市川崎区浜町,183,,270,,189,,117,,129,,888
3271,川崎市川崎区,川崎市川崎区富士見,182,,137,,7,,158,,126,,610
3272,川崎市川崎区,川崎市川崎区浮島町,209,,32,,47,,234,,283,,805
3273,川崎市川崎区,川崎市川崎区堀之内町,182,,88,,40,,290,,248,,848
3274,川崎市川崎区,川崎市川崎区本町,250,,72,,207,,35,,79,,643
3275,川崎市川崎区,川崎市川崎区夜光,222,,297,,222,,61,,53,,855
3276,川崎市川崎区,川崎市川崎区鈴木町,66,,266,,5,,246,,112,,695
3277,川崎市川崎区,川崎市川崎区旭町1丁目,247,,164,,16,,158,,151,,736
3278,川崎市川崎区,川崎市川崎区旭町2丁目,177,,0,,97,,94,,116,,484
3279,川崎市川崎区,川崎市川崎区塩浜1丁目,258,,177,,232,,235,,110,,1012
3280,川崎市川崎区,川崎市川崎区塩浜2丁目,161,,19,,161,,53,,112,,506
3281,川崎市川崎区,川崎市川崎区塩浜3丁目,188,,146,,253,,223,,102,,912
3282,川崎市川崎区,川崎市川崎区塩浜4丁目,4,,260,,58,,289,,271,,882
3283,川崎市川崎区,川崎市川崎区貝塚1丁目,276,,101,,131,,138,,51,,697
3284,川崎市川崎区,川崎市川崎区貝塚2丁目,129,,7,,90,,145,,78,,449
3285,川崎市川崎区,川崎市川崎区観音1丁目,208,,241,,274,,104,,16,,843
3286,川崎市川崎区,川崎市川崎区観音2丁目,250,,170,,123,,157,,282,,982
3287,川崎市川崎区,川崎市川崎区京町1丁目,205,,241,,163,,48,,66,,723
3288,川崎市川崎区,川崎市川崎区京町2丁目,106,,209,,34,,242,,282,,873
3289,川崎市川崎区,川崎市川崎区京町3丁目,160,,211,,110,,113,,294,,888
3290,川崎市川崎区,川崎市川崎区元木1丁目,253,,65,,120,,66,,296,,800
3291,川崎市川崎区,川崎市川崎区元木2丁目,119,,64,,114,,130,,177,,604
3292,川崎市川崎区,川崎市川崎区江川1丁目,77,,154,,279,,105,,283,,898
3293,川崎市川崎区,川崎市川崎区江川2丁目,175,,234,,220,,213,,272,,1114
3294,川崎市川崎区,川崎市川崎区鋼管通1丁目,211,,113,,105,,55,,131,,615
3295,川崎市川崎区,川崎市川崎区鋼管通2丁目,226,,16,,3,,174,,111,,530
3296,川崎市川崎区,川崎市川崎区鋼管通3丁目,207,,22,,136,,147,,54,,566
3297,川崎市川崎区,川崎市川崎区鋼管通4丁目,117,,256,,279,,49,,86,,787
3298,川崎市川崎区,川崎市川崎区鋼管通5丁目,274,,35,,3,,149,,268,,729
3299,川崎市川崎区,川崎市川崎区砂子1丁目,151,,244,,130,,141,,185,,851
3300,川崎市川崎区,川崎市川崎区砂子2丁目,260,,239,,203,,80,,168,,950
3301,川崎市川崎区,川崎市川崎区桜本1丁目,264,,237,,5,,226,,225,,957
3302,川崎市川崎区,川崎市川崎区桜本2丁目,218,,293,,177,,183,,195,,1066
3303,川崎市川崎区,川崎市川崎区小田1丁目,115,,131,,55,,245,,64,,610
3304,川崎市川崎区,川崎市川崎区小田2丁目,235,,277,,180,,185,,44,,921
3305,川崎市川崎区,川崎市川崎区小田3丁目,294,,37,,44,,66,,214,,655
3306,川崎市川崎区,川崎市川崎区小田4丁目,6,,137,,259,,288,,135,,825
3307,川崎市川崎区,川崎市川崎区小田5丁目,200,,93,,179,,13,,220,,705
3308,川崎市川崎区,川崎市川崎区小田6丁目,15,,264,,171,,122,,106,,678
3309,川崎市川崎区,川崎市川崎区小田7丁目,186,,280,,1,,239,,152,,858
3310,川崎市川崎区,川崎市川崎区小田栄1丁目,19,,191,,184,,263,,144,,801
3311,川崎市川崎区,川崎市川崎区小田栄2丁目,128,,267,,135,,271,,228,,1029
3312,川崎市川崎区,川崎市川崎区昭和1丁目,156,,63,,190,,160,,61,,630
3313,川崎市川崎区,川崎市川崎区昭和2丁目,276,,4,,108,,35,,214,,637
3314,川崎市川崎区,川崎市川崎区川中島1丁目,139,,20,,293,,132,,104,,688
3315,川崎市川崎区,川崎市川崎区川中島2丁目,30,,13,,23,,251,,85,,402
3316,川崎市川崎区,川崎市川崎区浅田1丁目,100,,288,,164,,86,,162,,800
3317,川崎市川崎区,川崎市川崎区浅田2丁目,202,,180,,269,,193,,163,,1007
3318,川崎市川崎区,川崎市川崎区浅田3丁目,185,,62,,101,,91,,224,,663
3319,川崎市川崎区,川崎市川崎区浅田4丁目,288,,0,,294,,195,,176,,953
3320,川崎市川崎区,川崎市川崎区大師駅前1丁目,208,,195,,69,,106,,214,,792
3321,川崎市川崎区,川崎市川崎区大師駅前2丁目,221,,253,,74,,153,,45,,746
3322,川崎市川崎区,川崎市川崎区大師河原1丁目,82,,111,,279,,285,,81,,838
3323,川崎市川崎区,川崎市川崎区大師河原2丁目,91,,53,,269,,161,,256,,830
3324,川崎市川崎区,川崎市川崎区大島1丁目,36,,257,,173,,251,,72,,789
3325,川崎市川崎区,川崎市川崎区大島2丁目,176,,52,,115,,199,,81,,623
3326,川崎市川崎区,川崎市川崎区大島3丁目,4,,50,,121,,145,,286,,606
3327,川崎市川崎区,川崎市川崎区大島4丁目,267,,229,,275,,161,,32,,964
3328,川崎市川崎区,川崎市川崎区大島5丁目,209,,143,,259,,0,,149,,760
3329,川崎市川崎区,川崎市川崎区池上新町1丁目,151,,68,,237,,108,,78,,642
3330,川崎市川崎区,川崎市川崎区池上新町2丁目,241,,90,,80,,136,,256,,803
3331,川崎市川崎区,川崎市川崎区池上新町3丁目,179,,223,,173,,197,,121,,893
3332,川崎市川崎区,川崎市川崎区池田1丁目,116,,262,,47,,125,,182,,732
3333,川崎市川崎区,川崎市川崎区池田2丁目,4,,108,,182,,139,,212,,645
3334,川崎市川崎区,川崎市川崎区中瀬1丁目,274,,183,,54,,259,,74,,844
3335,川崎市川崎区,川崎市川崎区中瀬2丁目,251,,63,,27,,103,,50,,494
3336,川崎市川崎区,川崎市川崎区中瀬3丁目,92,,82,,158,,166,,128,,626
3337,川崎市川崎区,川崎市川崎区中島1丁目,0,,300,,252,,263,,289,,1104
3338,川崎市川崎区,川崎市川崎区中島2丁目,44,,77,,262,,31,,229,,643
3339,川崎市川崎区,川崎市川崎区中島3丁目,58,,76,,263,,265,,130,,792
3340,川崎市川崎区,川崎市川崎区殿町1丁目,135,,236,,16,,15,,142,,544
3341,川崎市川崎区,川崎市川崎区殿町2丁目,191,,281,,292,,98,,217,,1079
3342,川崎市川崎区,川崎市川崎区殿町3丁目,77,,281,,164,,52,,12,,586
3343,川崎市川崎区,川崎市川崎区殿町,241,,105,,67,,49,,105,,567
3344,川崎市川崎区,川崎市川崎区田町1丁目,58,,223,,31,,54,,181,,547
3345,川崎市川崎区,川崎市川崎区田町2丁目,158,,144,,255,,68,,103,,728
3346,川崎市川崎区,川崎市川崎区田町3丁目,82,,35,,146,,70,,148,,481
3347,川崎市川崎区,川崎市川崎区渡田1丁目,156,,85,,162,,229,,175,,807
3348,川崎市川崎区,川崎市川崎区渡田2丁目,217,,54,,192,,79,,68,,610
3349,川崎市川崎区,川崎市川崎区渡田3丁目,288,,243,,146,,195,,24,,896
3350,川崎市川崎区,川崎市川崎区渡田4丁目,157,,137,,232,,55,,270,,851
3351,川崎市川崎区,川崎市川崎区渡田新町1丁目,183,,237,,259,,231,,177,,1087
3352,川崎市川崎区,川崎市川崎区渡田新町2丁目,63,,179,,233,,90,,257,,822
3353,川崎市川崎区,川崎市川崎区渡田新町3丁目,231,,53,,160,,198,,159,,801
3354,川崎市川崎区,川崎市川崎区東門前1丁目,264,,154,,256,,238,,192,,1104
3355,川崎市川崎区,川崎市川崎区東門前2丁目,214,,196,,152,,225,,136,,923
3356,川崎市川崎区,川崎市川崎区東門前3丁目,185,,89,,83,,60,,223,,640
3357,川崎市川崎区,川崎市川崎区藤崎1丁目,138,,211,,152,,30,,145,,676
3358,川崎市川崎区,川崎市川崎区藤崎2丁目,12,,79,,23,,155,,220,,489
3359,川崎市川崎区,川崎市川崎区藤崎3丁目,19,,289,,147,,123,,279,,857
3360,川崎市川崎区,川崎市川崎区藤崎4丁目,213,,17,,23,,205,,190,,648
3361,川崎市川崎区,川崎市川崎区日ノ出1丁目,135,,86,,150,,187,,94,,652
3362,川崎市川崎区,川崎市川崎区日ノ出2丁目,98,,280,,38,,21,,232,,669
3363,川崎市川崎区,川崎市川崎区浜町1丁目,180,,42,,38,,268,,176,,704
3364,川崎市川崎区,川崎市川崎区浜町2丁目,271,,23,,157,,8,,149,,608
3365,川崎市川崎区,川崎市川崎区浜町3丁目,274,,257,,22,,74,,61,,688
3366,川崎市川崎区,川崎市川崎区浜町4丁目,279,,293,,199,,169,,133,,1073
3367,川崎市川崎区,川崎市川崎区富士見1丁目,96,,274,,169,,159,,156,,854
3368,川崎市川崎区,川崎市川崎区富士見2丁目,122,,188,,147,,201,,141,,799
3369,川崎市川崎区,川崎市川崎区本町1丁目,171,,161,,44,,283,,72,,731
3370,川崎市川崎区,川崎市川崎区本町2丁目,65,,100,,163,,259,,64,,651
3371,川崎市川崎区,川崎市川崎区夜光1丁目,164,,282,,75,,216,,250,,987
3372,川崎市川崎区,川崎市川崎区夜光2丁目,70,,44,,43,,229,,80,,466
3373,川崎市川崎区,川崎市川崎区夜光3丁目,262,,151,,78,,244,,22,,757
3374,茅ケ崎市,茅ケ崎市ひばりが丘,77,,75,,82,,229,,137,,600
3375,茅ケ崎市,茅ケ崎市みずき,281,,282,,126,,4,,71,,764
3376,茅ケ崎市,茅ケ崎市旭が丘,152,,17,,213,,217,,170,,769
3377,茅ケ崎市,茅ケ崎市円蔵,144,,90,,104,,68,,6,,412
3378,茅ケ崎市,茅ケ崎市下寺尾,121,,112,,145,,134,,76,,588
3379,茅ケ崎市,茅ケ崎市下町屋,293,,42,,82,,22,,172,,611
3380,茅ケ崎市,茅ケ崎市茅ケ崎,198,,256,,66,,290,,18,,828
3381,茅ケ崎市,茅ケ崎市甘沼,197,,33,,40,,261,,266,,797
3382,茅ケ崎市,茅ケ崎市共恵,129,,67,,196,,199,,250,,841
3383,茅ケ崎市,茅ケ崎市芹沢,165,,200,,95,,267,,137,,864
3384,茅ケ崎市,茅ケ崎市元町,38,,231,,285,,288,,73,,915
3385,茅ケ崎市,茅ケ崎市幸町,43,,2,,214,,5,,133,,397
3386,茅ケ崎市,茅ケ崎市行谷,156,,111,,128,,298,,198,,891
3387,茅ケ崎市,茅ケ崎市香川,136,,13,,151,,296,,168,,764
3388,茅ケ崎市,茅ケ崎市高田,78,,184,,246,,13,,23,,544
3389,茅ケ崎市,茅ケ崎市今宿,106,,170,,100,,178,,131,,685
3390,茅ケ崎市,茅ケ崎市汐見台,286,,64,,122,,195,,284,,951
3391,茅ケ崎市,茅ケ崎市室田,69,,83,,5,,191,,269,,617
3392,茅ケ崎市,茅ケ崎市若松町,83,,19,,277,,126,,77,,582
3393,茅ケ崎市,茅ケ崎市十間坂,95,,71,,143,,107,,72,,488
3394,茅ケ崎市,茅ケ崎市出口町,109,,192,,135,,84,,159,,679
3395,茅ケ崎市,茅ケ崎市小桜町,188,,36,,134,,238,,79,,675
3396,茅ケ崎市,茅ケ崎市小和田,98,,69,,296,,10,,278,,751
3397,茅ケ崎市,茅ケ崎市松が丘,176,,249,,96,,130,,250,,901
3398,茅ケ崎市,茅ケ崎市松尾,10,,94,,39,,65,,248,,456
3399,茅ケ崎市,茅ケ崎市松風台,255,,299,,218,,165,,174,,1111
3400,茅ケ崎市,茅ケ崎市松林,254,,284,,111,,58,,67,,774
3401,茅ケ崎市,茅ケ崎市松浪,134,,23,,79,,242,,145,,623
3402,茅ケ崎市,茅ケ崎市常盤町,194,,259,,70,,270,,239,,1032
3403,茅ケ崎市,茅ケ崎市新栄町,137,,237,,249,,32,,14,,669
3404,茅ケ崎市,茅ケ崎市西久保,194,,268,,32,,32,,122,,648
3405,茅ケ崎市,茅ケ崎市赤羽根,43,,213,,245,,220,,223,,944
3406,茅ケ崎市,茅ケ崎市赤松町,219,,241,,249,,41,,219,,969
3407,茅ケ崎市,茅ケ崎市代官町,27,,12,,74,,229,,94,,436
3408,茅ケ崎市,茅ケ崎市中海岸,133,,105,,82,,197,,208,,725
3409,茅ケ崎市,茅ケ崎市中島,172,,184,,91,,16,,149,,612
3410,茅ケ崎市,茅ケ崎市鶴が台,295,,161,,224,,68,,291,,1039
3411,茅ケ崎市,茅ケ崎市堤,140,,143,,151,,120,,169,,723
3412,茅ケ崎市,茅ケ崎市東海岸南,252,,300,,250,,64,,164,,1030
3413,茅ケ崎市,茅ケ崎市東海岸北,218,,246,,295,,75,,223,,1057
3414,茅ケ崎市,茅ケ崎市南湖,157,,138,,297,,287,,152,,1031
3415,茅ケ崎市,茅ケ崎市萩園,288,,200,,206,,260,,57,,1011
3416,茅ケ崎市,茅ケ崎市白浜町,1,,34,,41,,132,,171,,379
3417,茅ケ崎市,茅ケ崎市美住町,166,,185,,259,,212,,121,,943
3418,茅ケ崎市,茅ケ崎市菱沼,44,,225,,19,,272,,274,,834
3419,茅ケ崎市,茅ケ崎市菱沼海岸,298,,164,,161,,63,,39,,725
3420,茅ケ崎市,茅ケ崎市浜見平,248,,22,,24,,172,,206,,672
3421,茅ケ崎市,茅ケ崎市浜須賀,93,,261,,104,,26,,280,,764
3422,茅ケ崎市,茅ケ崎市浜竹,178,,48,,247,,188,,242,,903
3423,茅ケ崎市,茅ケ崎市浜之郷,243,,297,,34,,88,,30,,692
3424,茅ケ崎市,茅ケ崎市富士見町,138,,9,,282,,279,,285,,993
3425,茅ケ崎市,茅ケ崎市平太夫新田,89,,243,,276,,252,,222,,1082
3426,茅ケ崎市,茅ケ崎市平和町,282,,233,,8,,183,,223,,929
3427,茅ケ崎市,茅ケ崎市本宿町,195,,20,,32,,88,,29,,364
3428,茅ケ崎市,茅ケ崎市本村,251,,121,,283,,284,,250,,1189
3429,茅ケ崎市,茅ケ崎市矢畑,0,,235,,174,,273,,130,,812
3430,茅ケ崎市,茅ケ崎市柳島,50,,126,,164,,73,,67,,480
3431,茅ケ崎市,茅ケ崎市柳島海岸,111,,216,,269,,262,,59,,917
3432,茅ケ崎市,茅ケ崎市緑が浜,296,,212,,201,,108,,168,,985
3433,茅ケ崎市,茅ケ崎市みずき1丁目,285,,86,,117,,123,,229,,840
3434,茅ケ崎市,茅ケ崎市みずき2丁目,63,,76,,194,,99,,39,,471
3435,茅ケ崎市,茅ケ崎市みずき3丁目,146,,161,,18,,70,,89,,484
3436,茅ケ崎市,茅ケ崎市みずき4丁目,171,,34,,112,,259,,185,,761
3437,茅ケ崎市,茅ケ崎市円蔵1丁目,94,,114,,159,,174,,159,,700
3438,茅ケ崎市,茅ケ崎市円蔵2丁目,202,,215,,219,,46,,282,,964
3439,茅ケ崎市,茅ケ崎市下寺尾東方,66,,298,,219,,58,,235,,876
3440,茅ケ崎市,茅ケ崎市下町屋1丁目,166,,51,,165,,238,,114,,734
3441,茅ケ崎市,茅ケ崎市下町屋2丁目,38,,283,,128,,202,,127,,778
3442,茅ケ崎市,茅ケ崎市下町屋3丁目,259,,291,,134,,130,,191,,1005
3443,茅ケ崎市,茅ケ崎市茅ケ崎1丁目,169,,2,,58,,95,,70,,394
3444,茅ケ崎市,茅ケ崎市茅ケ崎2丁目,117,,257,,12,,84,,137,,607
3445,茅ケ崎市,茅ケ崎市茅ケ崎3丁目,73,,176,,70,,145,,138,,602
3446,茅ケ崎市,茅ケ崎市共恵1丁目,184,,225,,6,,286,,123,,824
3447,茅ケ崎市,茅ケ崎市共恵2丁目,206,,283,,162,,220,,50,,921
3448,茅ケ崎市,茅ケ崎市香川1丁目,240,,134,,104,,183,,29,,690
3449,茅ケ崎市,茅ケ崎市香川2丁目,204,,1,,171,,34,,24,,434
3450,茅ケ崎市,茅ケ崎市香川3丁目,275,,129,,81,,75,,240,,800
3451,茅ケ崎市,茅ケ崎市香川4丁目,266,,73,,197,,199,,172,,907
3452,茅ケ崎市,茅ケ崎市香川5丁目,206,,106,,225,,102,,262,,901
3453,茅ケ崎市,茅ケ崎市香川6丁目,183,,115,,220,,72,,60,,650
3454,茅ケ崎市,茅ケ崎市香川7丁目,112,,9,,264,,21,,50,,456
3455,茅ケ崎市,茅ケ崎市高田1丁目,49,,204,,231,,251,,97,,832
3456,茅ケ崎市,茅ケ崎市高田2丁目,143,,144,,111,,83,,160,,641
3457,茅ケ崎市,茅ケ崎市高田3丁目,173,,14,,241,,179,,136,,743
3458,茅ケ崎市,茅ケ崎市高田4丁目,274,,257,,24,,295,,45,,895
3459,茅ケ崎市,茅ケ崎市高田5丁目,0,,253,,5,,287,,300,,845
3460,茅ケ崎市,茅ケ崎市室田1丁目,236,,120,,72,,47,,4,,479
3461,茅ケ崎市,茅ケ崎市室田2丁目,145,,298,,276,,165,,217,,1101
3462,茅ケ崎市,茅ケ崎市室田3丁目,120,,119,,9,,15,,254,,517
3463,茅ケ崎市,茅ケ崎市十間坂1丁目,90,,251,,211,,18,,143,,713
3464,茅ケ崎市,茅ケ崎市十間坂2丁目,295,,41,,19,,143,,46,,544
3465,茅ケ崎市,茅ケ崎市十間坂3丁目,266,,299,,233,,216,,124,,1138
3466,茅ケ崎市,茅ケ崎市小和田1丁目,81,,57,,266,,28,,120,,552
3467,茅ケ崎市,茅ケ崎市小和田2丁目,184,,138,,274,,78,,190,,864
3468,茅ケ崎市,茅ケ崎市小和田3丁目,10,,29,,109,,260,,257,,665
3469,茅ケ崎市,茅ケ崎市松が丘1丁目,218,,296,,236,,101,,164,,1015
3470,茅ケ崎市,茅ケ崎市松が丘2丁目,128,,94,,242,,198,,275,,937
3471,茅ケ崎市,茅ケ崎市松林1丁目,159,,255,,274,,129,,293,,1110
3472,茅ケ崎市,茅ケ崎市松林2丁目,211,,72,,97,,271,,84,,735
3473,茅ケ崎市,茅ケ崎市松林3丁目,288,,31,,227,,174,,157,,877
3474,茅ケ崎市,茅ケ崎市松浪1丁目,114,,80,,240,,167,,114,,715
3475,茅ケ崎市,茅ケ崎市松浪2丁目,14,,177,,81,,224,,141,,637
3476,茅ケ崎市,茅ケ崎市中海岸1丁目,281,,142,,257,,101,,170,,951
3477,茅ケ崎市,茅ケ崎市中海岸2丁目,284,,99,,230,,159,,181,,953
3478,茅ケ崎市,茅ケ崎市中海岸3丁目,208,,55,,188,,126,,241,,818
3479,茅ケ崎市,茅ケ崎市中海岸4丁目,275,,179,,279,,183,,295,,1211
3480,茅ケ崎市,茅ケ崎市東海岸南1丁目,67,,238,,263,,96,,210,,874
3481,茅ケ崎市,茅ケ崎市東海岸南2丁目,72,,262,,19,,135,,167,,655
3482,茅ケ崎市,茅ケ崎市東海岸南3丁目,155,,92,,251,,177,,166,,841
3483,茅ケ崎市,茅ケ崎市東海岸南4丁目,143,,144,,178,,95,,178,,738
3484,茅ケ崎市,茅ケ崎市東海岸南5丁目,134,,205,,77,,77,,30,,523
3485,茅ケ崎市,茅ケ崎市東海岸南6丁目,105,,169,,11,,13,,207,,505
3486,茅ケ崎市,茅ケ崎市東海岸北1丁目,110,,283,,66,,80,,96,,635
3487,茅ケ崎市,茅ケ崎市東海岸北2丁目,99,,39,,209,,28,,282,,657
3488,茅ケ崎市,茅ケ崎市東海岸北3丁目,181,,255,,116,,201,,201,,954
3489,茅ケ崎市,茅ケ崎市東海岸北4丁目,127,,103,,21,,13,,91,,355
3490,茅ケ崎市,茅ケ崎市東海岸北5丁目,258,,83,,4,,227,,56,,628
3491,茅ケ崎市,茅ケ崎市南湖1丁目,40,,56,,226,,142,,27,,491
3492,茅ケ崎市,茅ケ崎市南湖2丁目,263,,140,,210,,158,,293,,1064
3493,茅ケ崎市,茅ケ崎市南湖3丁目,108,,175,,300,,257,,27,,867
3494,茅ケ崎市,茅ケ崎市南湖4丁目,182,,182,,113,,114,,190,,781
3495,茅ケ崎市,茅ケ崎市南湖5丁目,100,,172,,149,,255,,236,,912
3496,茅ケ崎市,茅ケ崎市南湖6丁目,71,,219,,63,,89,,186,,628
3497,茅ケ崎市,茅ケ崎市南湖7丁目,219,,96,,296,,122,,117,,850
3498,茅ケ崎市,茅ケ崎市菱沼1丁目,74,,264,,235,,168,,142,,883
3499,茅ケ崎市,茅ケ崎市菱沼2丁目,7,,265,,82,,271,,291,,916
3500,茅ケ崎市,茅ケ崎市菱沼3丁目,281,,185,,172,,48,,220,,906
3501,茅ケ崎市,茅ケ崎市浜竹1丁目,282,,233,,86,,64,,24,,689
3502,茅ケ崎市,茅ケ崎市浜竹2丁目,273,,203,,94,,113,,53,,736
3503,茅ケ崎市,茅ケ崎市浜竹3丁目,111,,122,,94,,18,,107,,452
3504,茅ケ崎市,茅ケ崎市浜竹4丁目,30,,157,,237,,190,,1,,615
3505,茅ケ崎市,茅ケ崎市本村1丁目,191,,118,,0,,174,,11,,494
3506,茅ケ崎市,茅ケ崎市本村2丁目,121,,34,,269,,271,,48,,743
3507,茅ケ崎市,茅ケ崎市本村3丁目,241,,236,,34,,180,,129,,820
3508,茅ケ崎市,茅ケ崎市本村4丁目,261,,164,,103,,39,,192,,759
3509,茅ケ崎市,茅ケ崎市本村5丁目,295,,135,,2,,126,,127,,685
3510,茅ケ崎市,茅ケ崎市柳島1丁目,228,,144,,292,,138,,68,,870
3511,茅ケ崎市,茅ケ崎市柳島2丁目,29,,232,,267,,273,,168,,969
3512,横浜市青葉区,横浜市青葉区あかね台,93,,11,,70,,262,,26,,462
3513,横浜市青葉区,横浜市青葉区あざみ野,97,,250,,187,,174,,248,,956
3514,横浜市青葉区,横浜市青葉区あざみ野南,234,,233,,81,,18,,162,,728
3515,横浜市青葉区,横浜市青葉区さつきが丘,249,,145,,95,,178,,108,,775
3516,横浜市青葉区,横浜市青葉区しらとり台,238,,74,,298,,252,,165,,1027
3517,横浜市青葉区,横浜市青葉区すすき野,86,,237,,34,,201,,24,,582
3518,横浜市青葉区,横浜市青葉区すみよし台,216,,265,,241,,51,,19,,792
3519,横浜市青葉区,横浜市青葉区たちばな台,295,,144,,266,,152,,28,,885
3520,横浜市青葉区,横浜市青葉区つつじが丘,90,,208,,179,,144,,197,,818
3521,横浜市青葉区,横浜市青葉区みすずが丘,175,,220,,32,,110,,2,,539
3522,横浜市青葉区,横浜市青葉区みたけ台,76,,80,,125,,9,,252,,542
3523,横浜市青葉区,横浜市青葉区もえぎ野,192,,131,,50,,137,,267,,777
3524,横浜市青葉区,横浜市青葉区もみの木台,177,,82,,259,,55,,11,,584
3525,横浜市青葉区,横浜市青葉区荏子田,262,,250,,14,,267,,216,,1009
3526,横浜市青葉区,横浜市青葉区荏田西,126,,283,,258,,261,,275,,1203
3527,横浜市青葉区,横浜市青葉区荏田町,136,,249,,286,,128,,284,,1083
3528,横浜市青葉区,横浜市青葉区荏田北,35,,296,,231,,181,,275,,1018
3529,横浜市青葉区,横浜市青葉区榎が丘,15,,300,,126,,239,,272,,952
3530,横浜市青葉区,横浜市青葉区恩田町,101,,170,,136,,115,,100,,622
3531,横浜市青葉区,横浜市青葉区下谷本町,65,,271,,191,,79,,95,,701
3532,横浜市青葉区,横浜市青葉区柿の木台,6,,136,,270,,109,,56,,577
3533,横浜市青葉区,横浜市青葉区鴨志田町,202,,46,,25,,184,,232,,689
3534,横浜市青葉区,横浜市青葉区桂台,39,,128,,82,,18,,38,,305
3535,横浜市青葉区,横浜市青葉区元石川町,92,,147,,184,,151,,258,,832
3536,横浜市青葉区,横浜市青葉区黒須田,171,,157,,39,,199,,21,,587
3537,横浜市青葉区,横浜市青葉区桜台,296,,293,,44,,233,,115,,981
3538,横浜市青葉区,横浜市青葉区市ケ尾町,180,,101,,262,,1,,226,,770
3539,横浜市青葉区,横浜市青葉区寺家町,279,,200,,80,,207,,256,,1022
3540,横浜市青葉区,横浜市青葉区若草台,277,,155,,161,,280,,196,,1069
3541,横浜市青葉区,横浜市青葉区松風台,287,,79,,16,,86,,32,,500
3542,横浜市青葉区,横浜市青葉区上谷本町,262,,94,,128,,62,,77,,623
3543,横浜市青葉区,横浜市青葉区新石川,28,,299,,66,,224,,151,,768
3544,横浜市青葉区,横浜市青葉区成合町,71,,240,,97,,221,,110,,739
3545,横浜市青葉区,横浜市青葉区青葉台,273,,270,,66,,28,,157,,794
3546,横浜市青葉区,横浜市青葉区千草台,152,,117,,148,,112,,233,,762
3547,横浜市青葉区,横浜市青葉区大場町,284,,70,,244,,94,,264,,956
3548,横浜市青葉区,横浜市青葉区鉄町,181,,261,,226,,214,,270,,1152
3549,横浜市青葉区,横浜市青葉区田奈町,276,,271,,91,,168,,167,,973
3550,横浜市青葉区,横浜市青葉区藤が丘,72,,188,,104,,204,,4,,572
3551,横浜市青葉区,横浜市青葉区奈良,202,,183,,131,,186,,36,,738
3552,横浜市青葉区,横浜市青葉区奈良町,185,,35,,224,,163,,161,,768
3553,横浜市青葉区,横浜市青葉区梅が丘,264,,132,,132,,197,,278,,1003
3554,横浜市青葉区,横浜市青葉区美しが丘,257,,25,,89,,59,,218,,648
3555,横浜市青葉区,横浜市青葉区美しが丘西,145,,124,,75,,135,,228,,707
3556,横浜市青葉区,横浜市青葉区緑山,255,,37,,9,,176,,214,,691
3557,横浜市青葉区,横浜市青葉区あかね台1丁目,91,,231,,33,,130,,269,,754
3558,横浜市青葉区,横浜市青葉区あかね台2丁目,121,,85,,69,,268,,77,,620
3559,横浜市青葉区,横浜市青葉区あざみ野1丁目,75,,193,,293,,3,,222,,786
3560,横浜市青葉区,横浜市青葉区あざみ野2丁目,267,,123,,218,,15,,293,,916
3561,横浜市青葉区,横浜市青葉区あざみ野3丁目,59,,1,,30,,20,,82,,192
3562,横浜市青葉区,横浜市青葉区あざみ野4丁目,144,,98,,32,,188,,220,,682
3563,横浜市青葉区,横浜市青葉区あざみ野南1丁目,91,,121,,299,,284,,98,,893
3564,横浜市青葉区,横浜市青葉区あざみ野南2丁目,41,,53,,65,,87,,121,,367
3565,横浜市青葉区,横浜市青葉区あざみ野南3丁目,11,,96,,272,,109,,296,,784
3566,横浜市青葉区,横浜市青葉区あざみ野南4丁目,281,,239,,18,,263,,145,,946
3567,横浜市青葉区,横浜市青葉区すすき野1丁目,150,,138,,177,,187,,112,,764
3568,横浜市青葉区,横浜市青葉区すすき野2丁目,12,,259,,125,,30,,37,,463
3569,横浜市青葉区,横浜市青葉区すすき野3丁目,241,,172,,78,,251,,32,,774
3570,横浜市青葉区,横浜市青葉区たちばな台1丁目,296,,71,,79,,91,,290,,827
3571,横浜市青葉区,横浜市青葉区たちばな台2丁目,46,,260,,131,,258,,193,,888
3572,横浜市青葉区,横浜市青葉区荏子田1丁目,285,,276,,170,,216,,89,,1036
3573,横浜市青葉区,横浜市青葉区荏子田2丁目,58,,210,,7,,200,,60,,535
3574,横浜市青葉区,横浜市青葉区荏子田3丁目,140,,288,,216,,239,,146,,1029
3575,横浜市青葉区,横浜市青葉区荏田西1丁目,179,,225,,141,,190,,211,,946
3576,横浜市青葉区,横浜市青葉区荏田西2丁目,123,,163,,255,,158,,235,,934
3577,横浜市青葉区,横浜市青葉区荏田西3丁目,208,,65,,129,,187,,279,,868
3578,横浜市青葉区,横浜市青葉区荏田西4丁目,175,,220,,233,,6,,216,,850
3579,横浜市青葉区,横浜市青葉区荏田西5丁目,56,,174,,38,,278,,186,,732
3580,横浜市青葉区,横浜市青葉区荏田北1丁目,93,,266,,137,,106,,114,,716
3581,横浜市青葉区,横浜市青葉区荏田北2丁目,247,,281,,257,,239,,102,,1126
3582,横浜市青葉区,横浜市青葉区荏田北3丁目,93,,277,,28,,42,,49,,489
3583,横浜市青葉区,横浜市青葉区桂台1丁目,93,,242,,186,,250,,55,,826
3584,横浜市青葉区,横浜市青葉区桂台2丁目,249,,138,,221,,199,,123,,930
3585,横浜市青葉区,横浜市青葉区新石川1丁目,28,,197,,213,,87,,24,,549
3586,横浜市青葉区,横浜市青葉区新石川2丁目,111,,144,,185,,218,,137,,795
3587,横浜市青葉区,横浜市青葉区新石川3丁目,164,,192,,66,,61,,180,,663
3588,横浜市青葉区,横浜市青葉区新石川4丁目,288,,129,,157,,252,,89,,915
3589,横浜市青葉区,横浜市青葉区青葉台1丁目,121,,291,,164,,121,,185,,882
3590,横浜市青葉区,横浜市青葉区青葉台2丁目,152,,76,,12,,190,,182,,612
3591,横浜市青葉区,横浜市青葉区藤が丘1丁目,135,,272,,251,,191,,188,,1037
3592,横浜市青葉区,横浜市青葉区藤が丘2丁目,280,,233,,281,,79,,183,,1056
3593,横浜市青葉区,横浜市青葉区奈良1丁目,68,,119,,207,,210,,12,,616
3594,横浜市青葉区,横浜市青葉区奈良2丁目,176,,13,,35,,31,,27,,282
3595,横浜市青葉区,横浜市青葉区奈良3丁目,174,,87,,3,,107,,5,,376
3596,横浜市青葉区,横浜市青葉区奈良4丁目,213,,57,,65,,251,,299,,885
3597,横浜市青葉区,横浜市青葉区奈良5丁目,295,,45,,209,,59,,145,,753
3598,横浜市青葉区,横浜市青葉区美しが丘1丁目,3,,270,,75,,14,,293,,655
3599,横浜市青葉区,横浜市青葉区美しが丘2丁目,85,,300,,100,,180,,174,,839
3600,横浜市青葉区,横浜市青葉区美しが丘3丁目,105,,26,,207,,47,,110,,495
3601,横浜市青葉区,横浜市青葉区美しが丘4丁目,262,,107,,182,,153,,14,,718
3602,横浜市青葉区,横浜市青葉区美しが丘5丁目,207,,56,,188,,20,,32,,503
3603,横浜市青葉区,横浜市青葉区美しが丘西1丁目,131,,267,,209,,121,,207,,935
3604,横浜市青葉区,横浜市青葉区美しが丘西2丁目,294,,292,,18,,185,,210,,999
3605,横浜市青葉区,横浜市青葉区美しが丘西3丁目,81,,76,,210,,6,,106,,479
3606,相模原市緑区,相模原市緑区下九沢,278,,39,,103,,162,,242,,824
3607,相模原市緑区,相模原市緑区吉野,242,,96,,63,,118,,52,,571
3608,相模原市緑区,相模原市緑区久保沢,240,,291,,1,,64,,222,,818
3609,相模原市緑区,相模原市緑区橋本,41,,9,,169,,124,,59,,402
3610,相模原市緑区,相模原市緑区橋本台,92,,170,,276,,240,,90,,868
3611,相模原市緑区,相模原市緑区元橋本町,299,,180,,196,,286,,121,,1082
3612,相模原市緑区,相模原市緑区原宿,153,,99,,25,,30,,25,,332
3613,相模原市緑区,相模原市緑区原宿南,73,,40,,184,,209,,137,,643
3614,相模原市緑区,相模原市緑区向原,295,,270,,222,,38,,213,,1038
3615,相模原市緑区,相模原市緑区広田,265,,198,,61,,117,,68,,709
3616,相模原市緑区,相模原市緑区根小屋,97,,72,,252,,127,,5,,553
3617,相模原市緑区,相模原市緑区三ケ木,23,,175,,263,,171,,146,,778
3618,相模原市緑区,相模原市緑区三井,109,,117,,3,,66,,66,,361
3619,相模原市緑区,相模原市緑区若柳,106,,224,,265,,64,,242,,901
3620,相模原市緑区,相模原市緑区若葉台,225,,130,,56,,79,,224,,714
3621,相模原市緑区,相模原市緑区小原,3,,191,,229,,156,,125,,704
3622,相模原市緑区,相模原市緑区小倉,222,,57,,43,,123,,197,,642
3623,相模原市緑区,相模原市緑区小渕,209,,97,,160,,67,,215,,748
3624,相模原市緑区,相模原市緑区上九沢,59,,187,,271,,53,,191,,761
3625,相模原市緑区,相模原市緑区城山,26,,125,,228,,49,,108,,536
3626,相模原市緑区,相模原市緑区寸沢嵐,299,,214,,99,,1,,199,,812
3627,相模原市緑区,相模原市緑区西橋本,107,,293,,134,,94,,240,,868
3628,相模原市緑区,相模原市緑区青山,141,,1,,144,,28,,122,,436
3629,相模原市緑区,相模原市緑区青野原,1,,99,,130,,144,,95,,469
3630,相模原市緑区,相模原市緑区千木良,38,,90,,216,,226,,83,,653
3631,相模原市緑区,相模原市緑区川尻,12,,40,,208,,14,,290,,564
3632,相模原市緑区,相模原市緑区相原,70,,220,,95,,12,,86,,483
3633,相模原市緑区,相模原市緑区太井,62,,41,,288,,111,,233,,735
3634,相模原市緑区,相模原市緑区大山町,1,,131,,128,,167,,213,,640
3635,相模原市緑区,相模原市緑区大島,263,,201,,295,,212,,283,,1254
3636,相模原市緑区,相模原市緑区谷ケ原,156,,128,,237,,176,,125,,822
3637,相模原市緑区,相模原市緑区中沢,234,,52,,110,,165,,78,,639
3638,相模原市緑区,相模原市緑区中野,111,,31,,64,,125,,262,,593
3639,相模原市緑区,相模原市緑区町屋,99,,267,,161,,111,,54,,692
3640,相模原市緑区,相模原市緑区長竹,153,,191,,116,,180,,20,,660
3641,相模原市緑区,相模原市緑区鳥屋,235,,278,,26,,45,,262,,846
3642,相模原市緑区,相模原市緑区田名,299,,71,,212,,153,,58,,793
3643,相模原市緑区,相模原市緑区東橋本,247,,69,,202,,214,,164,,896
3644,相模原市緑区,相模原市緑区二本松,247,,96,,267,,121,,149,,880
3645,相模原市緑区,相模原市緑区日連,281,,67,,285,,198,,228,,1059
3646,相模原市緑区,相模原市緑区牧野,113,,226,,200,,136,,30,,705
3647,相模原市緑区,相模原市緑区又野,128,,59,,9,,187,,34,,417
3648,相模原市緑区,相模原市緑区名倉,225,,102,,57,,60,,174,,618
3649,相模原市緑区,相模原市緑区与瀬,36,,218,,207,,180,,208,,849
3650,相模原市緑区,相模原市緑区与瀬本町,127,,272,,243,,214,,190,,1046
3651,相模原市緑区,相模原市緑区葉山島,31,,49,,70,,144,,135,,429
3652,相模原市緑区,相模原市緑区澤井,9,,50,,52,,58,,234,,403
3653,相模原市緑区,相模原市緑区久保沢1丁目,295,,280,,66,,63,,137,,841
3654,相模原市緑区,相模原市緑区久保沢2丁目,35,,117,,148,,82,,144,,526
3655,相模原市緑区,相模原市緑区久保沢3丁目,181,,189,,134,,264,,0,,768
3656,相模原市緑区,相模原市緑区橋本1丁目,270,,298,,258,,192,,83,,1101
3657,相模原市緑区,相模原市緑区橋本2丁目,13,,254,,96,,261,,177,,801
3658,相模原市緑区,相模原市緑区橋本3丁目,62,,279,,190,,227,,283,,1041
3659,相模原市緑区,相模原市緑区橋本4丁目,9,,40,,243,,264,,217,,773
3660,相模原市緑区,相模原市緑区橋本5丁目,136,,231,,240,,222,,184,,1013
3661,相模原市緑区,相模原市緑区橋本6丁目,39,,223,,52,,53,,291,,658
3662,相模原市緑区,相模原市緑区橋本7丁目,197,,241,,296,,75,,58,,867
3663,相模原市緑区,相模原市緑区橋本8丁目,84,,152,,286,,116,,37,,675
3664,相模原市緑区,相模原市緑区橋本台1丁目,180,,191,,192,,35,,178,,776
3665,相模原市緑区,相模原市緑区橋本台2丁目,159,,226,,64,,252,,83,,784
3666,相模原市緑区,相模原市緑区橋本台3丁目,197,,64,,50,,139,,148,,598
3667,相模原市緑区,相模原市緑区橋本台4丁目,250,,112,,245,,42,,214,,863
3668,相模原市緑区,相模原市緑区原宿1丁目,28,,199,,162,,109,,201,,699
3669,相模原市緑区,相模原市緑区原宿2丁目,108,,278,,290,,62,,264,,1002
3670,相模原市緑区,相模原市緑区原宿3丁目,227,,19,,172,,223,,267,,908
3671,相模原市緑区,相模原市緑区原宿4丁目,109,,255,,251,,248,,172,,1035
3672,相模原市緑区,相模原市緑区原宿5丁目,183,,249,,50,,11,,164,,657
3673,相模原市緑区,相模原市緑区原宿南1丁目,238,,83,,78,,6,,184,,589
3674,相模原市緑区,相模原市緑区原宿南2丁目,246,,87,,175,,290,,111,,909
3675,相模原市緑区,相模原市緑区原宿南3丁目,98,,39,,45,,84,,66,,332
3676,相模原市緑区,相模原市緑区向原1丁目,300,,221,,258,,95,,90,,964
3677,相模原市緑区,相模原市緑区向原2丁目,72,,270,,282,,85,,65,,774
3678,相模原市緑区,相模原市緑区向原3丁目,87,,197,,127,,128,,109,,648
3679,相模原市緑区,相模原市緑区向原4丁目,83,,91,,248,,131,,13,,566
3680,相模原市緑区,相模原市緑区若葉台1丁目,123,,134,,158,,137,,256,,808
3681,相模原市緑区,相模原市緑区若葉台2丁目,170,,132,,117,,127,,179,,725
3682,相模原市緑区,相模原市緑区若葉台3丁目,164,,140,,81,,64,,249,,698
3683,相模原市緑区,相模原市緑区若葉台4丁目,275,,17,,93,,161,,223,,769
3684,相模原市緑区,相模原市緑区若葉台5丁目,74,,205,,285,,18,,71,,653
3685,相模原市緑区,相模原市緑区若葉台6丁目,94,,160,,201,,237,,259,,951
3686,相模原市緑区,相模原市緑区若葉台7丁目,255,,177,,49,,245,,119,,845
3687,相模原市緑区,相模原市緑区城山1丁目,12,,11,,65,,135,,251,,474
3688,相模原市緑区,相模原市緑区城山2丁目,145,,134,,8,,75,,242,,604
3689,相模原市緑区,相模原市緑区城山3丁目,111,,181,,181,,110,,55,,638
3690,相模原市緑区,相模原市緑区城山4丁目,253,,202,,229,,33,,92,,809
3691,相模原市緑区,相模原市緑区寸沢嵐新戸,118,,208,,82,,131,,2,,541
3692,相模原市緑区,相模原市緑区西橋本1丁目,67,,16,,231,,195,,7,,516
3693,相模原市緑区,相模原市緑区西橋本2丁目,32,,27,,113,,29,,227,,428
3694,相模原市緑区,相模原市緑区西橋本3丁目,89,,149,,239,,87,,32,,596
3695,相模原市緑区,相模原市緑区西橋本4丁目,3,,270,,238,,136,,87,,734
3696,相模原市緑区,相模原市緑区西橋本5丁目,13,,151,,236,,96,,130,,626
3697,相模原市緑区,相模原市緑区相原1丁目,6,,228,,61,,130,,262,,687
3698,相模原市緑区,相模原市緑区相原2丁目,100,,9,,224,,172,,177,,682
3699,相模原市緑区,相模原市緑区相原3丁目,93,,135,,80,,67,,81,,456
3700,相模原市緑区,相模原市緑区相原4丁目,14,,5,,81,,193,,247,,540
3701,相模原市緑区,相模原市緑区相原5丁目,294,,257,,129,,5,,269,,954
3702,相模原市緑区,相模原市緑区相原6丁目,48,,219,,45,,46,,174,,532
3703,相模原市緑区,相模原市緑区谷ケ原1丁目,25,,125,,235,,193,,116,,694
3704,相模原市緑区,相模原市緑区谷ケ原2丁目,65,,211,,156,,119,,198,,749
3705,相模原市緑区,相模原市緑区町屋1丁目,232,,5,,9,,13,,56,,315
3706,相模原市緑区,相模原市緑区町屋2丁目,272,,117,,178,,66,,259,,892
3707,相模原市緑区,相模原市緑区町屋3丁目,251,,240,,231,,209,,34,,965
3708,相模原市緑区,相模原市緑区町屋4丁目,88,,30,,119,,77,,129,,443
3709,相模原市緑区,相模原市緑区東橋本1丁目,127,,181,,239,,212,,125,,884
3710,相模原市緑区,相模原市緑区東橋本2丁目,26,,283,,130,,118,,196,,753
3711,相模原市緑区,相模原市緑区東橋本3丁目,155,,109,,83,,20,,71,,438
3712,相模原市緑区,相模原市緑区二本松1丁目,269,,221,,49,,77,,143,,759
3713,相模原市緑区,相模原市緑区二本松2丁目,206,,211,,204,,124,,149,,894
3714,相模原市緑区,相模原市緑区二本松3丁目,244,,95,,28,,156,,241,,764
3715,相模原市緑区,相模原市緑区二本松4丁目,101,,148,,87,,219,,215,,770
3716,川崎市麻生区,川崎市麻生区はるひ野,122,,155,,170,,207,,209,,863
3717,川崎市麻生区,川崎市麻生区王禅寺,169,,140,,190,,259,,91,,849
3718,川崎市麻生区,川崎市麻生区王禅寺西,234,,210,,193,,74,,33,,744
3719,川崎市麻生区,川崎市麻生区王禅寺東,204,,290,,262,,100,,199,,1055
3720,川崎市麻生区,川崎市麻生区岡上,247,,96,,60,,137,,127,,667
3721,川崎市麻生区,川崎市麻生区下麻生,77,,185,,20,,238,,239,,759
3722,川崎市麻生区,川崎市麻生区金程,260,,95,,111,,162,,286,,914
3723,川崎市麻生区,川崎市麻生区栗平,64,,18,,256,,14,,234,,586
3724,川崎市麻生区,川崎市麻生区栗木,111,,268,,183,,235,,201,,998
3725,川崎市麻生区,川崎市麻生区栗木台,262,,241,,128,,107,,148,,886
3726,川崎市麻生区,川崎市麻生区古沢,30,,18,,297,,224,,199,,768
3727,川崎市麻生区,川崎市麻生区五力田,102,,5,,148,,113,,39,,407
3728,川崎市麻生区,川崎市麻生区向原,190,,216,,246,,242,,252,,1146
3729,川崎市麻生区,川崎市麻生区高石,98,,98,,241,,84,,123,,644
3730,川崎市麻生区,川崎市麻生区黒川,146,,86,,30,,207,,3,,472
3731,川崎市麻生区,川崎市麻生区細山,180,,284,,64,,3,,195,,726
3732,川崎市麻生区,川崎市麻生区上麻生,177,,123,,150,,157,,38,,645
3733,川崎市麻生区,川崎市麻生区千代ケ丘,131,,51,,96,,177,,130,,585
3734,川崎市麻生区,川崎市麻生区早野,108,,61,,174,,236,,140,,719
3735,川崎市麻生区,川崎市麻生区多摩美,101,,136,,183,,74,,213,,707
3736,川崎市麻生区,川崎市麻生区東百合丘,248,,190,,89,,85,,186,,798
3737,川崎市麻生区,川崎市麻生区南黒川,243,,174,,57,,194,,218,,886
3738,川崎市麻生区,川崎市麻生区虹ケ丘,204,,132,,171,,15,,241,,763
3739,川崎市麻生区,川崎市麻生区白山,5,,283,,66,,128,,90,,572
3740,川崎市麻生区,川崎市麻生区白鳥,18,,229,,93,,3,,107,,450
3741,川崎市麻生区,川崎市麻生区百合丘,82,,157,,165,,61,,109,,574
3742,川崎市麻生区,川崎市麻生区片平,247,,157,,291,,144,,25,,864
3743,川崎市麻生区,川崎市麻生区万福寺,218,,45,,106,,19,,247,,635
3744,川崎市麻生区,川崎市麻生区はるひ野1丁目,293,,244,,72,,22,,165,,796
3745,川崎市麻生区,川崎市麻生区はるひ野2丁目,240,,50,,279,,270,,118,,957
3746,川崎市麻生区,川崎市麻生区はるひ野3丁目,87,,62,,51,,70,,3,,273
3747,川崎市麻生区,川崎市麻生区はるひ野4丁目,36,,263,,255,,220,,51,,825
3748,川崎市麻生区,川崎市麻生区はるひ野5丁目,73,,125,,52,,262,,97,,609
3749,川崎市麻生区,川崎市麻生区王禅寺西1丁目,144,,48,,53,,299,,254,,798
3750,川崎市麻生区,川崎市麻生区王禅寺西2丁目,18,,239,,108,,226,,23,,614
3751,川崎市麻生区,川崎市麻生区王禅寺西3丁目,229,,298,,68,,160,,297,,1052
3752,川崎市麻生区,川崎市麻生区王禅寺西4丁目,201,,60,,156,,269,,127,,813
3753,川崎市麻生区,川崎市麻生区王禅寺西5丁目,5,,268,,208,,167,,196,,844
3754,川崎市麻生区,川崎市麻生区王禅寺西6丁目,19,,269,,100,,245,,6,,639
3755,川崎市麻生区,川崎市麻生区王禅寺西7丁目,18,,193,,241,,6,,25,,483
3756,川崎市麻生区,川崎市麻生区王禅寺西8丁目,68,,12,,74,,92,,180,,426
3757,川崎市麻生区,川崎市麻生区王禅寺東1丁目,79,,42,,144,,35,,112,,412
3758,川崎市麻生区,川崎市麻生区王禅寺東2丁目,215,,93,,173,,150,,209,,840
3759,川崎市麻生区,川崎市麻生区王禅寺東3丁目,94,,150,,108,,206,,238,,796
3760,川崎市麻生区,川崎市麻生区王禅寺東4丁目,266,,124,,21,,259,,129,,799
3761,川崎市麻生区,川崎市麻生区王禅寺東5丁目,233,,125,,72,,263,,208,,901
3762,川崎市麻生区,川崎市麻生区王禅寺東6丁目,101,,24,,22,,241,,112,,500
3763,川崎市麻生区,川崎市麻生区下麻生1丁目,46,,14,,235,,223,,218,,736
3764,川崎市麻生区,川崎市麻生区下麻生2丁目,28,,46,,287,,59,,209,,629
3765,川崎市麻生区,川崎市麻生区下麻生3丁目,49,,36,,207,,278,,4,,574
3766,川崎市麻生区,川崎市麻生区金程1丁目,189,,27,,9,,225,,105,,555
3767,川崎市麻生区,川崎市麻生区金程2丁目,163,,167,,182,,237,,233,,982
3768,川崎市麻生区,川崎市麻生区金程3丁目,263,,260,,284,,157,,190,,1154
3769,川崎市麻生区,川崎市麻生区金程4丁目,240,,43,,235,,139,,63,,720
3770,川崎市麻生区,川崎市麻生区栗平1丁目,137,,295,,176,,209,,211,,1028
3771,川崎市麻生区,川崎市麻生区栗平2丁目,256,,27,,225,,25,,111,,644
3772,川崎市麻生区,川崎市麻生区栗木1丁目,186,,86,,295,,291,,194,,1052
3773,川崎市麻生区,川崎市麻生区栗木2丁目,279,,255,,294,,19,,143,,990
3774,川崎市麻生区,川崎市麻生区栗木3丁目,180,,169,,107,,184,,233,,873
3775,川崎市麻生区,川崎市麻生区栗木台1丁目,286,,297,,265,,161,,7,,1016
3776,川崎市麻生区,川崎市麻生区栗木台2丁目,228,,272,,59,,241,,139,,939
3777,川崎市麻生区,川崎市麻生区栗木台3丁目,188,,137,,192,,11,,167,,695
3778,川崎市麻生区,川崎市麻生区栗木台4丁目,57,,105,,176,,28,,67,,433
3779,川崎市麻生区,川崎市麻生区栗木台5丁目,62,,192,,228,,100,,265,,847
3780,川崎市麻生区,川崎市麻生区古沢都古,199,,90,,237,,53,,299,,878
3781,川崎市麻生区,川崎市麻生区五力田1丁目,276,,237,,263,,190,,7,,973
3782,川崎市麻生区,川崎市麻生区五力田2丁目,36,,103,,140,,11,,39,,329
3783,川崎市麻生区,川崎市麻生区五力田3丁目,50,,19,,148,,287,,183,,687
3784,川崎市麻生区,川崎市麻生区向原1丁目,111,,210,,158,,299,,167,,945
3785,川崎市麻生区,川崎市麻生区向原2丁目,154,,270,,145,,89,,50,,708
3786,川崎市麻生区,川崎市麻生区向原3丁目,224,,187,,100,,268,,10,,789
3787,川崎市麻生区,川崎市麻生区高石1丁目,110,,172,,89,,226,,48,,645
3788,川崎市麻生区,川崎市麻生区高石2丁目,264,,163,,193,,291,,178,,1089
3789,川崎市麻生区,川崎市麻生区高石3丁目,298,,182,,146,,167,,36,,829
3790,川崎市麻生区,川崎市麻生区高石4丁目,263,,297,,26,,180,,133,,899
3791,川崎市麻生区,川崎市麻生区高石5丁目,10,,61,,131,,208,,52,,462
3792,川崎市麻生区,川崎市麻生区高石6丁目,23,,230,,231,,18,,113,,615
3793,川崎市麻生区,川崎市麻生区細山1丁目,269,,56,,215,,27,,44,,611
3794,川崎市麻生区,川崎市麻生区細山2丁目,55,,87,,165,,158,,257,,722
3795,川崎市麻生区,川崎市麻生区細山3丁目,219,,272,,31,,226,,160,,908
3796,川崎市麻生区,川崎市麻生区細山4丁目,196,,22,,135,,263,,228,,844
3797,川崎市麻生区,川崎市麻生区細山5丁目,67,,133,,59,,135,,232,,626
3798,川崎市麻生区,川崎市麻生区細山6丁目,249,,254,,41,,245,,20,,809
3799,川崎市麻生区,川崎市麻生区細山7丁目,257,,119,,268,,174,,95,,913
3800,川崎市麻生区,川崎市麻生区細山8丁目,179,,114,,203,,258,,125,,879
3801,川崎市麻生区,川崎市麻生区上麻生1丁目,292,,34,,220,,129,,61,,736
3802,川崎市麻生区,川崎市麻生区上麻生2丁目,88,,251,,187,,254,,298,,1078
3803,川崎市麻生区,川崎市麻生区上麻生3丁目,242,,144,,279,,113,,248,,1026
3804,川崎市麻生区,川崎市麻生区上麻生4丁目,110,,38,,253,,192,,225,,818
3805,川崎市麻生区,川崎市麻生区上麻生5丁目,289,,87,,237,,199,,267,,1079
3806,川崎市麻生区,川崎市麻生区上麻生6丁目,66,,119,,145,,240,,52,,622
3807,川崎市麻生区,川崎市麻生区上麻生7丁目,281,,44,,107,,194,,170,,796
3808,川崎市麻生区,川崎市麻生区千代ケ丘1丁目,16,,90,,153,,14,,290,,563
3809,川崎市麻生区,川崎市麻生区千代ケ丘2丁目,280,,206,,47,,295,,95,,923
3810,川崎市麻生区,川崎市麻生区千代ケ丘3丁目,81,,191,,257,,151,,178,,858
3811,川崎市麻生区,川崎市麻生区千代ケ丘4丁目,1,,49,,225,,135,,13,,423
3812,川崎市麻生区,川崎市麻生区千代ケ丘5丁目,116,,144,,93,,5,,196,,554
3813,川崎市麻生区,川崎市麻生区千代ケ丘6丁目,295,,250,,20,,78,,54,,697
3814,川崎市麻生区,川崎市麻生区千代ケ丘7丁目,247,,209,,261,,55,,111,,883
3815,川崎市麻生区,川崎市麻生区千代ケ丘8丁目,208,,292,,55,,294,,28,,877
3816,川崎市麻生区,川崎市麻生区千代ケ丘9丁目,241,,135,,139,,245,,209,,969
3817,川崎市麻生区,川崎市麻生区多摩美1丁目,244,,45,,80,,22,,246,,637
3818,川崎市麻生区,川崎市麻生区多摩美2丁目,221,,196,,193,,300,,157,,1067
3819,川崎市麻生区,川崎市麻生区東百合丘1丁目,226,,212,,102,,248,,279,,1067
3820,川崎市麻生区,川崎市麻生区東百合丘2丁目,112,,144,,111,,218,,13,,598
3821,川崎市麻生区,川崎市麻生区東百合丘3丁目,250,,166,,154,,28,,120,,718
3822,川崎市麻生区,川崎市麻生区東百合丘4丁目,48,,245,,51,,190,,288,,822
3823,川崎市麻生区,川崎市麻生区虹ケ丘1丁目,0,,217,,133,,29,,147,,526
3824,川崎市麻生区,川崎市麻生区虹ケ丘2丁目,219,,175,,269,,202,,179,,1044
3825,川崎市麻生区,川崎市麻生区虹ケ丘3丁目,42,,201,,64,,131,,234,,672
3826,川崎市麻生区,川崎市麻生区白山1丁目,275,,276,,244,,227,,131,,1153
3827,川崎市麻生区,川崎市麻生区白山2丁目,226,,205,,83,,183,,253,,950
3828,川崎市麻生区,川崎市麻生区白山3丁目,258,,253,,10,,298,,36,,855
3829,川崎市麻生区,川崎市麻生区白山4丁目,183,,17,,148,,92,,274,,714
3830,川崎市麻生区,川崎市麻生区白山5丁目,208,,120,,47,,115,,149,,639
3831,川崎市麻生区,川崎市麻生区白鳥1丁目,178,,90,,122,,228,,51,,669
3832,川崎市麻生区,川崎市麻生区白鳥2丁目,24,,6,,270,,280,,291,,871
3833,川崎市麻生区,川崎市麻生区白鳥3丁目,221,,249,,229,,29,,262,,990
3834,川崎市麻生区,川崎市麻生区白鳥4丁目,22,,1,,155,,260,,239,,677
3835,川崎市麻生区,川崎市麻生区百合丘1丁目,89,,44,,219,,100,,211,,663
3836,川崎市麻生区,川崎市麻生区百合丘2丁目,40,,153,,20,,118,,19,,350
3837,川崎市麻生区,川崎市麻生区百合丘3丁目,219,,250,,13,,252,,287,,1021
3838,川崎市麻生区,川崎市麻生区片平1丁目,17,,214,,141,,189,,186,,747
3839,川崎市麻生区,川崎市麻生区片平2丁目,178,,148,,8,,105,,101,,540
3840,川崎市麻生区,川崎市麻生区片平3丁目,13,,6,,206,,196,,150,,571
3841,川崎市麻生区,川崎市麻生区片平4丁目,109,,81,,190,,67,,40,,487
3842,川崎市麻生区,川崎市麻生区片平5丁目,150,,18,,133,,98,,6,,405
3843,川崎市麻生区,川崎市麻生区片平6丁目,266,,288,,178,,120,,286,,1138
3844,川崎市麻生区,川崎市麻生区片平7丁目,269,,40,,237,,286,,273,,1105
3845,川崎市麻生区,川崎市麻生区片平8丁目,128,,268,,105,,244,,19,,764
3846,川崎市麻生区,川崎市麻生区万福寺1丁目,275,,248,,155,,213,,78,,969
3847,川崎市麻生区,川崎市麻生区万福寺2丁目,174,,13,,72,,73,,154,,486
3848,川崎市麻生区,川崎市麻生区万福寺3丁目,180,,105,,247,,42,,213,,787
3849,川崎市麻生区,川崎市麻生区万福寺4丁目,46,,19,,211,,246,,76,,598
3850,川崎市麻生区,川崎市麻生区万福寺5丁目,171,,32,,64,,1,,289,,557
3851,川崎市麻生区,川崎市麻生区万福寺6丁目,180,,259,,276,,97,,229,,1041
3852,川崎市高津区,川崎市高津区宇奈根,69,,6,,135,,185,,50,,445
3853,川崎市高津区,川崎市高津区下作延,32,,27,,88,,264,,137,,548
3854,川崎市高津区,川崎市高津区下野毛,2,,241,,129,,116,,244,,732
3855,川崎市高津区,川崎市高津区蟹ケ谷,217,,51,,295,,259,,11,,833
3856,川崎市高津区,川崎市高津区梶ケ谷,117,,30,,87,,96,,63,,393
3857,川崎市高津区,川崎市高津区久地,269,,199,,182,,169,,96,,915
3858,川崎市高津区,川崎市高津区久本,240,,195,,57,,180,,103,,775
3859,川崎市高津区,川崎市高津区久末,295,,254,,180,,156,,292,,1177
3860,川崎市高津区,川崎市高津区向ケ丘,263,,174,,117,,189,,276,,1019
3861,川崎市高津区,川崎市高津区溝口,226,,6,,242,,269,,127,,870
3862,川崎市高津区,川崎市高津区坂戸,122,,3,,108,,204,,242,,679
3863,川崎市高津区,川崎市高津区子母口,264,,28,,55,,73,,38,,458
3864,川崎市高津区,川崎市高津区子母口富士見台,182,,261,,266,,154,,171,,1034
3865,川崎市高津区,川崎市高津区上作延,209,,168,,160,,60,,58,,655
3866,川崎市高津区,川崎市高津区新作,261,,239,,46,,87,,291,,924
3867,川崎市高津区,川崎市高津区諏訪,114,,95,,233,,226,,139,,807
3868,川崎市高津区,川崎市高津区瀬田,242,,186,,161,,142,,64,,795
3869,川崎市高津区,川崎市高津区千年,282,,221,,257,,143,,12,,915
3870,川崎市高津区,川崎市高津区千年新町,48,,291,,203,,14,,45,,601
3871,川崎市高津区,川崎市高津区東野川,221,,115,,60,,119,,94,,609
3872,川崎市高津区,川崎市高津区二子,44,,236,,147,,148,,237,,812
3873,川崎市高津区,川崎市高津区北見方,180,,287,,70,,78,,268,,883
3874,川崎市高津区,川崎市高津区北野川,288,,137,,153,,288,,227,,1093
3875,川崎市高津区,川崎市高津区末長,286,,28,,145,,134,,292,,885
3876,川崎市高津区,川崎市高津区明津,179,,10,,284,,80,,276,,829
3877,川崎市高津区,川崎市高津区野川,89,,232,,96,,103,,197,,717
3878,川崎市高津区,川崎市高津区下作延1丁目,217,,92,,276,,273,,12,,870
3879,川崎市高津区,川崎市高津区下作延2丁目,98,,37,,124,,220,,121,,600
3880,川崎市高津区,川崎市高津区下作延3丁目,177,,21,,41,,250,,186,,675
3881,川崎市高津区,川崎市高津区下作延4丁目,29,,21,,166,,7,,201,,424
3882,川崎市高津区,川崎市高津区下作延5丁目,295,,100,,292,,15,,272,,974
3883,川崎市高津区,川崎市高津区下作延6丁目,261,,96,,132,,133,,149,,771
3884,川崎市高津区,川崎市高津区下作延7丁目,47,,212,,126,,267,,116,,768
3885,川崎市高津区,川崎市高津区下野毛1丁目,116,,63,,12,,153,,5,,349
3886,川崎市高津区,川崎市高津区下野毛2丁目,281,,232,,158,,217,,9,,897
3887,川崎市高津区,川崎市高津区下野毛3丁目,169,,57,,291,,98,,77,,692
3888,川崎市高津区,川崎市高津区梶ケ谷1丁目,195,,18,,2,,264,,72,,551
3889,川崎市高津区,川崎市高津区梶ケ谷2丁目,212,,280,,294,,6,,210,,1002
3890,川崎市高津区,川崎市高津区梶ケ谷3丁目,156,,207,,277,,163,,238,,1041
3891,川崎市高津区,川崎市高津区梶ケ谷4丁目,111,,223,,12,,296,,261,,903
3892,川崎市高津区,川崎市高津区梶ケ谷5丁目,213,,205,,138,,68,,179,,803
3893,川崎市高津区,川崎市高津区梶ケ谷6丁目,87,,216,,252,,199,,14,,768
3894,川崎市高津区,川崎市高津区久地1丁目,127,,113,,209,,63,,286,,798
3895,川崎市高津区,川崎市高津区久地2丁目,176,,56,,256,,267,,10,,765
3896,川崎市高津区,川崎市高津区久地3丁目,67,,261,,210,,285,,21,,844
3897,川崎市高津区,川崎市高津区久地4丁目,295,,220,,15,,143,,144,,817
3898,川崎市高津区,川崎市高津区久本1丁目,152,,65,,272,,168,,112,,769
3899,川崎市高津区,川崎市高津区久本2丁目,207,,4,,273,,280,,38,,802
3900,川崎市高津区,川崎市高津区久本3丁目,48,,293,,10,,70,,182,,603
3901,川崎市高津区,川崎市高津区溝口1丁目,153,,243,,89,,114,,158,,757
3902,川崎市高津区,川崎市高津区溝口2丁目,196,,18,,272,,114,,174,,774
3903,川崎市高津区,川崎市高津区溝口3丁目,15,,249,,248,,169,,215,,896
3904,川崎市高津区,川崎市高津区溝口4丁目,55,,53,,128,,149,,197,,582
3905,川崎市高津区,川崎市高津区溝口5丁目,207,,32,,184,,138,,137,,698
3906,川崎市高津区,川崎市高津区溝口6丁目,300,,131,,272,,177,,66,,946
3907,川崎市高津区,川崎市高津区坂戸1丁目,11,,269,,182,,163,,214,,839
3908,川崎市高津区,川崎市高津区坂戸2丁目,74,,147,,278,,232,,143,,874
3909,川崎市高津区,川崎市高津区坂戸3丁目,256,,239,,168,,288,,75,,1026
3910,川崎市高津区,川崎市高津区新作1丁目,26,,163,,285,,128,,98,,700
3911,川崎市高津区,川崎市高津区新作2丁目,213,,233,,271,,12,,2,,731
3912,川崎市高津区,川崎市高津区新作3丁目,150,,241,,12,,123,,294,,820
3913,川崎市高津区,川崎市高津区新作4丁目,296,,287,,65,,209,,127,,984
3914,川崎市高津区,川崎市高津区新作5丁目,188,,126,,118,,111,,123,,666
3915,川崎市高津区,川崎市高津区新作6丁目,52,,169,,114,,94,,204,,633
3916,川崎市高津区,川崎市高津区諏訪1丁目,13,,290,,202,,115,,12,,632
3917,川崎市高津区,川崎市高津区諏訪2丁目,135,,48,,147,,2,,135,,467
3918,川崎市高津区,川崎市高津区諏訪3丁目,22,,53,,158,,219,,86,,538
3919,川崎市高津区,川崎市高津区東野川1丁目,255,,74,,102,,177,,1,,609
3920,川崎市高津区,川崎市高津区東野川2丁目,120,,1,,284,,195,,175,,775
3921,川崎市高津区,川崎市高津区二子1丁目,238,,177,,64,,85,,205,,769
3922,川崎市高津区,川崎市高津区二子2丁目,138,,257,,84,,265,,282,,1026
3923,川崎市高津区,川崎市高津区二子3丁目,60,,118,,296,,203,,128,,805
3924,川崎市高津区,川崎市高津区二子4丁目,233,,284,,106,,147,,44,,814
3925,川崎市高津区,川崎市高津区二子5丁目,37,,92,,263,,42,,145,,579
3926,川崎市高津区,川崎市高津区二子6丁目,153,,297,,214,,140,,127,,931
3927,川崎市高津区,川崎市高津区北見方1丁目,144,,274,,119,,282,,46,,865
3928,川崎市高津区,川崎市高津区北見方2丁目,176,,213,,108,,269,,118,,884
3929,川崎市高津区,川崎市高津区北見方3丁目,240,,117,,91,,225,,32,,705
3930,川崎市高津区,川崎市高津区末長1丁目,132,,191,,90,,300,,126,,839
3931,川崎市高津区,川崎市高津区末長2丁目,193,,277,,291,,181,,196,,1138
3932,川崎市高津区,川崎市高津区末長3丁目,2,,36,,211,,195,,70,,514
3933,川崎市高津区,川崎市高津区末長4丁目,192,,274,,178,,106,,30,,780
3934,川崎市多摩区,川崎市多摩区堰,106,,77,,264,,172,,238,,857
3935,川崎市多摩区,川崎市多摩区栗谷,103,,262,,96,,47,,128,,636
3936,川崎市多摩区,川崎市多摩区三田,225,,28,,148,,279,,33,,713
3937,川崎市多摩区,川崎市多摩区寺尾台,208,,77,,182,,60,,149,,676
3938,川崎市多摩区,川崎市多摩区宿河原,198,,176,,128,,235,,34,,771
3939,川崎市多摩区,川崎市多摩区菅,294,,254,,5,,113,,147,,813
3940,川崎市多摩区,川崎市多摩区菅稲田堤,186,,180,,98,,264,,117,,845
3941,川崎市多摩区,川崎市多摩区菅城下,204,,115,,270,,283,,243,,1115
3942,川崎市多摩区,川崎市多摩区菅仙谷,163,,83,,259,,27,,299,,831
3943,川崎市多摩区,川崎市多摩区菅馬場,26,,222,,69,,290,,227,,834
3944,川崎市多摩区,川崎市多摩区菅北浦,277,,77,,166,,273,,156,,949
3945,川崎市多摩区,川崎市多摩区菅野戸呂,175,,139,,154,,164,,271,,903
3946,川崎市多摩区,川崎市多摩区生田,8,,292,,95,,131,,203,,729
3947,川崎市多摩区,川崎市多摩区西生田,31,,80,,60,,26,,25,,222
3948,川崎市多摩区,川崎市多摩区中野島,59,,276,,8,,45,,87,,475
3949,川崎市多摩区,川崎市多摩区長沢,151,,29,,65,,16,,43,,304
3950,川崎市多摩区,川崎市多摩区長尾,271,,42,,145,,34,,97,,589
3951,川崎市多摩区,川崎市多摩区登戸,63,,41,,299,,29,,31,,463
3952,川崎市多摩区,川崎市多摩区登戸新町,107,,257,,207,,226,,56,,853
3953,川崎市多摩区,川崎市多摩区東三田,232,,233,,256,,295,,251,,1267
3954,川崎市多摩区,川崎市多摩区東生田,64,,264,,289,,116,,35,,768
3955,川崎市多摩区,川崎市多摩区南生田,144,,166,,55,,185,,16,,566
3956,川崎市多摩区,川崎市多摩区布田,209,,264,,143,,181,,178,,975
3957,川崎市多摩区,川崎市多摩区和泉,195,,124,,45,,72,,255,,691
3958,川崎市多摩区,川崎市多摩区枡形,25,,227,,208,,265,,80,,805
3959,川崎市多摩区,川崎市多摩区堰1丁目,191,,31,,52,,206,,226,,706
3960,川崎市多摩区,川崎市多摩区堰2丁目,6,,282,,83,,86,,92,,549
3961,川崎市多摩区,川崎市多摩区堰3丁目,70,,285,,53,,68,,152,,628
3962,川崎市多摩区,川崎市多摩区栗谷1丁目,251,,194,,300,,16,,250,,1011
3963,川崎市多摩区,川崎市多摩区栗谷2丁目,269,,156,,251,,53,,171,,900
3964,川崎市多摩区,川崎市多摩区栗谷3丁目,158,,152,,225,,19,,214,,768
3965,川崎市多摩区,川崎市多摩区栗谷4丁目,47,,213,,167,,172,,83,,682
3966,川崎市多摩区,川崎市多摩区三田1丁目,195,,109,,284,,224,,95,,907
3967,川崎市多摩区,川崎市多摩区三田2丁目,296,,77,,185,,226,,197,,981
3968,川崎市多摩区,川崎市多摩区三田3丁目,263,,130,,43,,280,,199,,915
3969,川崎市多摩区,川崎市多摩区三田4丁目,161,,268,,63,,76,,154,,722
3970,川崎市多摩区,川崎市多摩区三田5丁目,91,,282,,94,,76,,229,,772
3971,川崎市多摩区,川崎市多摩区寺尾台1丁目,32,,239,,224,,195,,4,,694
3972,川崎市多摩区,川崎市多摩区寺尾台2丁目,132,,209,,140,,270,,23,,774
3973,川崎市多摩区,川崎市多摩区宿河原1丁目,37,,260,,265,,62,,162,,786
3974,川崎市多摩区,川崎市多摩区宿河原2丁目,230,,88,,172,,297,,92,,879
3975,川崎市多摩区,川崎市多摩区宿河原3丁目,280,,198,,117,,87,,293,,975
3976,川崎市多摩区,川崎市多摩区宿河原4丁目,152,,277,,189,,292,,14,,924
3977,川崎市多摩区,川崎市多摩区宿河原5丁目,16,,47,,203,,133,,194,,593
3978,川崎市多摩区,川崎市多摩区宿河原6丁目,247,,36,,300,,90,,293,,966
3979,川崎市多摩区,川崎市多摩区宿河原7丁目,238,,165,,156,,85,,143,,787
3980,川崎市多摩区,川崎市多摩区菅1丁目,249,,118,,170,,97,,85,,719
3981,川崎市多摩区,川崎市多摩区菅2丁目,190,,286,,55,,139,,52,,722
3982,川崎市多摩区,川崎市多摩区菅3丁目,71,,228,,86,,249,,199,,833
3983,川崎市多摩区,川崎市多摩区菅4丁目,62,,231,,300,,163,,41,,797
3984,川崎市多摩区,川崎市多摩区菅5丁目,248,,216,,187,,236,,160,,1047
3985,川崎市多摩区,川崎市多摩区菅6丁目,198,,174,,43,,131,,206,,752
3986,川崎市多摩区,川崎市多摩区菅稲田堤1丁目,120,,2,,210,,72,,88,,492
3987,川崎市多摩区,川崎市多摩区菅稲田堤2丁目,168,,4,,2,,167,,151,,492
3988,川崎市多摩区,川崎市多摩区菅稲田堤3丁目,101,,97,,280,,197,,216,,891
3989,川崎市多摩区,川崎市多摩区菅仙谷1丁目,94,,26,,142,,236,,117,,615
3990,川崎市多摩区,川崎市多摩区菅仙谷2丁目,227,,257,,22,,10,,93,,609
3991,川崎市多摩区,川崎市多摩区菅仙谷3丁目,36,,284,,44,,125,,292,,781
3992,川崎市多摩区,川崎市多摩区菅仙谷4丁目,259,,107,,274,,169,,130,,939
3993,川崎市多摩区,川崎市多摩区菅馬場1丁目,91,,44,,178,,32,,123,,468
3994,川崎市多摩区,川崎市多摩区菅馬場2丁目,274,,69,,281,,237,,213,,1074
3995,川崎市多摩区,川崎市多摩区菅馬場3丁目,4,,132,,217,,53,,261,,667
3996,川崎市多摩区,川崎市多摩区菅馬場4丁目,267,,197,,119,,57,,176,,816
3997,川崎市多摩区,川崎市多摩区菅北浦1丁目,27,,206,,77,,52,,49,,411
3998,川崎市多摩区,川崎市多摩区菅北浦2丁目,184,,44,,19,,278,,44,,569
3999,川崎市多摩区,川崎市多摩区菅北浦3丁目,200,,94,,154,,54,,257,,759
4000,川崎市多摩区,川崎市多摩区菅北浦4丁目,269,,8,,161,,87,,279,,804
4001,川崎市多摩区,川崎市多摩区菅北浦5丁目,43,,145,,234,,126,,50,,598
4002,川崎市多摩区,川崎市多摩区生田1丁目,165,,200,,2,,280,,211,,858
4003,川崎市多摩区,川崎市多摩区生田2丁目,6,,111,,34,,172,,102,,425
4004,川崎市多摩区,川崎市多摩区生田3丁目,163,,24,,269,,188,,132,,776
4005,川崎市多摩区,川崎市多摩区生田4丁目,280,,165,,160,,285,,218,,1108
4006,川崎市多摩区,川崎市多摩区生田5丁目,79,,131,,61,,240,,87,,598
4007,川崎市多摩区,川崎市多摩区生田6丁目,186,,6,,64,,256,,266,,778
4008,川崎市多摩区,川崎市多摩区生田7丁目,125,,168,,292,,55,,174,,814
4009,川崎市多摩区,川崎市多摩区生田8丁目,33,,156,,197,,30,,212,,628
4010,川崎市多摩区,川崎市多摩区西生田1丁目,64,,236,,130,,63,,237,,730
4011,川崎市多摩区,川崎市多摩区西生田2丁目,220,,137,,158,,110,,183,,808
4012,川崎市多摩区,川崎市多摩区西生田3丁目,235,,63,,214,,77,,179,,768
4013,川崎市多摩区,川崎市多摩区西生田4丁目,160,,172,,167,,275,,58,,832
4014,川崎市多摩区,川崎市多摩区西生田5丁目,154,,191,,232,,298,,159,,1034
4015,川崎市多摩区,川崎市多摩区中野島1丁目,47,,56,,5,,291,,140,,539
4016,川崎市多摩区,川崎市多摩区中野島2丁目,215,,286,,89,,223,,94,,907
4017,川崎市多摩区,川崎市多摩区中野島3丁目,35,,57,,125,,120,,47,,384
4018,川崎市多摩区,川崎市多摩区中野島4丁目,201,,250,,40,,55,,239,,785
4019,川崎市多摩区,川崎市多摩区中野島5丁目,11,,50,,274,,189,,279,,803
4020,川崎市多摩区,川崎市多摩区中野島6丁目,33,,85,,46,,101,,18,,283
4021,川崎市多摩区,川崎市多摩区長沢1丁目,112,,298,,22,,93,,137,,662
4022,川崎市多摩区,川崎市多摩区長沢2丁目,48,,253,,31,,27,,204,,563
4023,川崎市多摩区,川崎市多摩区長沢3丁目,266,,14,,130,,180,,274,,864
4024,川崎市多摩区,川崎市多摩区長沢4丁目,10,,188,,211,,33,,160,,602
4025,川崎市多摩区,川崎市多摩区長尾1丁目,82,,86,,273,,111,,104,,656
4026,川崎市多摩区,川崎市多摩区長尾2丁目,161,,40,,242,,181,,232,,856
4027,川崎市多摩区,川崎市多摩区長尾3丁目,134,,24,,212,,290,,41,,701
4028,川崎市多摩区,川崎市多摩区長尾4丁目,32,,173,,29,,108,,263,,605
4029,川崎市多摩区,川崎市多摩区長尾5丁目,159,,121,,288,,33,,152,,753
4030,川崎市多摩区,川崎市多摩区長尾6丁目,118,,2,,7,,24,,237,,388
4031,川崎市多摩区,川崎市多摩区長尾7丁目,108,,36,,68,,236,,268,,716
4032,川崎市多摩区,川崎市多摩区東三田1丁目,183,,253,,4,,146,,128,,714
4033,川崎市多摩区,川崎市多摩区東三田2丁目,235,,239,,151,,124,,247,,996
4034,川崎市多摩区,川崎市多摩区東三田3丁目,122,,10,,44,,72,,164,,412
4035,川崎市多摩区,川崎市多摩区東生田1丁目,178,,201,,116,,204,,19,,718
4036,川崎市多摩区,川崎市多摩区東生田2丁目,92,,298,,47,,39,,290,,766
4037,川崎市多摩区,川崎市多摩区東生田3丁目,38,,17,,103,,163,,249,,570
4038,川崎市多摩区,川崎市多摩区東生田4丁目,92,,246,,257,,110,,106,,811
4039,川崎市多摩区,川崎市多摩区南生田1丁目,142,,120,,6,,253,,245,,766
4040,川崎市多摩区,川崎市多摩区南生田2丁目,13,,287,,18,,206,,221,,745
4041,川崎市多摩区,川崎市多摩区南生田3丁目,135,,89,,191,,9,,82,,506
4042,川崎市多摩区,川崎市多摩区南生田4丁目,209,,62,,276,,140,,67,,754
4043,川崎市多摩区,川崎市多摩区南生田5丁目,260,,214,,191,,176,,146,,987
4044,川崎市多摩区,川崎市多摩区南生田6丁目,158,,217,,164,,268,,267,,1074
4045,川崎市多摩区,川崎市多摩区南生田7丁目,134,,33,,223,,275,,179,,844
4046,川崎市多摩区,川崎市多摩区南生田8丁目,76,,210,,13,,299,,12,,610
4047,川崎市多摩区,川崎市多摩区枡形1丁目,74,,255,,7,,41,,166,,543
4048,川崎市多摩区,川崎市多摩区枡形2丁目,245,,145,,11,,47,,123,,571
4049,川崎市多摩区,川崎市多摩区枡形3丁目,283,,96,,193,,21,,78,,671
4050,川崎市多摩区,川崎市多摩区枡形4丁目,0,,105,,288,,290,,81,,764
4051,川崎市多摩区,川崎市多摩区枡形5丁目,262,,238,,49,,77,,66,,692
4052,川崎市多摩区,川崎市多摩区枡形6丁目,159,,8,,244,,263,,43,,717
4053,川崎市多摩区,川崎市多摩区枡形7丁目,280,,253,,228,,29,,210,,1000
4054,横浜市瀬谷区,横浜市瀬谷区阿久和西,0,,5,,224,,161,,164,,554
4055,横浜市瀬谷区,横浜市瀬谷区阿久和東,284,,237,,7,,85,,0,,613
4056,横浜市瀬谷区,横浜市瀬谷区阿久和南,264,,47,,74,,7,,298,,690
4057,横浜市瀬谷区,横浜市瀬谷区卸本町,60,,216,,171,,257,,117,,821
4058,横浜市瀬谷区,横浜市瀬谷区下瀬谷,23,,157,,213,,68,,279,,740
4059,横浜市瀬谷区,横浜市瀬谷区宮沢,209,,145,,157,,211,,281,,1003
4060,横浜市瀬谷区,横浜市瀬谷区橋戸,49,,122,,291,,9,,262,,733
4061,横浜市瀬谷区,横浜市瀬谷区五貫目町,205,,1,,91,,80,,279,,656
4062,横浜市瀬谷区,横浜市瀬谷区三ツ境,254,,272,,271,,118,,176,,1091
4063,横浜市瀬谷区,横浜市瀬谷区上瀬谷町,170,,269,,65,,271,,132,,907
4064,横浜市瀬谷区,横浜市瀬谷区瀬谷,201,,120,,254,,290,,207,,1072
4065,横浜市瀬谷区,横浜市瀬谷区瀬谷町,212,,123,,30,,296,,108,,769
4066,横浜市瀬谷区,横浜市瀬谷区相沢,211,,184,,247,,200,,13,,855
4067,横浜市瀬谷区,横浜市瀬谷区竹村町,64,,54,,175,,245,,228,,766
4068,横浜市瀬谷区,横浜市瀬谷区中央,97,,242,,245,,252,,25,,861
4069,横浜市瀬谷区,横浜市瀬谷区中屋敷,60,,266,,152,,224,,243,,945
4070,横浜市瀬谷区,横浜市瀬谷区東野,36,,97,,193,,160,,54,,540
4071,横浜市瀬谷区,横浜市瀬谷区東野台,17,,265,,148,,107,,206,,743
4072,横浜市瀬谷区,横浜市瀬谷区南瀬谷,285,,276,,137,,1,,113,,812
4073,横浜市瀬谷区,横浜市瀬谷区南台,132,,33,,242,,223,,163,,793
4074,横浜市瀬谷区,横浜市瀬谷区二ツ橋町,8,,209,,258,,162,,202,,839
4075,横浜市瀬谷区,横浜市瀬谷区北新,266,,212,,127,,19,,265,,889
4076,横浜市瀬谷区,横浜市瀬谷区北町,115,,177,,122,,116,,253,,783
4077,横浜市瀬谷区,横浜市瀬谷区本郷,119,,196,,216,,14,,267,,812
4078,横浜市瀬谷区,横浜市瀬谷区目黒町,254,,71,,24,,276,,197,,822
4079,横浜市瀬谷区,横浜市瀬谷区阿久和西1丁目,268,,43,,71,,44,,141,,567
4080,横浜市瀬谷区,横浜市瀬谷区阿久和西2丁目,88,,108,,240,,155,,22,,613
4081,横浜市瀬谷区,横浜市瀬谷区阿久和西3丁目,240,,263,,87,,108,,3,,701
4082,横浜市瀬谷区,横浜市瀬谷区阿久和西4丁目,67,,92,,86,,1,,279,,525
4083,横浜市瀬谷区,横浜市瀬谷区阿久和東1丁目,232,,41,,247,,87,,173,,780
4084,横浜市瀬谷区,横浜市瀬谷区阿久和東2丁目,299,,127,,279,,64,,292,,1061
4085,横浜市瀬谷区,横浜市瀬谷区阿久和東3丁目,59,,34,,72,,138,,163,,466
4086,横浜市瀬谷区,横浜市瀬谷区阿久和東4丁目,116,,8,,251,,27,,37,,439
4087,横浜市瀬谷区,横浜市瀬谷区阿久和南1丁目,238,,273,,247,,246,,176,,1180
4088,横浜市瀬谷区,横浜市瀬谷区阿久和南2丁目,68,,68,,215,,12,,187,,550
4089,横浜市瀬谷区,横浜市瀬谷区阿久和南3丁目,224,,165,,3,,179,,40,,611
4090,横浜市瀬谷区,横浜市瀬谷区阿久和南4丁目,146,,260,,38,,287,,8,,739
4091,横浜市瀬谷区,横浜市瀬谷区下瀬谷1丁目,237,,135,,185,,168,,127,,852
4092,横浜市瀬谷区,横浜市瀬谷区下瀬谷2丁目,107,,101,,154,,161,,55,,578
4093,横浜市瀬谷区,横浜市瀬谷区下瀬谷3丁目,73,,297,,219,,236,,149,,974
4094,横浜市瀬谷区,横浜市瀬谷区宮沢1丁目,115,,159,,238,,226,,85,,823
4095,横浜市瀬谷区,横浜市瀬谷区宮沢2丁目,228,,194,,80,,184,,203,,889
4096,横浜市瀬谷区,横浜市瀬谷区宮沢3丁目,64,,146,,62,,201,,170,,643
4097,横浜市瀬谷区,横浜市瀬谷区宮沢4丁目,1,,157,,240,,96,,67,,561
4098,横浜市瀬谷区,横浜市瀬谷区橋戸1丁目,216,,217,,18,,160,,140,,751
4099,横浜市瀬谷区,横浜市瀬谷区橋戸2丁目,99,,293,,182,,131,,208,,913
4100,横浜市瀬谷区,横浜市瀬谷区橋戸3丁目,96,,162,,216,,249,,237,,960
4101,横浜市瀬谷区,横浜市瀬谷区瀬谷1丁目,141,,68,,126,,22,,217,,574
4102,横浜市瀬谷区,横浜市瀬谷区瀬谷2丁目,98,,100,,293,,67,,250,,808
4103,横浜市瀬谷区,横浜市瀬谷区瀬谷3丁目,211,,242,,243,,65,,220,,981
4104,横浜市瀬谷区,横浜市瀬谷区瀬谷4丁目,19,,163,,106,,43,,151,,482
4105,横浜市瀬谷区,横浜市瀬谷区瀬谷5丁目,16,,93,,113,,52,,250,,524
4106,横浜市瀬谷区,横浜市瀬谷区瀬谷6丁目,134,,198,,254,,127,,213,,926
4107,横浜市瀬谷区,横浜市瀬谷区相沢1丁目,244,,223,,231,,41,,24,,763
4108,横浜市瀬谷区,横浜市瀬谷区相沢2丁目,7,,244,,211,,298,,97,,857
4109,横浜市瀬谷区,横浜市瀬谷区相沢3丁目,189,,29,,170,,130,,112,,630
4110,横浜市瀬谷区,横浜市瀬谷区相沢4丁目,157,,59,,176,,49,,257,,698
4111,横浜市瀬谷区,横浜市瀬谷区相沢5丁目,98,,52,,98,,92,,214,,554
4112,横浜市瀬谷区,横浜市瀬谷区相沢6丁目,144,,173,,84,,276,,122,,799
4113,横浜市瀬谷区,横浜市瀬谷区相沢7丁目,70,,255,,118,,117,,184,,744
4114,横浜市瀬谷区,横浜市瀬谷区中屋敷1丁目,243,,234,,79,,91,,295,,942
4115,横浜市瀬谷区,横浜市瀬谷区中屋敷2丁目,254,,60,,290,,125,,92,,821
4116,横浜市瀬谷区,横浜市瀬谷区中屋敷3丁目,257,,166,,90,,141,,222,,876
4117,横浜市瀬谷区,横浜市瀬谷区南瀬谷1丁目,6,,299,,235,,87,,265,,892
4118,横浜市瀬谷区,横浜市瀬谷区南瀬谷2丁目,111,,220,,147,,287,,278,,1043
4119,横浜市瀬谷区,横浜市瀬谷区南台1丁目,17,,99,,264,,227,,237,,844
4120,横浜市瀬谷区,横浜市瀬谷区南台2丁目,220,,109,,158,,233,,197,,917
4121,横浜市瀬谷区,横浜市瀬谷区本郷1丁目,70,,191,,241,,111,,286,,899
4122,横浜市瀬谷区,横浜市瀬谷区本郷2丁目,198,,21,,23,,41,,275,,558
4123,横浜市瀬谷区,横浜市瀬谷区本郷3丁目,287,,272,,125,,54,,80,,818
4124,横浜市瀬谷区,横浜市瀬谷区本郷4丁目,271,,227,,171,,21,,11,,701
4125,川崎市中原区,川崎市中原区井田,286,,58,,51,,210,,139,,744
4126,川崎市中原区,川崎市中原区井田三舞町,37,,218,,230,,163,,248,,896
4127,川崎市中原区,川崎市中原区井田杉山町,44,,19,,237,,220,,51,,571
4128,川崎市中原区,川崎市中原区井田中ノ町,228,,19,,124,,248,,247,,866
4129,川崎市中原区,川崎市中原区下小田中,220,,296,,162,,202,,223,,1103
4130,川崎市中原区,川崎市中原区下沼部,36,,42,,182,,24,,47,,331
4131,川崎市中原区,川崎市中原区下新城,50,,38,,175,,37,,226,,526
4132,川崎市中原区,川崎市中原区苅宿,100,,163,,154,,124,,149,,690
4133,川崎市中原区,川崎市中原区丸子通,227,,13,,128,,148,,167,,683
4134,川崎市中原区,川崎市中原区宮内,187,,215,,27,,228,,43,,700
4135,川崎市中原区,川崎市中原区今井上町,94,,213,,8,,3,,148,,466
4136,川崎市中原区,川崎市中原区今井西町,50,,209,,112,,286,,120,,777
4137,川崎市中原区,川崎市中原区今井仲町,11,,18,,262,,123,,283,,697
4138,川崎市中原区,川崎市中原区今井南町,43,,260,,284,,74,,78,,739
4139,川崎市中原区,川崎市中原区市ノ坪,249,,157,,84,,280,,272,,1042
4140,川崎市中原区,川崎市中原区小杉御殿町,60,,6,,300,,52,,244,,662
4141,川崎市中原区,川崎市中原区小杉陣屋町,105,,89,,88,,140,,4,,426
4142,川崎市中原区,川崎市中原区小杉町,189,,221,,19,,107,,23,,559
4143,川崎市中原区,川崎市中原区上丸子,141,,231,,255,,73,,67,,767
4144,川崎市中原区,川崎市中原区上丸子山王町,264,,40,,88,,294,,10,,696
4145,川崎市中原区,川崎市中原区上丸子天神町,272,,155,,273,,75,,267,,1042
4146,川崎市中原区,川崎市中原区上丸子八幡町,269,,297,,292,,194,,117,,1169
4147,川崎市中原区,川崎市中原区上小田中,137,,92,,51,,241,,279,,800
4148,川崎市中原区,川崎市中原区上新城,206,,159,,34,,179,,255,,833
4149,川崎市中原区,川崎市中原区上平間,199,,167,,16,,257,,19,,658
4150,川崎市中原区,川崎市中原区新丸子町,234,,96,,230,,69,,77,,706
4151,川崎市中原区,川崎市中原区新丸子東,126,,79,,277,,13,,184,,679
4152,川崎市中原区,川崎市中原区新城,138,,288,,79,,56,,4,,565
4153,川崎市中原区,川崎市中原区新城中町,284,,242,,15,,162,,146,,849
4154,川崎市中原区,川崎市中原区西加瀬,2,,269,,175,,271,,210,,927
4155,川崎市中原区,川崎市中原区大倉町,176,,157,,265,,116,,228,,942
4156,川崎市中原区,川崎市中原区中丸子,248,,196,,154,,291,,250,,1139
4157,川崎市中原区,川崎市中原区田尻町,136,,24,,291,,228,,92,,771
4158,川崎市中原区,川崎市中原区等々力,78,,49,,33,,196,,134,,490
4159,川崎市中原区,川崎市中原区北谷町,190,,208,,123,,14,,19,,554
4160,川崎市中原区,川崎市中原区木月,107,,149,,123,,293,,286,,958
4161,川崎市中原区,川崎市中原区木月伊勢町,83,,175,,129,,69,,198,,654
4162,川崎市中原区,川崎市中原区木月住吉町,28,,18,,271,,218,,128,,663
4163,川崎市中原区,川崎市中原区木月大町,233,,121,,140,,108,,196,,798
4164,川崎市中原区,川崎市中原区木月祗園町,38,,144,,123,,283,,43,,631
4165,川崎市中原区,川崎市中原区井田1丁目,81,,119,,242,,95,,94,,631
4166,川崎市中原区,川崎市中原区井田2丁目,219,,17,,253,,137,,102,,728
4167,川崎市中原区,川崎市中原区井田3丁目,120,,166,,219,,120,,5,,630
4168,川崎市中原区,川崎市中原区下小田中1丁目,168,,232,,186,,205,,2,,793
4169,川崎市中原区,川崎市中原区下小田中2丁目,106,,217,,195,,183,,235,,936
4170,川崎市中原区,川崎市中原区下小田中3丁目,295,,288,,88,,43,,2,,716
4171,川崎市中原区,川崎市中原区下小田中4丁目,98,,272,,291,,62,,287,,1010
4172,川崎市中原区,川崎市中原区下小田中5丁目,215,,298,,102,,299,,19,,933
4173,川崎市中原区,川崎市中原区下小田中6丁目,197,,132,,263,,237,,187,,1016
4174,川崎市中原区,川崎市中原区下新城1丁目,34,,5,,56,,139,,275,,509
4175,川崎市中原区,川崎市中原区下新城2丁目,4,,231,,286,,87,,208,,816
4176,川崎市中原区,川崎市中原区下新城3丁目,127,,103,,106,,294,,28,,658
4177,川崎市中原区,川崎市中原区丸子通1丁目,23,,247,,86,,6,,293,,655
4178,川崎市中原区,川崎市中原区丸子通2丁目,172,,119,,156,,296,,244,,987
4179,川崎市中原区,川崎市中原区宮内1丁目,116,,269,,71,,300,,140,,896
4180,川崎市中原区,川崎市中原区宮内2丁目,259,,187,,259,,106,,36,,847
4181,川崎市中原区,川崎市中原区宮内3丁目,248,,66,,76,,247,,26,,663
4182,川崎市中原区,川崎市中原区宮内4丁目,83,,196,,168,,193,,296,,936
4183,川崎市中原区,川崎市中原区小杉御殿町1丁目,237,,158,,30,,137,,86,,648
4184,川崎市中原区,川崎市中原区小杉御殿町2丁目,209,,49,,260,,93,,250,,861
4185,川崎市中原区,川崎市中原区小杉陣屋町1丁目,205,,100,,13,,35,,117,,470
4186,川崎市中原区,川崎市中原区小杉陣屋町2丁目,99,,170,,101,,46,,87,,503
4187,川崎市中原区,川崎市中原区小杉町1丁目,125,,176,,87,,44,,57,,489
4188,川崎市中原区,川崎市中原区小杉町2丁目,10,,90,,213,,53,,277,,643
4189,川崎市中原区,川崎市中原区小杉町3丁目,110,,67,,19,,167,,300,,663
4190,川崎市中原区,川崎市中原区上丸子山王町1丁目,206,,77,,234,,222,,287,,1026
4191,川崎市中原区,川崎市中原区上丸子山王町2丁目,13,,91,,236,,248,,145,,733
4192,川崎市中原区,川崎市中原区上小田中1丁目,291,,284,,152,,77,,80,,884
4193,川崎市中原区,川崎市中原区上小田中2丁目,291,,179,,142,,81,,291,,984
4194,川崎市中原区,川崎市中原区上小田中3丁目,230,,88,,100,,192,,180,,790
4195,川崎市中原区,川崎市中原区上小田中4丁目,76,,56,,269,,164,,113,,678
4196,川崎市中原区,川崎市中原区上小田中5丁目,263,,164,,59,,261,,169,,916
4197,川崎市中原区,川崎市中原区上小田中6丁目,230,,299,,4,,118,,106,,757
4198,川崎市中原区,川崎市中原区上小田中7丁目,173,,47,,214,,131,,275,,840
4199,川崎市中原区,川崎市中原区上新城1丁目,110,,49,,267,,206,,112,,744
4200,川崎市中原区,川崎市中原区上新城2丁目,11,,210,,289,,264,,178,,952
4201,川崎市中原区,川崎市中原区新丸子東1丁目,254,,127,,197,,62,,75,,715
4202,川崎市中原区,川崎市中原区新丸子東2丁目,138,,69,,266,,104,,10,,587
4203,川崎市中原区,川崎市中原区新丸子東3丁目,75,,265,,43,,136,,40,,559
4204,川崎市中原区,川崎市中原区新城1丁目,206,,135,,254,,222,,13,,830
4205,川崎市中原区,川崎市中原区新城2丁目,233,,205,,173,,156,,64,,831
4206,川崎市中原区,川崎市中原区新城3丁目,85,,77,,113,,63,,163,,501
4207,川崎市中原区,川崎市中原区新城4丁目,237,,166,,94,,23,,29,,549
4208,川崎市中原区,川崎市中原区新城5丁目,3,,122,,167,,89,,123,,504
4209,川崎市中原区,川崎市中原区木月1丁目,111,,20,,94,,6,,68,,299
4210,川崎市中原区,川崎市中原区木月2丁目,126,,6,,137,,46,,252,,567
4211,川崎市中原区,川崎市中原区木月3丁目,59,,176,,49,,24,,12,,320
4212,川崎市中原区,川崎市中原区木月4丁目,100,,173,,137,,141,,90,,641
4213,横浜市緑区,横浜市緑区いぶき野,274,,137,,144,,164,,20,,739
4214,横浜市緑区,横浜市緑区鴨居,202,,268,,234,,146,,154,,1004
4215,横浜市緑区,横浜市緑区鴨居町,211,,43,,0,,81,,263,,598
4216,横浜市緑区,横浜市緑区三保町,15,,300,,8,,60,,66,,449
4217,横浜市緑区,横浜市緑区寺山町,175,,205,,48,,24,,95,,547
4218,横浜市緑区,横浜市緑区十日市場町,266,,207,,196,,241,,54,,964
4219,横浜市緑区,横浜市緑区小山町,296,,33,,85,,240,,154,,808
4220,横浜市緑区,横浜市緑区上山,213,,38,,67,,9,,202,,529
4221,横浜市緑区,横浜市緑区新治町,190,,24,,128,,257,,161,,760
4222,横浜市緑区,横浜市緑区森の台,262,,106,,35,,226,,96,,725
4223,横浜市緑区,横浜市緑区西八朔町,182,,170,,201,,163,,59,,775
4224,横浜市緑区,横浜市緑区青砥町,33,,28,,109,,282,,66,,518
4225,横浜市緑区,横浜市緑区台村町,286,,172,,155,,159,,283,,1055
4226,横浜市緑区,横浜市緑区竹山,258,,216,,226,,161,,116,,977
4227,横浜市緑区,横浜市緑区中山,85,,199,,88,,86,,265,,723
4228,横浜市緑区,横浜市緑区中山町,22,,282,,158,,17,,24,,503
4229,横浜市緑区,横浜市緑区長津田,282,,12,,56,,147,,293,,790
4230,横浜市緑区,横浜市緑区長津田みなみ台,223,,225,,38,,216,,227,,929
4231,横浜市緑区,横浜市緑区長津田町,15,,293,,4,,183,,101,,596
4232,横浜市緑区,横浜市緑区東本郷,30,,56,,178,,128,,186,,578
4233,横浜市緑区,横浜市緑区東本郷町,58,,282,,145,,111,,97,,693
4234,横浜市緑区,横浜市緑区白山,281,,189,,195,,168,,225,,1058
4235,横浜市緑区,横浜市緑区北八朔町,198,,250,,179,,61,,120,,808
4236,横浜市緑区,横浜市緑区霧が丘,0,,25,,154,,236,,31,,446
4237,横浜市緑区,横浜市緑区鴨居1丁目,154,,9,,146,,220,,212,,741
4238,横浜市緑区,横浜市緑区鴨居2丁目,241,,7,,195,,213,,127,,783
4239,横浜市緑区,横浜市緑区鴨居3丁目,107,,239,,105,,126,,144,,721
4240,横浜市緑区,横浜市緑区鴨居4丁目,78,,65,,205,,12,,289,,649
4241,横浜市緑区,横浜市緑区鴨居5丁目,221,,245,,61,,94,,126,,747
4242,横浜市緑区,横浜市緑区鴨居6丁目,84,,9,,111,,226,,137,,567
4243,横浜市緑区,横浜市緑区鴨居7丁目,263,,145,,114,,20,,202,,744
4244,横浜市緑区,横浜市緑区上山1丁目,208,,65,,195,,26,,230,,724
4245,横浜市緑区,横浜市緑区上山2丁目,173,,215,,100,,192,,283,,963
4246,横浜市緑区,横浜市緑区上山3丁目,144,,103,,221,,251,,15,,734
4247,横浜市緑区,横浜市緑区竹山1丁目,0,,53,,272,,59,,38,,422
4248,横浜市緑区,横浜市緑区竹山2丁目,230,,220,,268,,52,,84,,854
4249,横浜市緑区,横浜市緑区竹山3丁目,45,,136,,3,,285,,51,,520
4250,横浜市緑区,横浜市緑区竹山4丁目,227,,112,,194,,73,,145,,751
4251,横浜市緑区,横浜市緑区中山1丁目,97,,62,,44,,144,,58,,405
4252,横浜市緑区,横浜市緑区中山2丁目,269,,272,,231,,72,,231,,1075
4253,横浜市緑区,横浜市緑区中山3丁目,29,,299,,219,,64,,212,,823
4254,横浜市緑区,横浜市緑区中山4丁目,296,,40,,252,,207,,142,,937
4255,横浜市緑区,横浜市緑区長津田1丁目,206,,279,,73,,264,,162,,984
4256,横浜市緑区,横浜市緑区長津田2丁目,227,,20,,66,,59,,300,,672
4257,横浜市緑区,横浜市緑区長津田3丁目,94,,112,,141,,254,,139,,740
4258,横浜市緑区,横浜市緑区長津田4丁目,178,,295,,62,,214,,145,,894
4259,横浜市緑区,横浜市緑区長津田5丁目,264,,72,,65,,275,,8,,684
4260,横浜市緑区,横浜市緑区長津田6丁目,218,,173,,120,,108,,117,,736
4261,横浜市緑区,横浜市緑区長津田7丁目,24,,86,,264,,296,,75,,745
4262,横浜市緑区,横浜市緑区長津田みなみ台1丁目,41,,149,,287,,163,,154,,794
4263,横浜市緑区,横浜市緑区長津田みなみ台2丁目,156,,286,,161,,119,,120,,842
4264,横浜市緑区,横浜市緑区長津田みなみ台3丁目,114,,67,,248,,281,,267,,977
4265,横浜市緑区,横浜市緑区長津田みなみ台4丁目,22,,231,,183,,203,,135,,774
4266,横浜市緑区,横浜市緑区長津田みなみ台5丁目,31,,10,,227,,168,,10,,446
4267,横浜市緑区,横浜市緑区長津田みなみ台6丁目,164,,2,,0,,193,,233,,592
4268,横浜市緑区,横浜市緑区長津田みなみ台7丁目,23,,252,,96,,220,,116,,707
4269,横浜市緑区,横浜市緑区東本郷1丁目,289,,146,,105,,53,,231,,824
4270,横浜市緑区,横浜市緑区東本郷2丁目,282,,238,,215,,105,,67,,907
4271,横浜市緑区,横浜市緑区東本郷3丁目,262,,153,,195,,130,,2,,742
4272,横浜市緑区,横浜市緑区東本郷4丁目,159,,128,,167,,290,,175,,919
4273,横浜市緑区,横浜市緑区東本郷5丁目,217,,13,,278,,143,,50,,701
4274,横浜市緑区,横浜市緑区東本郷6丁目,87,,166,,233,,106,,230,,822
4275,横浜市緑区,横浜市緑区白山1丁目,213,,220,,68,,163,,110,,774
4276,横浜市緑区,横浜市緑区白山2丁目,135,,89,,194,,139,,163,,720
4277,横浜市緑区,横浜市緑区白山3丁目,139,,189,,245,,219,,133,,925
4278,横浜市緑区,横浜市緑区白山4丁目,223,,176,,242,,299,,33,,973
4279,横浜市緑区,横浜市緑区霧が丘1丁目,223,,247,,88,,170,,176,,904
4280,横浜市緑区,横浜市緑区霧が丘2丁目,90,,155,,287,,82,,112,,726
4281,横浜市緑区,横浜市緑区霧が丘3丁目,177,,193,,252,,181,,178,,981
4282,横浜市緑区,横浜市緑区霧が丘4丁目,127,,193,,206,,32,,60,,618
4283,横浜市緑区,横浜市緑区霧が丘5丁目,273,,214,,111,,262,,111,,971
4284,横浜市緑区,横浜市緑区霧が丘6丁目,111,,41,,275,,41,,222,,690
4285,横浜市港南区,横浜市港南区下永谷,106,,138,,86,,249,,36,,615
4286,横浜市港南区,横浜市港南区丸山台,83,,91,,70,,187,,111,,542
4287,横浜市港南区,横浜市港南区芹が谷,225,,235,,205,,292,,171,,1128
4288,横浜市港南区,横浜市港南区港南,139,,187,,117,,45,,98,,586
4289,横浜市港南区,横浜市港南区港南台,130,,140,,228,,10,,167,,675
4290,横浜市港南区,横浜市港南区港南中央通,256,,142,,289,,106,,117,,910
4291,横浜市港南区,横浜市港南区最戸,119,,74,,289,,76,,239,,797
4292,横浜市港南区,横浜市港南区笹下,225,,21,,288,,124,,195,,853
4293,横浜市港南区,横浜市港南区上永谷,290,,109,,14,,232,,37,,682
4294,横浜市港南区,横浜市港南区上永谷町,285,,68,,92,,288,,74,,807
4295,横浜市港南区,横浜市港南区上大岡西,34,,252,,129,,25,,297,,737
4296,横浜市港南区,横浜市港南区上大岡東,113,,250,,43,,94,,286,,786
4297,横浜市港南区,横浜市港南区大久保,177,,155,,287,,23,,46,,688
4298,横浜市港南区,横浜市港南区東永谷,211,,229,,54,,21,,197,,712
4299,横浜市港南区,横浜市港南区東芹が谷,274,,86,,177,,131,,181,,849
4300,横浜市港南区,横浜市港南区日限山,251,,134,,164,,234,,154,,937
4301,横浜市港南区,横浜市港南区日野,145,,123,,181,,80,,3,,532
4302,横浜市港南区,横浜市港南区日野中央,25,,218,,95,,285,,6,,629
4303,横浜市港南区,横浜市港南区日野南,53,,94,,202,,268,,72,,689
4304,横浜市港南区,横浜市港南区野庭町,52,,228,,198,,188,,277,,943
4305,横浜市港南区,横浜市港南区下永谷1丁目,289,,176,,239,,182,,185,,1071
4306,横浜市港南区,横浜市港南区下永谷2丁目,53,,232,,70,,271,,286,,912
4307,横浜市港南区,横浜市港南区下永谷3丁目,130,,95,,201,,174,,131,,731
4308,横浜市港南区,横浜市港南区下永谷4丁目,181,,178,,7,,268,,157,,791
4309,横浜市港南区,横浜市港南区下永谷5丁目,82,,140,,123,,152,,92,,589
4310,横浜市港南区,横浜市港南区下永谷6丁目,25,,246,,103,,61,,76,,511
4311,横浜市港南区,横浜市港南区丸山台1丁目,106,,219,,183,,225,,278,,1011
4312,横浜市港南区,横浜市港南区丸山台2丁目,51,,73,,77,,297,,191,,689
4313,横浜市港南区,横浜市港南区丸山台3丁目,101,,30,,50,,107,,214,,502
4314,横浜市港南区,横浜市港南区丸山台4丁目,187,,17,,21,,70,,231,,526
4315,横浜市港南区,横浜市港南区芹が谷1丁目,254,,13,,121,,44,,67,,499
4316,横浜市港南区,横浜市港南区芹が谷2丁目,226,,217,,162,,57,,232,,894
4317,横浜市港南区,横浜市港南区芹が谷3丁目,246,,187,,71,,190,,144,,838
4318,横浜市港南区,横浜市港南区芹が谷4丁目,212,,151,,197,,288,,95,,943
4319,横浜市港南区,横浜市港南区芹が谷5丁目,179,,257,,292,,269,,149,,1146
4320,横浜市港南区,横浜市港南区港南1丁目,232,,178,,297,,46,,172,,925
4321,横浜市港南区,横浜市港南区港南2丁目,186,,136,,16,,8,,62,,408
4322,横浜市港南区,横浜市港南区港南3丁目,174,,152,,217,,26,,160,,729
4323,横浜市港南区,横浜市港南区港南4丁目,236,,255,,126,,197,,214,,1028
4324,横浜市港南区,横浜市港南区港南5丁目,198,,283,,149,,215,,255,,1100
4325,横浜市港南区,横浜市港南区港南6丁目,4,,104,,92,,126,,221,,547
4326,横浜市港南区,横浜市港南区港南台1丁目,248,,125,,171,,189,,84,,817
4327,横浜市港南区,横浜市港南区港南台2丁目,215,,179,,33,,17,,281,,725
4328,横浜市港南区,横浜市港南区港南台3丁目,116,,22,,148,,183,,218,,687
4329,横浜市港南区,横浜市港南区港南台4丁目,291,,141,,189,,26,,275,,922
4330,横浜市港南区,横浜市港南区港南台5丁目,147,,104,,159,,258,,274,,942
4331,横浜市港南区,横浜市港南区港南台6丁目,25,,48,,17,,245,,17,,352
4332,横浜市港南区,横浜市港南区港南台7丁目,280,,60,,102,,104,,151,,697
4333,横浜市港南区,横浜市港南区港南台8丁目,267,,51,,203,,90,,110,,721
4334,横浜市港南区,横浜市港南区港南台9丁目,143,,221,,250,,41,,219,,874
4335,横浜市港南区,横浜市港南区最戸1丁目,45,,287,,212,,259,,208,,1011
4336,横浜市港南区,横浜市港南区最戸2丁目,24,,174,,298,,238,,193,,927
4337,横浜市港南区,横浜市港南区笹下1丁目,270,,234,,97,,170,,107,,878
4338,横浜市港南区,横浜市港南区笹下2丁目,233,,74,,221,,117,,152,,797
4339,横浜市港南区,横浜市港南区笹下3丁目,180,,39,,89,,263,,16,,587
4340,横浜市港南区,横浜市港南区笹下4丁目,126,,72,,257,,270,,285,,1010
4341,横浜市港南区,横浜市港南区笹下5丁目,299,,248,,144,,8,,219,,918
4342,横浜市港南区,横浜市港南区笹下6丁目,12,,142,,251,,176,,29,,610
4343,横浜市港南区,横浜市港南区笹下7丁目,21,,180,,80,,257,,170,,708
4344,横浜市港南区,横浜市港南区上永谷1丁目,4,,210,,237,,62,,226,,739
4345,横浜市港南区,横浜市港南区上永谷2丁目,264,,80,,212,,86,,40,,682
4346,横浜市港南区,横浜市港南区上永谷3丁目,133,,187,,290,,273,,251,,1134
4347,横浜市港南区,横浜市港南区上永谷4丁目,99,,95,,220,,55,,185,,654
4348,横浜市港南区,横浜市港南区上永谷5丁目,261,,260,,159,,224,,230,,1134
4349,横浜市港南区,横浜市港南区上永谷6丁目,22,,14,,288,,197,,32,,553
4350,横浜市港南区,横浜市港南区上大岡西1丁目,242,,148,,64,,289,,154,,897
4351,横浜市港南区,横浜市港南区上大岡西2丁目,256,,257,,296,,124,,99,,1032
4352,横浜市港南区,横浜市港南区上大岡西3丁目,256,,172,,278,,91,,16,,813
4353,横浜市港南区,横浜市港南区上大岡東1丁目,290,,264,,65,,78,,126,,823
4354,横浜市港南区,横浜市港南区上大岡東2丁目,135,,234,,50,,229,,177,,825
4355,横浜市港南区,横浜市港南区上大岡東3丁目,33,,70,,52,,80,,169,,404
4356,横浜市港南区,横浜市港南区大久保1丁目,150,,28,,214,,281,,128,,801
4357,横浜市港南区,横浜市港南区大久保2丁目,206,,176,,125,,181,,5,,693
4358,横浜市港南区,横浜市港南区大久保3丁目,94,,275,,203,,283,,99,,954
4359,横浜市港南区,横浜市港南区東永谷1丁目,95,,39,,167,,261,,64,,626
4360,横浜市港南区,横浜市港南区東永谷2丁目,216,,86,,251,,38,,122,,713
4361,横浜市港南区,横浜市港南区東永谷3丁目,143,,137,,293,,67,,81,,721
4362,横浜市港南区,横浜市港南区日限山1丁目,140,,164,,25,,30,,167,,526
4363,横浜市港南区,横浜市港南区日限山2丁目,89,,291,,224,,275,,273,,1152
4364,横浜市港南区,横浜市港南区日限山3丁目,76,,300,,171,,288,,284,,1119
4365,横浜市港南区,横浜市港南区日限山4丁目,279,,9,,172,,282,,223,,965
4366,横浜市港南区,横浜市港南区日野1丁目,67,,234,,34,,0,,241,,576
4367,横浜市港南区,横浜市港南区日野2丁目,99,,26,,12,,166,,182,,485
4368,横浜市港南区,横浜市港南区日野3丁目,127,,209,,54,,30,,263,,683
4369,横浜市港南区,横浜市港南区日野4丁目,241,,114,,82,,154,,188,,779
4370,横浜市港南区,横浜市港南区日野5丁目,245,,150,,98,,240,,210,,943
4371,横浜市港南区,横浜市港南区日野6丁目,67,,80,,159,,46,,29,,381
4372,横浜市港南区,横浜市港南区日野7丁目,150,,100,,32,,205,,47,,534
4373,横浜市港南区,横浜市港南区日野8丁目,140,,169,,263,,73,,26,,671
4374,横浜市港南区,横浜市港南区日野9丁目,180,,22,,91,,108,,170,,571
4375,横浜市港南区,横浜市港南区日野中央1丁目,175,,8,,274,,192,,160,,809
4376,横浜市港南区,横浜市港南区日野中央2丁目,279,,273,,54,,140,,287,,1033
4377,横浜市港南区,横浜市港南区日野中央3丁目,244,,44,,149,,235,,52,,724
4378,横浜市港南区,横浜市港南区日野南1丁目,199,,276,,181,,104,,88,,848
4379,横浜市港南区,横浜市港南区日野南2丁目,101,,219,,43,,7,,290,,660
4380,横浜市港南区,横浜市港南区日野南3丁目,104,,67,,225,,10,,182,,588
4381,横浜市港南区,横浜市港南区日野南4丁目,139,,216,,229,,188,,215,,987
4382,横浜市港南区,横浜市港南区日野南5丁目,245,,169,,232,,153,,268,,1067
4383,横浜市港南区,横浜市港南区日野南6丁目,200,,114,,243,,292,,242,,1091
4384,横浜市港南区,横浜市港南区日野南7丁目,114,,256,,39,,74,,193,,676
4385,横浜市磯子区,横浜市磯子区磯子,141,,78,,155,,89,,153,,616
4386,横浜市磯子区,横浜市磯子区磯子台,228,,25,,204,,156,,28,,641
4387,横浜市磯子区,横浜市磯子区岡村,91,,12,,257,,166,,99,,625
4388,横浜市磯子区,横浜市磯子区下町,297,,157,,75,,141,,34,,704
4389,横浜市磯子区,横浜市磯子区丸山,39,,229,,9,,224,,158,,659
4390,横浜市磯子区,横浜市磯子区久木町,167,,287,,197,,95,,270,,1016
4391,横浜市磯子区,横浜市磯子区栗木,236,,73,,212,,85,,274,,880
4392,横浜市磯子区,横浜市磯子区原町,45,,180,,282,,225,,179,,911
4393,横浜市磯子区,横浜市磯子区広地町,182,,291,,250,,215,,60,,998
4394,横浜市磯子区,横浜市磯子区坂下町,101,,184,,38,,298,,283,,904
4395,横浜市磯子区,横浜市磯子区汐見台,151,,123,,10,,110,,156,,550
4396,横浜市磯子区,横浜市磯子区上中里町,196,,185,,267,,109,,127,,884
4397,横浜市磯子区,横浜市磯子区上町,298,,80,,198,,280,,273,,1129
4398,横浜市磯子区,横浜市磯子区新磯子町,165,,122,,177,,293,,47,,804
4399,横浜市磯子区,横浜市磯子区新森町,223,,86,,134,,136,,300,,879
4400,横浜市磯子区,横浜市磯子区新杉田町,202,,129,,250,,290,,276,,1147
4401,横浜市磯子区,横浜市磯子区新中原町,300,,219,,10,,192,,216,,937
4402,横浜市磯子区,横浜市磯子区森,288,,251,,294,,74,,87,,994
4403,横浜市磯子区,横浜市磯子区森が丘,197,,176,,32,,247,,63,,715
4404,横浜市磯子区,横浜市磯子区杉田,16,,232,,83,,241,,167,,739
4405,横浜市磯子区,横浜市磯子区杉田坪呑,38,,5,,238,,237,,267,,785
4406,横浜市磯子区,横浜市磯子区西町,9,,108,,291,,90,,115,,613
4407,横浜市磯子区,横浜市磯子区滝頭,287,,172,,279,,210,,160,,1108
4408,横浜市磯子区,横浜市磯子区中原,12,,237,,182,,121,,93,,645
4409,横浜市磯子区,横浜市磯子区中浜町,41,,161,,93,,117,,113,,525
4410,横浜市磯子区,横浜市磯子区田中,104,,149,,213,,132,,168,,766
4411,横浜市磯子区,横浜市磯子区東町,169,,49,,85,,178,,120,,601
4412,横浜市磯子区,横浜市磯子区馬場町,149,,98,,67,,125,,222,,661
4413,横浜市磯子区,横浜市磯子区氷取沢町,275,,92,,250,,246,,131,,994
4414,横浜市磯子区,横浜市磯子区峰町,18,,64,,46,,39,,47,,214
4415,横浜市磯子区,横浜市磯子区鳳町,215,,20,,92,,281,,164,,772
4416,横浜市磯子区,横浜市磯子区洋光台,210,,185,,15,,60,,169,,639
4417,横浜市磯子区,横浜市磯子区磯子1丁目,122,,112,,26,,216,,204,,680
4418,横浜市磯子区,横浜市磯子区磯子2丁目,179,,79,,102,,21,,84,,465
4419,横浜市磯子区,横浜市磯子区磯子3丁目,52,,15,,223,,23,,118,,431
4420,横浜市磯子区,横浜市磯子区磯子4丁目,292,,92,,132,,81,,16,,613
4421,横浜市磯子区,横浜市磯子区磯子5丁目,24,,66,,206,,287,,159,,742
4422,横浜市磯子区,横浜市磯子区磯子6丁目,65,,109,,119,,238,,264,,795
4423,横浜市磯子区,横浜市磯子区磯子7丁目,278,,254,,21,,178,,139,,870
4424,横浜市磯子区,横浜市磯子区磯子8丁目,189,,204,,131,,162,,209,,895
4425,横浜市磯子区,横浜市磯子区岡村1丁目,153,,143,,19,,132,,220,,667
4426,横浜市磯子区,横浜市磯子区岡村2丁目,72,,242,,153,,183,,130,,780
4427,横浜市磯子区,横浜市磯子区岡村3丁目,133,,81,,5,,38,,33,,290
4428,横浜市磯子区,横浜市磯子区岡村4丁目,275,,75,,18,,274,,56,,698
4429,横浜市磯子区,横浜市磯子区岡村5丁目,20,,170,,213,,32,,203,,638
4430,横浜市磯子区,横浜市磯子区岡村6丁目,86,,166,,177,,294,,110,,833
4431,横浜市磯子区,横浜市磯子区岡村7丁目,4,,102,,252,,204,,285,,847
4432,横浜市磯子区,横浜市磯子区岡村8丁目,264,,279,,48,,218,,63,,872
4433,横浜市磯子区,横浜市磯子区丸山1丁目,109,,53,,54,,61,,204,,481
4434,横浜市磯子区,横浜市磯子区丸山2丁目,20,,126,,213,,129,,153,,641
4435,横浜市磯子区,横浜市磯子区栗木1丁目,217,,152,,243,,258,,34,,904
4436,横浜市磯子区,横浜市磯子区栗木2丁目,141,,107,,87,,32,,261,,628
4437,横浜市磯子区,横浜市磯子区栗木3丁目,13,,133,,274,,10,,298,,728
4438,横浜市磯子区,横浜市磯子区汐見台1丁目,285,,188,,45,,126,,249,,893
4439,横浜市磯子区,横浜市磯子区汐見台2丁目,239,,35,,56,,273,,102,,705
4440,横浜市磯子区,横浜市磯子区汐見台3丁目,105,,2,,292,,143,,68,,610
4441,横浜市磯子区,横浜市磯子区森1丁目,247,,151,,90,,263,,69,,820
4442,横浜市磯子区,横浜市磯子区森2丁目,208,,155,,59,,220,,34,,676
4443,横浜市磯子区,横浜市磯子区森3丁目,189,,17,,130,,195,,35,,566
4444,横浜市磯子区,横浜市磯子区森4丁目,122,,68,,182,,267,,285,,924
4445,横浜市磯子区,横浜市磯子区森5丁目,10,,201,,113,,47,,27,,398
4446,横浜市磯子区,横浜市磯子区森6丁目,172,,24,,184,,72,,33,,485
4447,横浜市磯子区,横浜市磯子区森が丘1丁目,127,,294,,282,,25,,144,,872
4448,横浜市磯子区,横浜市磯子区森が丘2丁目,57,,111,,112,,72,,150,,502
4449,横浜市磯子区,横浜市磯子区杉田1丁目,285,,241,,198,,77,,240,,1041
4450,横浜市磯子区,横浜市磯子区杉田2丁目,73,,121,,63,,78,,51,,386
4451,横浜市磯子区,横浜市磯子区杉田3丁目,199,,29,,185,,159,,292,,864
4452,横浜市磯子区,横浜市磯子区杉田4丁目,23,,241,,100,,269,,51,,684
4453,横浜市磯子区,横浜市磯子区杉田5丁目,3,,163,,10,,54,,104,,334
4454,横浜市磯子区,横浜市磯子区杉田6丁目,204,,17,,208,,258,,132,,819
4455,横浜市磯子区,横浜市磯子区杉田7丁目,225,,125,,194,,47,,35,,626
4456,横浜市磯子区,横浜市磯子区杉田8丁目,66,,219,,33,,178,,167,,663
4457,横浜市磯子区,横浜市磯子区杉田9丁目,202,,21,,101,,37,,248,,609
4458,横浜市磯子区,横浜市磯子区滝頭1丁目,213,,49,,133,,4,,19,,418
4459,横浜市磯子区,横浜市磯子区滝頭2丁目,295,,128,,128,,170,,84,,805
4460,横浜市磯子区,横浜市磯子区滝頭3丁目,6,,86,,167,,55,,21,,335
4461,横浜市磯子区,横浜市磯子区中原1丁目,290,,195,,71,,175,,80,,811
4462,横浜市磯子区,横浜市磯子区中原2丁目,191,,177,,290,,245,,32,,935
4463,横浜市磯子区,横浜市磯子区中原3丁目,219,,228,,72,,184,,45,,748
4464,横浜市磯子区,横浜市磯子区中原4丁目,54,,222,,250,,19,,153,,698
4465,横浜市磯子区,横浜市磯子区田中1丁目,21,,222,,95,,228,,69,,635
4466,横浜市磯子区,横浜市磯子区田中2丁目,228,,188,,293,,85,,79,,873
4467,横浜市磯子区,横浜市磯子区洋光台1丁目,33,,25,,134,,292,,58,,542
4468,横浜市磯子区,横浜市磯子区洋光台2丁目,29,,38,,193,,283,,184,,727
4469,横浜市磯子区,横浜市磯子区洋光台3丁目,59,,209,,226,,107,,22,,623
4470,横浜市磯子区,横浜市磯子区洋光台4丁目,184,,102,,130,,284,,226,,926
4471,横浜市磯子区,横浜市磯子区洋光台5丁目,199,,130,,23,,25,,111,,488
4472,横浜市磯子区,横浜市磯子区洋光台6丁目,240,,33,,100,,281,,66,,720
4473,横浜市金沢区,横浜市金沢区みず木町,181,,32,,269,,160,,52,,694
4474,横浜市金沢区,横浜市金沢区乙舳町,37,,196,,33,,195,,82,,543
4475,横浜市金沢区,横浜市金沢区海の公園,158,,159,,165,,2,,11,,495
4476,横浜市金沢区,横浜市金沢区釜利谷西,93,,122,,265,,249,,125,,854
4477,横浜市金沢区,横浜市金沢区釜利谷町,131,,185,,26,,172,,217,,731
4478,横浜市金沢区,横浜市金沢区釜利谷東,291,,31,,166,,206,,65,,759
4479,横浜市金沢区,横浜市金沢区釜利谷南,130,,79,,253,,109,,150,,721
4480,横浜市金沢区,横浜市金沢区金沢町,282,,191,,7,,246,,273,,999
4481,横浜市金沢区,横浜市金沢区幸浦,5,,217,,147,,54,,145,,568
4482,横浜市金沢区,横浜市金沢区高舟台,252,,87,,241,,256,,281,,1117
4483,横浜市金沢区,横浜市金沢区寺前,107,,80,,260,,296,,245,,988
4484,横浜市金沢区,横浜市金沢区柴町,194,,41,,290,,248,,228,,1001
4485,横浜市金沢区,横浜市金沢区洲崎町,162,,108,,107,,186,,280,,843
4486,横浜市金沢区,横浜市金沢区昭和町,145,,234,,154,,157,,47,,737
4487,横浜市金沢区,横浜市金沢区瀬戸,10,,222,,6,,71,,203,,512
4488,横浜市金沢区,横浜市金沢区西柴,96,,222,,138,,36,,110,,602
4489,横浜市金沢区,横浜市金沢区大川,255,,87,,40,,237,,139,,758
4490,横浜市金沢区,横浜市金沢区大道,268,,157,,178,,190,,134,,927
4491,横浜市金沢区,横浜市金沢区谷津町,198,,23,,233,,244,,222,,920
4492,横浜市金沢区,横浜市金沢区朝比奈町,183,,102,,108,,257,,204,,854
4493,横浜市金沢区,横浜市金沢区町屋町,230,,48,,9,,74,,294,,655
4494,横浜市金沢区,横浜市金沢区長浜,47,,189,,276,,245,,250,,1007
4495,横浜市金沢区,横浜市金沢区鳥浜町,7,,167,,294,,228,,204,,900
4496,横浜市金沢区,横浜市金沢区泥亀,171,,179,,24,,199,,108,,681
4497,横浜市金沢区,横浜市金沢区東朝比奈,178,,2,,51,,207,,287,,725
4498,横浜市金沢区,横浜市金沢区能見台,49,,177,,87,,275,,186,,774
4499,横浜市金沢区,横浜市金沢区能見台森,300,,87,,21,,298,,94,,800
4500,横浜市金沢区,横浜市金沢区能見台通,92,,291,,235,,172,,252,,1042
4501,横浜市金沢区,横浜市金沢区能見台東,299,,60,,85,,210,,98,,752
4502,横浜市金沢区,横浜市金沢区白帆,154,,5,,20,,152,,239,,570
4503,横浜市金沢区,横浜市金沢区富岡西,222,,7,,225,,278,,165,,897
4504,横浜市金沢区,横浜市金沢区富岡東,180,,275,,170,,11,,280,,916
4505,横浜市金沢区,横浜市金沢区福浦,13,,118,,288,,235,,254,,908
4506,横浜市金沢区,横浜市金沢区平潟町,193,,63,,243,,299,,67,,865
4507,横浜市金沢区,横浜市金沢区並木,92,,224,,172,,2,,204,,694
4508,横浜市金沢区,横浜市金沢区片吹,57,,282,,94,,0,,5,,438
4509,横浜市金沢区,横浜市金沢区堀口,105,,275,,243,,180,,107,,910
4510,横浜市金沢区,横浜市金沢区野島町,173,,286,,148,,150,,124,,881
4511,横浜市金沢区,横浜市金沢区柳町,101,,18,,42,,261,,114,,536
4512,横浜市金沢区,横浜市金沢区六浦,180,,268,,116,,169,,182,,915
4513,横浜市金沢区,横浜市金沢区六浦町,129,,282,,182,,277,,117,,987
4514,横浜市金沢区,横浜市金沢区六浦東,82,,38,,253,,174,,139,,686
4515,横浜市金沢区,横浜市金沢区六浦南,74,,96,,250,,133,,51,,604
4516,横浜市金沢区,横浜市金沢区釜利谷西1丁目,269,,272,,260,,8,,110,,919
4517,横浜市金沢区,横浜市金沢区釜利谷西2丁目,17,,129,,89,,121,,213,,569
4518,横浜市金沢区,横浜市金沢区釜利谷西3丁目,3,,25,,167,,197,,114,,506
4519,横浜市金沢区,横浜市金沢区釜利谷西4丁目,28,,247,,235,,6,,139,,655
4520,横浜市金沢区,横浜市金沢区釜利谷西5丁目,31,,299,,141,,242,,237,,950
4521,横浜市金沢区,横浜市金沢区釜利谷西6丁目,72,,68,,13,,133,,14,,300
4522,横浜市金沢区,横浜市金沢区釜利谷東1丁目,10,,231,,110,,250,,277,,878
4523,横浜市金沢区,横浜市金沢区釜利谷東2丁目,159,,75,,240,,98,,101,,673
4524,横浜市金沢区,横浜市金沢区釜利谷東3丁目,220,,163,,20,,253,,237,,893
4525,横浜市金沢区,横浜市金沢区釜利谷東4丁目,160,,244,,292,,149,,22,,867
4526,横浜市金沢区,横浜市金沢区釜利谷東5丁目,11,,19,,32,,215,,217,,494
4527,横浜市金沢区,横浜市金沢区釜利谷東6丁目,135,,81,,37,,259,,15,,527
4528,横浜市金沢区,横浜市金沢区釜利谷東7丁目,272,,153,,21,,30,,242,,718
4529,横浜市金沢区,横浜市金沢区釜利谷東8丁目,276,,99,,278,,287,,217,,1157
4530,横浜市金沢区,横浜市金沢区釜利谷南1丁目,295,,17,,28,,231,,156,,727
4531,横浜市金沢区,横浜市金沢区釜利谷南2丁目,283,,178,,141,,158,,268,,1028
4532,横浜市金沢区,横浜市金沢区釜利谷南3丁目,235,,132,,230,,262,,32,,891
4533,横浜市金沢区,横浜市金沢区釜利谷南4丁目,14,,38,,245,,104,,130,,531
4534,横浜市金沢区,横浜市金沢区幸浦1丁目,47,,93,,187,,181,,277,,785
4535,横浜市金沢区,横浜市金沢区幸浦2丁目,223,,68,,185,,57,,124,,657
4536,横浜市金沢区,横浜市金沢区高舟台1丁目,245,,32,,89,,162,,116,,644
4537,横浜市金沢区,横浜市金沢区高舟台2丁目,253,,181,,53,,291,,169,,947
4538,横浜市金沢区,横浜市金沢区寺前1丁目,121,,165,,117,,207,,95,,705
4539,横浜市金沢区,横浜市金沢区寺前2丁目,12,,157,,282,,59,,87,,597
4540,横浜市金沢区,横浜市金沢区西柴1丁目,197,,267,,197,,244,,259,,1164
4541,横浜市金沢区,横浜市金沢区西柴2丁目,130,,165,,139,,71,,12,,517
4542,横浜市金沢区,横浜市金沢区西柴3丁目,243,,205,,92,,275,,51,,866
4543,横浜市金沢区,横浜市金沢区西柴4丁目,200,,191,,158,,26,,286,,861
4544,横浜市金沢区,横浜市金沢区大道1丁目,168,,228,,243,,91,,176,,906
4545,横浜市金沢区,横浜市金沢区大道2丁目,72,,56,,74,,291,,232,,725
4546,横浜市金沢区,横浜市金沢区長浜1丁目,107,,140,,80,,137,,70,,534
4547,横浜市金沢区,横浜市金沢区長浜2丁目,221,,111,,126,,178,,287,,923
4548,横浜市金沢区,横浜市金沢区泥亀1丁目,106,,47,,249,,233,,267,,902
4549,横浜市金沢区,横浜市金沢区泥亀2丁目,196,,287,,256,,146,,201,,1086
4550,横浜市金沢区,横浜市金沢区東朝比奈1丁目,127,,171,,300,,168,,260,,1026
4551,横浜市金沢区,横浜市金沢区東朝比奈2丁目,252,,43,,37,,285,,169,,786
4552,横浜市金沢区,横浜市金沢区東朝比奈3丁目,71,,244,,207,,117,,105,,744
4553,横浜市金沢区,横浜市金沢区能見台1丁目,277,,268,,83,,10,,2,,640
4554,横浜市金沢区,横浜市金沢区能見台2丁目,52,,113,,146,,244,,292,,847
4555,横浜市金沢区,横浜市金沢区能見台3丁目,65,,161,,30,,226,,96,,578
4556,横浜市金沢区,横浜市金沢区能見台4丁目,245,,18,,63,,199,,14,,539
4557,横浜市金沢区,横浜市金沢区能見台5丁目,89,,223,,21,,61,,285,,679
4558,横浜市金沢区,横浜市金沢区能見台6丁目,173,,108,,292,,244,,261,,1078
4559,横浜市金沢区,横浜市金沢区富岡西1丁目,17,,74,,58,,83,,153,,385
4560,横浜市金沢区,横浜市金沢区富岡西2丁目,57,,21,,153,,7,,96,,334
4561,横浜市金沢区,横浜市金沢区富岡西3丁目,20,,64,,242,,30,,110,,466
4562,横浜市金沢区,横浜市金沢区富岡西4丁目,220,,136,,267,,15,,222,,860
4563,横浜市金沢区,横浜市金沢区富岡西5丁目,0,,222,,263,,258,,63,,806
4564,横浜市金沢区,横浜市金沢区富岡西6丁目,17,,265,,40,,81,,224,,627
4565,横浜市金沢区,横浜市金沢区富岡西7丁目,62,,257,,28,,293,,232,,872
4566,横浜市金沢区,横浜市金沢区富岡東1丁目,48,,115,,274,,88,,44,,569
4567,横浜市金沢区,横浜市金沢区富岡東2丁目,26,,158,,41,,40,,137,,402
4568,横浜市金沢区,横浜市金沢区富岡東3丁目,59,,43,,18,,114,,161,,395
4569,横浜市金沢区,横浜市金沢区富岡東4丁目,116,,197,,218,,131,,22,,684
4570,横浜市金沢区,横浜市金沢区富岡東5丁目,174,,207,,122,,221,,175,,899
4571,横浜市金沢区,横浜市金沢区富岡東6丁目,300,,67,,118,,98,,70,,653
4572,横浜市金沢区,横浜市金沢区福浦1丁目,7,,293,,182,,240,,31,,753
4573,横浜市金沢区,横浜市金沢区福浦2丁目,260,,71,,73,,12,,31,,447
4574,横浜市金沢区,横浜市金沢区福浦3丁目,237,,208,,201,,190,,243,,1079
4575,横浜市金沢区,横浜市金沢区並木1丁目,26,,234,,24,,119,,150,,553
4576,横浜市金沢区,横浜市金沢区並木2丁目,93,,131,,95,,105,,33,,457
4577,横浜市金沢区,横浜市金沢区並木3丁目,111,,199,,173,,299,,86,,868
4578,横浜市金沢区,横浜市金沢区六浦1丁目,68,,132,,145,,92,,117,,554
4579,横浜市金沢区,横浜市金沢区六浦2丁目,269,,247,,284,,255,,64,,1119
4580,横浜市金沢区,横浜市金沢区六浦3丁目,159,,185,,282,,212,,282,,1120
4581,横浜市金沢区,横浜市金沢区六浦4丁目,74,,46,,184,,250,,209,,763
4582,横浜市金沢区,横浜市金沢区六浦5丁目,257,,109,,169,,238,,194,,967
4583,横浜市金沢区,横浜市金沢区六浦東1丁目,14,,31,,227,,75,,85,,432
4584,横浜市金沢区,横浜市金沢区六浦東2丁目,246,,170,,152,,155,,29,,752
4585,横浜市金沢区,横浜市金沢区六浦東3丁目,163,,242,,129,,195,,198,,927
4586,横浜市金沢区,横浜市金沢区六浦南1丁目,43,,45,,245,,212,,263,,808
4587,横浜市金沢区,横浜市金沢区六浦南2丁目,77,,24,,21,,297,,251,,670
4588,横浜市金沢区,横浜市金沢区六浦南3丁目,277,,269,,247,,19,,262,,1074
4589,横浜市金沢区,横浜市金沢区六浦南4丁目,69,,50,,242,,284,,152,,797
4590,横浜市金沢区,横浜市金沢区六浦南5丁目,282,,37,,104,,103,,215,,741
4591,横浜市中区,横浜市中区かもめ町,232,,45,,28,,178,,166,,649
4592,横浜市中区,横浜市中区伊勢佐木町,25,,4,,148,,164,,9,,350
4593,横浜市中区,横浜市中区羽衣町,252,,298,,274,,157,,190,,1171
4594,横浜市中区,横浜市中区英町,98,,64,,183,,121,,38,,504
4595,横浜市中区,横浜市中区横浜公園,41,,250,,287,,28,,0,,606
4596,横浜市中区,横浜市中区翁町,102,,228,,20,,281,,90,,721
4597,横浜市中区,横浜市中区黄金町,244,,195,,207,,281,,264,,1191
4598,横浜市中区,横浜市中区花咲町,161,,154,,37,,50,,167,,569
4599,横浜市中区,横浜市中区海岸通,93,,46,,242,,54,,221,,656
4600,横浜市中区,横浜市中区吉田町,75,,108,,224,,205,,298,,910
4601,横浜市中区,横浜市中区吉浜町,164,,265,,43,,260,,166,,898
4602,横浜市中区,横浜市中区宮川町,137,,70,,236,,143,,157,,743
4603,横浜市中区,横浜市中区錦町,32,,255,,6,,162,,189,,644
4604,横浜市中区,横浜市中区元町,213,,145,,151,,117,,294,,920
4605,横浜市中区,横浜市中区元浜町,209,,49,,11,,144,,209,,622
4606,横浜市中区,横浜市中区港町,69,,260,,235,,104,,18,,686
4607,横浜市中区,横浜市中区根岸旭台,278,,143,,101,,242,,133,,897
4608,横浜市中区,横浜市中区根岸加曽台,33,,118,,184,,9,,13,,357
4609,横浜市中区,横浜市中区根岸台,142,,246,,198,,71,,14,,671
4610,横浜市中区,横浜市中区根岸町,299,,56,,259,,172,,28,,814
4611,横浜市中区,横浜市中区鷺山,294,,164,,71,,182,,246,,957
4612,横浜市中区,横浜市中区桜木町,249,,39,,244,,37,,134,,703
4613,横浜市中区,横浜市中区三吉町,299,,27,,82,,246,,46,,700
4614,横浜市中区,横浜市中区山下町,255,,258,,232,,80,,48,,873
4615,横浜市中区,横浜市中区山元町,278,,220,,6,,235,,270,,1009
4616,横浜市中区,横浜市中区山手町,179,,272,,215,,250,,142,,1058
4617,横浜市中区,横浜市中区山吹町,67,,255,,161,,284,,100,,867
4618,横浜市中区,横浜市中区山田町,227,,81,,119,,280,,185,,892
4619,横浜市中区,横浜市中区寺久保,194,,253,,17,,163,,206,,833
4620,横浜市中区,横浜市中区若葉町,64,,268,,85,,271,,193,,881
4621,横浜市中区,横浜市中区寿町,43,,81,,194,,147,,250,,715
4622,横浜市中区,横浜市中区住吉町,51,,115,,92,,44,,223,,525
4623,横浜市中区,横浜市中区初音町,293,,226,,96,,147,,222,,984
4624,横浜市中区,横浜市中区曙町,198,,7,,191,,271,,52,,719
4625,横浜市中区,横浜市中区小港町,233,,221,,95,,291,,101,,941
4626,横浜市中区,横浜市中区松影町,245,,111,,74,,251,,18,,699
4627,横浜市中区,横浜市中区上野町,252,,186,,12,,170,,78,,698
4628,横浜市中区,横浜市中区常盤町,161,,75,,230,,66,,92,,624
4629,横浜市中区,横浜市中区新港,73,,190,,177,,240,,47,,727
4630,横浜市中区,横浜市中区新山下,83,,287,,77,,161,,161,,769
4631,横浜市中区,横浜市中区真砂町,217,,281,,123,,259,,219,,1099
4632,横浜市中区,横浜市中区諏訪町,173,,108,,72,,287,,18,,658
4633,横浜市中区,横浜市中区西竹之丸,227,,300,,153,,248,,249,,1177
4634,横浜市中区,横浜市中区西之谷町,228,,148,,7,,20,,44,,447
4635,横浜市中区,横浜市中区石川町,194,,126,,161,,254,,66,,801
4636,横浜市中区,横浜市中区赤門町,244,,120,,87,,271,,30,,752
4637,横浜市中区,横浜市中区千歳町,125,,9,,31,,164,,165,,494
4638,横浜市中区,横浜市中区千代崎町,170,,2,,106,,151,,269,,698
4639,横浜市中区,横浜市中区千鳥町,253,,237,,182,,287,,71,,1030
4640,横浜市中区,横浜市中区扇町,261,,92,,92,,142,,122,,709
4641,横浜市中区,横浜市中区相生町,19,,118,,198,,43,,283,,661
4642,横浜市中区,横浜市中区太田町,200,,174,,147,,106,,36,,663
4643,横浜市中区,横浜市中区打越,51,,93,,297,,238,,121,,800
4644,横浜市中区,横浜市中区大芝台,220,,127,,44,,177,,161,,729
4645,横浜市中区,横浜市中区大平町,281,,219,,105,,272,,221,,1098
4646,横浜市中区,横浜市中区大和町,12,,211,,150,,169,,190,,732
4647,横浜市中区,横浜市中区滝之上,262,,196,,88,,12,,182,,740
4648,横浜市中区,横浜市中区池袋,123,,85,,89,,99,,140,,536
4649,横浜市中区,横浜市中区竹之丸,232,,113,,92,,258,,224,,919
4650,横浜市中区,横浜市中区仲尾台,91,,158,,235,,245,,13,,742
4651,横浜市中区,横浜市中区長者町,203,,19,,234,,32,,104,,592
4652,横浜市中区,横浜市中区塚越,210,,15,,121,,82,,31,,459
4653,横浜市中区,横浜市中区豆口台,53,,94,,262,,152,,20,,581
4654,横浜市中区,横浜市中区南仲通,129,,40,,74,,160,,122,,525
4655,横浜市中区,横浜市中区南本牧,112,,281,,119,,260,,218,,990
4656,横浜市中区,横浜市中区日ノ出町,130,,246,,126,,109,,235,,846
4657,横浜市中区,横浜市中区日本大通,132,,129,,118,,89,,244,,712
4658,横浜市中区,横浜市中区柏葉,132,,110,,220,,261,,52,,775
4659,横浜市中区,横浜市中区麦田町,299,,18,,180,,141,,95,,733
4660,横浜市中区,横浜市中区尾上町,166,,29,,31,,99,,75,,400
4661,横浜市中区,横浜市中区不老町,204,,287,,29,,41,,257,,818
4662,横浜市中区,横浜市中区富士見町,46,,16,,225,,267,,89,,643
4663,横浜市中区,横浜市中区福富町西通,99,,104,,168,,296,,128,,795
4664,横浜市中区,横浜市中区福富町仲通,130,,190,,114,,171,,3,,608
4665,横浜市中区,横浜市中区福富町東通,88,,99,,247,,181,,270,,885
4666,横浜市中区,横浜市中区弁天通,79,,264,,187,,64,,72,,666
4667,横浜市中区,横浜市中区蓬莱町,55,,179,,247,,249,,159,,889
4668,横浜市中区,横浜市中区豊浦町,300,,258,,214,,239,,8,,1019
4669,横浜市中区,横浜市中区北仲通,243,,82,,2,,178,,5,,510
4670,横浜市中区,横浜市中区北方町,93,,154,,243,,94,,167,,751
4671,横浜市中区,横浜市中区本郷町,257,,0,,166,,103,,167,,693
4672,横浜市中区,横浜市中区本町,80,,73,,122,,189,,70,,534
4673,横浜市中区,横浜市中区本牧ふ頭,261,,215,,91,,74,,49,,690
4674,横浜市中区,横浜市中区本牧間門,86,,48,,51,,217,,211,,613
4675,横浜市中区,横浜市中区本牧宮原,185,,139,,112,,183,,172,,791
4676,横浜市中区,横浜市中区本牧元町,65,,9,,140,,214,,186,,614
4677,横浜市中区,横浜市中区本牧原,268,,82,,58,,163,,161,,732
4678,横浜市中区,横浜市中区本牧荒井,34,,8,,223,,152,,207,,624
4679,横浜市中区,横浜市中区本牧三之谷,164,,90,,178,,153,,235,,820
4680,横浜市中区,横浜市中区本牧十二天,273,,210,,141,,282,,0,,906
4681,横浜市中区,横浜市中区本牧大里町,25,,169,,208,,165,,181,,748
4682,横浜市中区,横浜市中区本牧町,77,,260,,180,,132,,82,,731
4683,横浜市中区,横浜市中区本牧満坂,300,,8,,296,,117,,67,,788
4684,横浜市中区,横浜市中区本牧緑ケ丘,66,,9,,218,,262,,18,,573
4685,横浜市中区,横浜市中区本牧和田,233,,13,,191,,169,,174,,780
4686,横浜市中区,横浜市中区末吉町,150,,45,,70,,131,,99,,495
4687,横浜市中区,横浜市中区末広町,28,,298,,172,,62,,164,,724
4688,横浜市中区,横浜市中区万代町,187,,130,,242,,118,,194,,871
4689,横浜市中区,横浜市中区妙香寺台,266,,116,,121,,149,,175,,827
4690,横浜市中区,横浜市中区野毛町,273,,44,,18,,300,,96,,731
4691,横浜市中区,横浜市中区弥生町,15,,37,,288,,235,,47,,622
4692,横浜市中区,横浜市中区矢口台,257,,211,,152,,88,,243,,951
4693,横浜市中区,横浜市中区立野,37,,76,,278,,176,,77,,644
4694,横浜市中区,横浜市中区和田山,238,,181,,124,,181,,183,,907
4695,横浜市中区,横浜市中区簑沢,3,,267,,124,,24,,209,,627
4696,横浜市中区,横浜市中区伊勢佐木町1丁目,177,,130,,30,,143,,176,,656
4697,横浜市中区,横浜市中区伊勢佐木町2丁目,256,,89,,196,,84,,197,,822
4698,横浜市中区,横浜市中区伊勢佐木町3丁目,190,,165,,235,,47,,274,,911
4699,横浜市中区,横浜市中区伊勢佐木町4丁目,237,,160,,219,,181,,67,,864
4700,横浜市中区,横浜市中区伊勢佐木町5丁目,177,,226,,231,,49,,10,,693
4701,横浜市中区,横浜市中区伊勢佐木町6丁目,7,,180,,244,,134,,99,,664
4702,横浜市中区,横浜市中区伊勢佐木町7丁目,209,,89,,229,,9,,271,,807
4703,横浜市中区,横浜市中区羽衣町1丁目,163,,11,,1,,252,,207,,634
4704,横浜市中区,横浜市中区羽衣町2丁目,57,,36,,12,,169,,190,,464
4705,横浜市中区,横浜市中区羽衣町3丁目,136,,71,,179,,89,,14,,489
4706,横浜市中区,横浜市中区翁町1丁目,109,,107,,204,,76,,185,,681
4707,横浜市中区,横浜市中区翁町2丁目,195,,259,,262,,177,,103,,996
4708,横浜市中区,横浜市中区黄金町1丁目,130,,164,,41,,63,,230,,628
4709,横浜市中区,横浜市中区黄金町2丁目,188,,218,,69,,107,,119,,701
4710,横浜市中区,横浜市中区花咲町1丁目,289,,281,,196,,2,,72,,840
4711,横浜市中区,横浜市中区花咲町2丁目,40,,111,,145,,55,,130,,481
4712,横浜市中区,横浜市中区花咲町3丁目,148,,208,,1,,114,,174,,645
4713,横浜市中区,横浜市中区海岸通1丁目,255,,300,,187,,178,,146,,1066
4714,横浜市中区,横浜市中区海岸通2丁目,73,,40,,105,,229,,102,,549
4715,横浜市中区,横浜市中区海岸通3丁目,287,,14,,113,,67,,48,,529
4716,横浜市中区,横浜市中区海岸通4丁目,204,,288,,39,,191,,85,,807
4717,横浜市中区,横浜市中区海岸通5丁目,265,,95,,77,,102,,107,,646
4718,横浜市中区,横浜市中区宮川町1丁目,160,,8,,184,,240,,224,,816
4719,横浜市中区,横浜市中区宮川町2丁目,9,,40,,236,,58,,50,,393
4720,横浜市中区,横浜市中区宮川町3丁目,202,,245,,28,,12,,160,,647
4721,横浜市中区,横浜市中区元町1丁目,123,,269,,101,,280,,89,,862
4722,横浜市中区,横浜市中区元町2丁目,279,,147,,198,,101,,237,,962
4723,横浜市中区,横浜市中区元町3丁目,114,,255,,87,,120,,300,,876
4724,横浜市中区,横浜市中区元町4丁目,78,,137,,31,,34,,104,,384
4725,横浜市中区,横浜市中区元町5丁目,207,,107,,174,,29,,46,,563
4726,横浜市中区,横浜市中区元浜町1丁目,295,,135,,172,,267,,242,,1111
4727,横浜市中区,横浜市中区元浜町2丁目,272,,193,,217,,21,,263,,966
4728,横浜市中区,横浜市中区元浜町3丁目,116,,270,,265,,55,,231,,937
4729,横浜市中区,横浜市中区元浜町4丁目,102,,41,,16,,12,,268,,439
4730,横浜市中区,横浜市中区港町1丁目,155,,92,,98,,276,,108,,729
4731,横浜市中区,横浜市中区港町2丁目,139,,4,,30,,10,,227,,410
4732,横浜市中区,横浜市中区港町3丁目,282,,204,,127,,152,,53,,818
4733,横浜市中区,横浜市中区港町4丁目,279,,220,,145,,230,,40,,914
4734,横浜市中区,横浜市中区港町5丁目,165,,286,,221,,138,,286,,1096
4735,横浜市中区,横浜市中区港町6丁目,157,,28,,13,,123,,64,,385
4736,横浜市中区,横浜市中区根岸町1丁目,100,,108,,140,,298,,39,,685
4737,横浜市中区,横浜市中区根岸町2丁目,27,,97,,237,,197,,30,,588
4738,横浜市中区,横浜市中区根岸町3丁目,150,,282,,77,,249,,163,,921
4739,横浜市中区,横浜市中区桜木町1丁目,100,,16,,122,,253,,251,,742
4740,横浜市中区,横浜市中区桜木町2丁目,187,,22,,194,,76,,93,,572
4741,横浜市中区,横浜市中区桜木町3丁目,67,,214,,134,,160,,147,,722
4742,横浜市中区,横浜市中区山元町1丁目,45,,72,,249,,40,,184,,590
4743,横浜市中区,横浜市中区山元町2丁目,271,,163,,62,,118,,283,,897
4744,横浜市中区,横浜市中区山元町3丁目,157,,181,,225,,72,,51,,686
4745,横浜市中区,横浜市中区山元町4丁目,138,,168,,14,,129,,287,,736
4746,横浜市中区,横浜市中区山元町5丁目,82,,32,,146,,294,,38,,592
4747,横浜市中区,横浜市中区若葉町1丁目,40,,217,,231,,263,,58,,809
4748,横浜市中区,横浜市中区若葉町2丁目,159,,128,,199,,185,,207,,878
4749,横浜市中区,横浜市中区若葉町3丁目,126,,294,,234,,34,,193,,881
4750,横浜市中区,横浜市中区寿町1丁目,17,,143,,249,,68,,50,,527
4751,横浜市中区,横浜市中区寿町2丁目,139,,82,,250,,174,,77,,722
4752,横浜市中区,横浜市中区寿町3丁目,2,,186,,12,,188,,184,,572
4753,横浜市中区,横浜市中区寿町4丁目,163,,45,,300,,259,,271,,1038
4754,横浜市中区,横浜市中区住吉町1丁目,299,,171,,6,,164,,239,,879
4755,横浜市中区,横浜市中区住吉町2丁目,274,,195,,253,,162,,31,,915
4756,横浜市中区,横浜市中区住吉町3丁目,294,,108,,35,,73,,191,,701
4757,横浜市中区,横浜市中区住吉町4丁目,31,,63,,288,,155,,167,,704
4758,横浜市中区,横浜市中区住吉町5丁目,67,,109,,142,,0,,12,,330
4759,横浜市中区,横浜市中区住吉町6丁目,29,,37,,19,,61,,187,,333
4760,横浜市中区,横浜市中区初音町1丁目,20,,134,,119,,288,,240,,801
4761,横浜市中区,横浜市中区初音町2丁目,282,,265,,211,,227,,161,,1146
4762,横浜市中区,横浜市中区初音町3丁目,268,,216,,275,,228,,278,,1265
4763,横浜市中区,横浜市中区曙町1丁目,256,,245,,23,,61,,75,,660
4764,横浜市中区,横浜市中区曙町2丁目,10,,23,,169,,212,,177,,591
4765,横浜市中区,横浜市中区曙町3丁目,203,,127,,178,,188,,78,,774
4766,横浜市中区,横浜市中区曙町4丁目,125,,58,,40,,217,,214,,654
4767,横浜市中区,横浜市中区曙町5丁目,56,,165,,91,,37,,275,,624
4768,横浜市中区,横浜市中区小港町1丁目,32,,258,,82,,15,,69,,456
4769,横浜市中区,横浜市中区小港町2丁目,265,,88,,172,,275,,97,,897
4770,横浜市中区,横浜市中区小港町3丁目,99,,211,,111,,206,,195,,822
4771,横浜市中区,横浜市中区松影町1丁目,58,,213,,199,,181,,67,,718
4772,横浜市中区,横浜市中区松影町2丁目,87,,289,,32,,297,,214,,919
4773,横浜市中区,横浜市中区松影町3丁目,228,,167,,39,,152,,46,,632
4774,横浜市中区,横浜市中区松影町4丁目,177,,134,,251,,134,,274,,970
4775,横浜市中区,横浜市中区上野町1丁目,296,,134,,16,,255,,8,,709
4776,横浜市中区,横浜市中区上野町2丁目,233,,19,,131,,103,,107,,593
4777,横浜市中区,横浜市中区上野町3丁目,62,,148,,67,,20,,279,,576
4778,横浜市中区,横浜市中区上野町4丁目,58,,228,,218,,37,,148,,689
4779,横浜市中区,横浜市中区常盤町1丁目,65,,120,,153,,196,,169,,703
4780,横浜市中区,横浜市中区常盤町2丁目,152,,246,,177,,29,,227,,831
4781,横浜市中区,横浜市中区常盤町3丁目,299,,0,,235,,143,,260,,937
4782,横浜市中区,横浜市中区常盤町4丁目,69,,262,,162,,262,,106,,861
4783,横浜市中区,横浜市中区常盤町5丁目,268,,12,,249,,92,,77,,698
4784,横浜市中区,横浜市中区常盤町6丁目,18,,81,,64,,186,,56,,405
4785,横浜市中区,横浜市中区新港1丁目,87,,125,,103,,57,,24,,396
4786,横浜市中区,横浜市中区新港2丁目,122,,244,,175,,4,,52,,597
4787,横浜市中区,横浜市中区新山下1丁目,7,,261,,121,,116,,259,,764
4788,横浜市中区,横浜市中区新山下2丁目,276,,255,,150,,73,,255,,1009
4789,横浜市中区,横浜市中区新山下3丁目,153,,27,,75,,105,,198,,558
4790,横浜市中区,横浜市中区真砂町1丁目,174,,44,,285,,209,,235,,947
4791,横浜市中区,横浜市中区真砂町2丁目,159,,110,,107,,70,,10,,456
4792,横浜市中区,横浜市中区真砂町3丁目,110,,111,,136,,95,,133,,585
4793,横浜市中区,横浜市中区真砂町4丁目,120,,176,,89,,239,,42,,666
4794,横浜市中区,横浜市中区石川町1丁目,199,,160,,137,,286,,106,,888
4795,横浜市中区,横浜市中区石川町2丁目,51,,93,,188,,31,,190,,553
4796,横浜市中区,横浜市中区石川町3丁目,109,,191,,55,,87,,8,,450
4797,横浜市中区,横浜市中区石川町4丁目,168,,216,,73,,116,,225,,798
4798,横浜市中区,横浜市中区石川町5丁目,281,,154,,136,,83,,69,,723
4799,横浜市中区,横浜市中区赤門町1丁目,203,,32,,168,,116,,283,,802
4800,横浜市中区,横浜市中区千代崎町1丁目,235,,47,,270,,102,,79,,733
4801,横浜市中区,横浜市中区千代崎町2丁目,35,,213,,168,,239,,227,,882
4802,横浜市中区,横浜市中区千代崎町3丁目,196,,136,,210,,215,,131,,888
4803,横浜市中区,横浜市中区千代崎町4丁目,75,,89,,214,,297,,282,,957
4804,横浜市中区,横浜市中区扇町1丁目,190,,228,,11,,113,,200,,742
4805,横浜市中区,横浜市中区扇町2丁目,55,,179,,266,,262,,297,,1059
4806,横浜市中区,横浜市中区扇町3丁目,145,,296,,300,,168,,197,,1106
4807,横浜市中区,横浜市中区扇町4丁目,127,,256,,5,,289,,299,,976
4808,横浜市中区,横浜市中区相生町1丁目,43,,229,,223,,98,,215,,808
4809,横浜市中区,横浜市中区相生町2丁目,213,,234,,62,,3,,87,,599
4810,横浜市中区,横浜市中区相生町3丁目,126,,231,,180,,281,,212,,1030
4811,横浜市中区,横浜市中区相生町4丁目,4,,288,,41,,222,,293,,848
4812,横浜市中区,横浜市中区相生町5丁目,188,,242,,227,,293,,63,,1013
4813,横浜市中区,横浜市中区相生町6丁目,258,,262,,130,,99,,225,,974
4814,横浜市中区,横浜市中区太田町1丁目,99,,15,,288,,170,,140,,712
4815,横浜市中区,横浜市中区太田町2丁目,45,,20,,275,,263,,190,,793
4816,横浜市中区,横浜市中区太田町3丁目,162,,85,,178,,244,,191,,860
4817,横浜市中区,横浜市中区太田町4丁目,191,,133,,18,,146,,282,,770
4818,横浜市中区,横浜市中区太田町5丁目,172,,282,,252,,82,,109,,897
4819,横浜市中区,横浜市中区太田町6丁目,205,,177,,10,,0,,29,,421
4820,横浜市中区,横浜市中区大和町1丁目,68,,269,,250,,223,,240,,1050
4821,横浜市中区,横浜市中区大和町2丁目,138,,13,,6,,244,,13,,414
4822,横浜市中区,横浜市中区長者町1丁目,209,,296,,97,,277,,171,,1050
4823,横浜市中区,横浜市中区長者町2丁目,50,,78,,189,,257,,297,,871
4824,横浜市中区,横浜市中区長者町3丁目,97,,223,,48,,220,,154,,742
4825,横浜市中区,横浜市中区長者町4丁目,187,,240,,63,,33,,193,,716
4826,横浜市中区,横浜市中区長者町5丁目,150,,91,,244,,220,,101,,806
4827,横浜市中区,横浜市中区長者町6丁目,126,,108,,100,,187,,4,,525
4828,横浜市中区,横浜市中区長者町7丁目,5,,288,,259,,282,,198,,1032
4829,横浜市中区,横浜市中区長者町8丁目,27,,135,,74,,237,,39,,512
4830,横浜市中区,横浜市中区長者町9丁目,140,,32,,230,,57,,272,,731
4831,横浜市中区,横浜市中区南仲通1丁目,32,,60,,162,,134,,70,,458
4832,横浜市中区,横浜市中区南仲通2丁目,263,,266,,104,,58,,136,,827
4833,横浜市中区,横浜市中区南仲通3丁目,271,,275,,295,,81,,86,,1008
4834,横浜市中区,横浜市中区南仲通4丁目,257,,56,,122,,2,,253,,690
4835,横浜市中区,横浜市中区南仲通5丁目,74,,5,,258,,9,,30,,376
4836,横浜市中区,横浜市中区日ノ出町1丁目,62,,133,,110,,77,,140,,522
4837,横浜市中区,横浜市中区日ノ出町2丁目,145,,229,,253,,162,,54,,843
4838,横浜市中区,横浜市中区麦田町1丁目,155,,210,,128,,300,,195,,988
4839,横浜市中区,横浜市中区麦田町2丁目,137,,47,,199,,113,,56,,552
4840,横浜市中区,横浜市中区麦田町3丁目,178,,131,,169,,147,,143,,768
4841,横浜市中区,横浜市中区麦田町4丁目,174,,219,,198,,143,,231,,965
4842,横浜市中区,横浜市中区尾上町1丁目,271,,85,,83,,291,,24,,754
4843,横浜市中区,横浜市中区尾上町2丁目,247,,229,,89,,81,,33,,679
4844,横浜市中区,横浜市中区尾上町3丁目,121,,44,,43,,117,,283,,608
4845,横浜市中区,横浜市中区尾上町4丁目,33,,65,,239,,28,,225,,590
4846,横浜市中区,横浜市中区尾上町5丁目,153,,111,,133,,69,,162,,628
4847,横浜市中区,横浜市中区尾上町6丁目,229,,149,,53,,287,,136,,854
4848,横浜市中区,横浜市中区不老町1丁目,279,,249,,135,,216,,184,,1063
4849,横浜市中区,横浜市中区不老町2丁目,81,,37,,128,,66,,275,,587
4850,横浜市中区,横浜市中区不老町3丁目,155,,100,,221,,202,,189,,867
4851,横浜市中区,横浜市中区弁天通1丁目,242,,203,,16,,137,,199,,797
4852,横浜市中区,横浜市中区弁天通2丁目,31,,104,,137,,184,,122,,578
4853,横浜市中区,横浜市中区弁天通3丁目,66,,174,,181,,35,,45,,501
4854,横浜市中区,横浜市中区弁天通4丁目,42,,18,,169,,236,,2,,467
4855,横浜市中区,横浜市中区弁天通5丁目,122,,38,,4,,114,,222,,500
4856,横浜市中区,横浜市中区弁天通6丁目,115,,158,,104,,181,,186,,744
4857,横浜市中区,横浜市中区蓬莱町1丁目,130,,93,,116,,162,,102,,603
4858,横浜市中区,横浜市中区蓬莱町2丁目,281,,86,,219,,169,,89,,844
4859,横浜市中区,横浜市中区蓬莱町3丁目,247,,123,,135,,220,,98,,823
4860,横浜市中区,横浜市中区北仲通1丁目,18,,140,,136,,65,,39,,398
4861,横浜市中区,横浜市中区北仲通2丁目,101,,3,,165,,93,,283,,645
4862,横浜市中区,横浜市中区北仲通3丁目,289,,16,,128,,193,,20,,646
4863,横浜市中区,横浜市中区北仲通4丁目,15,,192,,300,,34,,52,,593
4864,横浜市中区,横浜市中区北仲通5丁目,238,,134,,54,,69,,76,,571
4865,横浜市中区,横浜市中区北仲通6丁目,4,,251,,200,,286,,214,,955
4866,横浜市中区,横浜市中区北方町1丁目,167,,165,,186,,198,,170,,886
4867,横浜市中区,横浜市中区北方町2丁目,58,,297,,224,,286,,69,,934
4868,横浜市中区,横浜市中区本郷町1丁目,257,,267,,210,,195,,185,,1114
4869,横浜市中区,横浜市中区本郷町2丁目,22,,115,,53,,48,,28,,266
4870,横浜市中区,横浜市中区本郷町3丁目,85,,176,,90,,76,,34,,461
4871,横浜市中区,横浜市中区本町1丁目,17,,24,,76,,240,,222,,579
4872,横浜市中区,横浜市中区本町2丁目,111,,34,,174,,267,,119,,705
4873,横浜市中区,横浜市中区本町3丁目,112,,253,,255,,247,,14,,881
4874,横浜市中区,横浜市中区本町4丁目,103,,288,,191,,285,,271,,1138
4875,横浜市中区,横浜市中区本町5丁目,291,,281,,275,,203,,112,,1162
4876,横浜市中区,横浜市中区本町6丁目,102,,213,,217,,180,,51,,763
4877,横浜市中区,横浜市中区本牧町1丁目,56,,211,,112,,59,,204,,642
4878,横浜市中区,横浜市中区本牧町2丁目,244,,296,,101,,151,,44,,836
4879,横浜市中区,横浜市中区末吉町1丁目,157,,232,,260,,79,,44,,772
4880,横浜市中区,横浜市中区末吉町2丁目,83,,160,,133,,75,,152,,603
4881,横浜市中区,横浜市中区末吉町3丁目,179,,124,,108,,92,,296,,799
4882,横浜市中区,横浜市中区末吉町4丁目,205,,177,,83,,91,,157,,713
4883,横浜市中区,横浜市中区末広町1丁目,276,,30,,79,,74,,67,,526
4884,横浜市中区,横浜市中区末広町2丁目,248,,160,,264,,123,,140,,935
4885,横浜市中区,横浜市中区末広町3丁目,80,,189,,211,,5,,297,,782
4886,横浜市中区,横浜市中区万代町1丁目,291,,128,,207,,226,,8,,860
4887,横浜市中区,横浜市中区万代町2丁目,224,,173,,5,,199,,234,,835
4888,横浜市中区,横浜市中区万代町3丁目,211,,287,,72,,145,,62,,777
4889,横浜市中区,横浜市中区野毛町1丁目,197,,32,,150,,117,,43,,539
4890,横浜市中区,横浜市中区野毛町2丁目,215,,177,,11,,177,,125,,705
4891,横浜市中区,横浜市中区野毛町3丁目,156,,263,,54,,291,,64,,828
4892,横浜市中区,横浜市中区野毛町4丁目,38,,166,,13,,179,,256,,652
4893,横浜市中区,横浜市中区弥生町1丁目,154,,109,,278,,227,,148,,916
4894,横浜市中区,横浜市中区弥生町2丁目,29,,221,,14,,212,,233,,709
4895,横浜市中区,横浜市中区弥生町3丁目,77,,152,,13,,237,,152,,631
4896,横浜市中区,横浜市中区弥生町4丁目,217,,292,,224,,33,,277,,1043
4897,横浜市中区,横浜市中区弥生町5丁目,11,,0,,69,,219,,10,,309
4898,横浜市神奈川区,横浜市神奈川区旭ケ丘,159,,165,,59,,240,,207,,830
4899,横浜市神奈川区,横浜市神奈川区羽沢町,29,,200,,207,,204,,53,,693
4900,横浜市神奈川区,横浜市神奈川区羽沢南,263,,175,,255,,97,,203,,993
4901,横浜市神奈川区,横浜市神奈川区浦島丘,135,,85,,257,,236,,36,,749
4902,横浜市神奈川区,横浜市神奈川区浦島町,297,,233,,120,,39,,18,,707
4903,横浜市神奈川区,横浜市神奈川区栄町,220,,191,,48,,10,,160,,629
4904,横浜市神奈川区,横浜市神奈川区亀住町,134,,191,,14,,206,,274,,819
4905,横浜市神奈川区,横浜市神奈川区橋本町,229,,271,,284,,79,,40,,903
4906,横浜市神奈川区,横浜市神奈川区桐畑,204,,59,,169,,117,,171,,720
4907,横浜市神奈川区,横浜市神奈川区金港町,193,,251,,182,,82,,275,,983
4908,横浜市神奈川区,横浜市神奈川区栗田谷,204,,231,,149,,28,,265,,877
4909,横浜市神奈川区,横浜市神奈川区幸ケ谷,163,,41,,283,,240,,186,,913
4910,横浜市神奈川区,横浜市神奈川区広台太田町,117,,124,,23,,192,,105,,561
4911,横浜市神奈川区,横浜市神奈川区高島台,114,,199,,252,,202,,172,,939
4912,横浜市神奈川区,横浜市神奈川区斎藤分町,60,,169,,298,,177,,45,,749
4913,横浜市神奈川区,横浜市神奈川区三ツ沢下町,288,,149,,238,,250,,22,,947
4914,横浜市神奈川区,横浜市神奈川区三ツ沢上町,287,,109,,126,,52,,182,,756
4915,横浜市神奈川区,横浜市神奈川区三ツ沢西町,7,,145,,125,,282,,110,,669
4916,横浜市神奈川区,横浜市神奈川区三ツ沢中町,19,,29,,120,,21,,180,,369
4917,横浜市神奈川区,横浜市神奈川区三ツ沢東町,25,,218,,82,,179,,25,,529
4918,横浜市神奈川区,横浜市神奈川区三ツ沢南町,155,,30,,132,,29,,111,,457
4919,横浜市神奈川区,横浜市神奈川区三枚町,210,,173,,7,,89,,284,,763
4920,横浜市神奈川区,横浜市神奈川区山内町,224,,46,,116,,162,,241,,789
4921,横浜市神奈川区,横浜市神奈川区子安台,123,,183,,100,,78,,20,,504
4922,横浜市神奈川区,横浜市神奈川区子安通,116,,165,,22,,122,,275,,700
4923,横浜市神奈川区,横浜市神奈川区七島町,158,,225,,65,,41,,43,,532
4924,横浜市神奈川区,横浜市神奈川区守屋町,88,,299,,47,,209,,163,,806
4925,横浜市神奈川区,横浜市神奈川区松ケ丘,244,,84,,270,,39,,276,,913
4926,横浜市神奈川区,横浜市神奈川区松見町,196,,150,,217,,104,,266,,933
4927,横浜市神奈川区,横浜市神奈川区松本町,191,,93,,210,,200,,152,,846
4928,横浜市神奈川区,横浜市神奈川区上反町,233,,144,,202,,179,,103,,861
4929,横浜市神奈川区,横浜市神奈川区新浦島町,214,,257,,166,,194,,8,,839
4930,横浜市神奈川区,横浜市神奈川区新子安,253,,152,,215,,274,,151,,1045
4931,横浜市神奈川区,横浜市神奈川区新町,297,,161,,94,,190,,102,,844
4932,横浜市神奈川区,横浜市神奈川区神大寺,133,,182,,175,,182,,117,,789
4933,横浜市神奈川区,横浜市神奈川区神奈川,24,,22,,180,,234,,222,,682
4934,横浜市神奈川区,横浜市神奈川区神奈川本町,113,,228,,267,,91,,274,,973
4935,横浜市神奈川区,横浜市神奈川区神之木台,163,,100,,142,,95,,132,,632
4936,横浜市神奈川区,横浜市神奈川区神之木町,68,,118,,254,,222,,160,,822
4937,横浜市神奈川区,横浜市神奈川区菅田町,289,,102,,156,,240,,296,,1083
4938,横浜市神奈川区,横浜市神奈川区星野町,233,,204,,155,,135,,2,,729
4939,横浜市神奈川区,横浜市神奈川区西寺尾,293,,243,,101,,29,,265,,931
4940,横浜市神奈川区,横浜市神奈川区西神奈川,107,,157,,260,,298,,145,,967
4941,横浜市神奈川区,横浜市神奈川区西大口,188,,270,,171,,231,,17,,877
4942,横浜市神奈川区,横浜市神奈川区青木町,13,,98,,158,,193,,265,,727
4943,横浜市神奈川区,横浜市神奈川区千若町,156,,157,,72,,177,,82,,644
4944,横浜市神奈川区,横浜市神奈川区泉町,46,,275,,260,,114,,230,,925
4945,横浜市神奈川区,横浜市神奈川区台町,47,,61,,70,,23,,224,,425
4946,横浜市神奈川区,横浜市神奈川区大口仲町,284,,131,,54,,188,,126,,783
4947,横浜市神奈川区,横浜市神奈川区大口通,222,,271,,285,,18,,273,,1069
4948,横浜市神奈川区,横浜市神奈川区大野町,127,,30,,5,,252,,152,,566
4949,横浜市神奈川区,横浜市神奈川区沢渡,53,,138,,191,,87,,215,,684
4950,横浜市神奈川区,横浜市神奈川区中丸,145,,129,,49,,186,,108,,617
4951,横浜市神奈川区,横浜市神奈川区鳥越,290,,241,,16,,7,,228,,782
4952,横浜市神奈川区,横浜市神奈川区鶴屋町,31,,8,,249,,86,,165,,539
4953,横浜市神奈川区,横浜市神奈川区東神奈川,205,,45,,136,,32,,292,,710
4954,横浜市神奈川区,横浜市神奈川区二ツ谷町,41,,114,,114,,4,,177,,450
4955,横浜市神奈川区,横浜市神奈川区二本榎,274,,142,,158,,82,,246,,902
4956,横浜市神奈川区,横浜市神奈川区入江,57,,184,,61,,234,,12,,548
4957,横浜市神奈川区,横浜市神奈川区白楽,148,,264,,278,,220,,127,,1037
4958,横浜市神奈川区,横浜市神奈川区白幡向町,36,,182,,147,,214,,109,,688
4959,横浜市神奈川区,横浜市神奈川区白幡上町,145,,118,,219,,78,,119,,679
4960,横浜市神奈川区,横浜市神奈川区白幡西町,113,,104,,181,,243,,39,,680
4961,横浜市神奈川区,横浜市神奈川区白幡仲町,171,,83,,147,,12,,11,,424
4962,横浜市神奈川区,横浜市神奈川区白幡町,83,,74,,221,,111,,181,,670
4963,横浜市神奈川区,横浜市神奈川区白幡東町,51,,10,,112,,225,,25,,423
4964,横浜市神奈川区,横浜市神奈川区白幡南町,86,,251,,198,,139,,14,,688
4965,横浜市神奈川区,横浜市神奈川区反町,173,,225,,47,,298,,265,,1008
4966,横浜市神奈川区,横浜市神奈川区富家町,279,,270,,104,,51,,115,,819
4967,横浜市神奈川区,横浜市神奈川区平川町,126,,196,,269,,250,,238,,1079
4968,横浜市神奈川区,横浜市神奈川区片倉,155,,98,,234,,136,,142,,765
4969,横浜市神奈川区,横浜市神奈川区立町,125,,247,,104,,125,,109,,710
4970,横浜市神奈川区,横浜市神奈川区六角橋,128,,40,,106,,13,,99,,386
4971,横浜市神奈川区,横浜市神奈川区羽沢南1丁目,103,,51,,103,,297,,280,,834
4972,横浜市神奈川区,横浜市神奈川区羽沢南2丁目,83,,265,,56,,195,,223,,822
4973,横浜市神奈川区,横浜市神奈川区羽沢南3丁目,28,,157,,286,,274,,91,,836
4974,横浜市神奈川区,横浜市神奈川区羽沢南4丁目,284,,180,,174,,201,,176,,1015
4975,横浜市神奈川区,横浜市神奈川区橋本町1丁目,214,,248,,142,,169,,18,,791
4976,横浜市神奈川区,横浜市神奈川区橋本町2丁目,282,,0,,20,,35,,51,,388
4977,横浜市神奈川区,横浜市神奈川区子安台1丁目,51,,200,,188,,235,,41,,715
4978,横浜市神奈川区,横浜市神奈川区子安台2丁目,156,,15,,10,,3,,212,,396
4979,横浜市神奈川区,横浜市神奈川区子安通1丁目,204,,284,,291,,77,,135,,991
4980,横浜市神奈川区,横浜市神奈川区子安通2丁目,73,,109,,167,,139,,137,,625
4981,横浜市神奈川区,横浜市神奈川区子安通3丁目,103,,54,,250,,64,,107,,578
4982,横浜市神奈川区,横浜市神奈川区守屋町3丁目,72,,211,,299,,174,,267,,1023
4983,横浜市神奈川区,横浜市神奈川区守屋町4丁目,251,,62,,232,,133,,11,,689
4984,横浜市神奈川区,横浜市神奈川区松見町1丁目,175,,112,,154,,161,,289,,891
4985,横浜市神奈川区,横浜市神奈川区松見町2丁目,33,,210,,26,,169,,167,,605
4986,横浜市神奈川区,横浜市神奈川区松見町3丁目,273,,21,,191,,23,,178,,686
4987,横浜市神奈川区,横浜市神奈川区松見町4丁目,77,,17,,123,,258,,236,,711
4988,横浜市神奈川区,横浜市神奈川区松本町1丁目,103,,51,,59,,154,,101,,468
4989,横浜市神奈川区,横浜市神奈川区松本町2丁目,68,,107,,247,,148,,247,,817
4990,横浜市神奈川区,横浜市神奈川区松本町3丁目,181,,111,,14,,187,,259,,752
4991,横浜市神奈川区,横浜市神奈川区松本町4丁目,288,,167,,213,,39,,1,,708
4992,横浜市神奈川区,横浜市神奈川区松本町5丁目,272,,290,,51,,233,,278,,1124
4993,横浜市神奈川区,横浜市神奈川区松本町6丁目,237,,115,,249,,277,,7,,885
4994,横浜市神奈川区,横浜市神奈川区上反町1丁目,296,,173,,87,,70,,74,,700
4995,横浜市神奈川区,横浜市神奈川区上反町2丁目,220,,221,,262,,220,,139,,1062
4996,横浜市神奈川区,横浜市神奈川区新子安1丁目,186,,128,,21,,236,,21,,592
4997,横浜市神奈川区,横浜市神奈川区新子安2丁目,18,,147,,236,,51,,149,,601
4998,横浜市神奈川区,横浜市神奈川区神大寺1丁目,88,,38,,16,,277,,183,,602
4999,横浜市神奈川区,横浜市神奈川区神大寺2丁目,206,,224,,263,,165,,30,,888
5000,横浜市神奈川区,横浜市神奈川区神大寺3丁目,210,,55,,36,,259,,164,,724
5001,横浜市神奈川区,横浜市神奈川区神大寺4丁目,220,,34,,121,,164,,290,,829
5002,横浜市神奈川区,横浜市神奈川区神奈川1丁目,164,,103,,115,,61,,222,,665
5003,横浜市神奈川区,横浜市神奈川区神奈川2丁目,287,,140,,91,,279,,296,,1093
5004,横浜市神奈川区,横浜市神奈川区西寺尾1丁目,229,,150,,184,,162,,289,,1014
5005,横浜市神奈川区,横浜市神奈川区西寺尾2丁目,81,,189,,287,,134,,37,,728
5006,横浜市神奈川区,横浜市神奈川区西寺尾3丁目,194,,183,,299,,199,,32,,907
5007,横浜市神奈川区,横浜市神奈川区西寺尾4丁目,282,,283,,113,,49,,229,,956
5008,横浜市神奈川区,横浜市神奈川区西神奈川1丁目,146,,134,,280,,243,,70,,873
5009,横浜市神奈川区,横浜市神奈川区西神奈川2丁目,47,,73,,121,,192,,38,,471
5010,横浜市神奈川区,横浜市神奈川区西神奈川3丁目,178,,148,,154,,185,,265,,930
5011,横浜市神奈川区,横浜市神奈川区鶴屋町1丁目,30,,9,,139,,209,,67,,454
5012,横浜市神奈川区,横浜市神奈川区鶴屋町2丁目,192,,17,,20,,191,,2,,422
5013,横浜市神奈川区,横浜市神奈川区鶴屋町3丁目,63,,279,,81,,199,,120,,742
5014,横浜市神奈川区,横浜市神奈川区東神奈川1丁目,116,,4,,73,,276,,202,,671
5015,横浜市神奈川区,横浜市神奈川区東神奈川2丁目,259,,265,,226,,272,,226,,1248
5016,横浜市神奈川区,横浜市神奈川区入江1丁目,157,,78,,296,,190,,283,,1004
5017,横浜市神奈川区,横浜市神奈川区入江2丁目,16,,254,,87,,156,,181,,694
5018,横浜市神奈川区,横浜市神奈川区反町1丁目,216,,156,,257,,120,,141,,890
5019,横浜市神奈川区,横浜市神奈川区反町2丁目,105,,134,,231,,82,,102,,654
5020,横浜市神奈川区,横浜市神奈川区反町3丁目,244,,159,,208,,291,,267,,1169
5021,横浜市神奈川区,横浜市神奈川区反町4丁目,200,,5,,136,,180,,94,,615
5022,横浜市神奈川区,横浜市神奈川区片倉1丁目,277,,183,,224,,108,,152,,944
5023,横浜市神奈川区,横浜市神奈川区片倉2丁目,245,,298,,107,,264,,204,,1118
5024,横浜市神奈川区,横浜市神奈川区片倉3丁目,178,,213,,75,,63,,299,,828
5025,横浜市神奈川区,横浜市神奈川区片倉4丁目,97,,170,,151,,182,,270,,870
5026,横浜市神奈川区,横浜市神奈川区片倉5丁目,118,,289,,193,,93,,281,,974
5027,横浜市神奈川区,横浜市神奈川区六角橋1丁目,93,,234,,124,,184,,46,,681
5028,横浜市神奈川区,横浜市神奈川区六角橋2丁目,88,,160,,176,,294,,272,,990
5029,横浜市神奈川区,横浜市神奈川区六角橋3丁目,254,,225,,299,,186,,121,,1085
5030,横浜市神奈川区,横浜市神奈川区六角橋4丁目,294,,291,,156,,258,,155,,1154
5031,横浜市神奈川区,横浜市神奈川区六角橋5丁目,256,,121,,295,,80,,18,,770
5032,横浜市神奈川区,横浜市神奈川区六角橋6丁目,64,,6,,123,,297,,95,,585
5033,横浜市鶴見区,横浜市鶴見区安善町,254,,55,,50,,222,,236,,817
5034,横浜市鶴見区,横浜市鶴見区栄町通,200,,125,,205,,205,,207,,942
5035,横浜市鶴見区,横浜市鶴見区下末吉,200,,285,,221,,189,,70,,965
5036,横浜市鶴見区,横浜市鶴見区下野谷町,91,,19,,46,,116,,114,,386
5037,横浜市鶴見区,横浜市鶴見区梶山,258,,5,,127,,222,,196,,808
5038,横浜市鶴見区,横浜市鶴見区寛政町,100,,234,,150,,71,,252,,807
5039,横浜市鶴見区,横浜市鶴見区岸谷,66,,47,,202,,26,,86,,427
5040,横浜市鶴見区,横浜市鶴見区駒岡,259,,48,,146,,263,,176,,892
5041,横浜市鶴見区,横浜市鶴見区元宮,211,,206,,260,,18,,235,,930
5042,横浜市鶴見区,横浜市鶴見区向井町,41,,274,,33,,249,,223,,820
5043,横浜市鶴見区,横浜市鶴見区江ケ崎町,230,,283,,240,,212,,46,,1011
5044,横浜市鶴見区,横浜市鶴見区三ツ池公園,244,,167,,142,,200,,2,,755
5045,横浜市鶴見区,横浜市鶴見区市場下町,298,,192,,168,,281,,32,,971
5046,横浜市鶴見区,横浜市鶴見区市場上町,172,,110,,17,,212,,227,,738
5047,横浜市鶴見区,横浜市鶴見区市場西中町,231,,37,,295,,219,,33,,815
5048,横浜市鶴見区,横浜市鶴見区市場大和町,113,,200,,90,,277,,16,,696
5049,横浜市鶴見区,横浜市鶴見区市場東中町,269,,5,,99,,281,,142,,796
5050,横浜市鶴見区,横浜市鶴見区市場富士見町,82,,278,,247,,196,,128,,931
5051,横浜市鶴見区,横浜市鶴見区獅子ケ谷,38,,40,,198,,156,,195,,627
5052,横浜市鶴見区,横浜市鶴見区寺谷,8,,23,,0,,259,,43,,333
5053,横浜市鶴見区,横浜市鶴見区汐入町,90,,156,,197,,101,,150,,694
5054,横浜市鶴見区,横浜市鶴見区小野町,1,,91,,233,,203,,296,,824
5055,横浜市鶴見区,横浜市鶴見区上の宮,111,,119,,26,,119,,139,,514
5056,横浜市鶴見区,横浜市鶴見区上末吉,197,,31,,128,,164,,19,,539
5057,横浜市鶴見区,横浜市鶴見区尻手,77,,235,,17,,183,,15,,527
5058,横浜市鶴見区,横浜市鶴見区諏訪坂,107,,153,,86,,128,,78,,552
5059,横浜市鶴見区,横浜市鶴見区菅沢町,25,,166,,240,,150,,197,,778
5060,横浜市鶴見区,横浜市鶴見区生麦,70,,80,,150,,227,,31,,558
5061,横浜市鶴見区,横浜市鶴見区扇島,94,,170,,162,,39,,111,,576
5062,横浜市鶴見区,横浜市鶴見区大黒ふ頭,86,,225,,80,,297,,135,,823
5063,横浜市鶴見区,横浜市鶴見区大黒町,197,,78,,167,,276,,225,,943
5064,横浜市鶴見区,横浜市鶴見区大東町,74,,283,,151,,128,,143,,779
5065,横浜市鶴見区,横浜市鶴見区仲通,140,,162,,35,,190,,221,,748
5066,横浜市鶴見区,横浜市鶴見区朝日町,188,,91,,198,,248,,84,,809
5067,横浜市鶴見区,横浜市鶴見区潮田町,14,,96,,203,,113,,124,,550
5068,横浜市鶴見区,横浜市鶴見区佃野町,167,,243,,11,,160,,261,,842
5069,横浜市鶴見区,横浜市鶴見区鶴見,271,,24,,68,,81,,158,,602
5070,横浜市鶴見区,横浜市鶴見区鶴見中央,101,,113,,38,,253,,24,,529
5071,横浜市鶴見区,横浜市鶴見区東寺尾,219,,286,,204,,162,,275,,1146
5072,横浜市鶴見区,横浜市鶴見区東寺尾中台,160,,195,,18,,98,,167,,638
5073,横浜市鶴見区,横浜市鶴見区東寺尾東台,91,,162,,219,,58,,6,,536
5074,横浜市鶴見区,横浜市鶴見区東寺尾北台,148,,122,,114,,172,,136,,692
5075,横浜市鶴見区,横浜市鶴見区馬場,28,,196,,128,,203,,50,,605
5076,横浜市鶴見区,横浜市鶴見区浜町,174,,156,,133,,133,,245,,841
5077,横浜市鶴見区,横浜市鶴見区平安町,159,,179,,199,,103,,251,,891
5078,横浜市鶴見区,横浜市鶴見区弁天町,167,,10,,102,,254,,77,,610
5079,横浜市鶴見区,横浜市鶴見区豊岡町,190,,235,,185,,181,,280,,1071
5080,横浜市鶴見区,横浜市鶴見区北寺尾,168,,99,,57,,139,,10,,473
5081,横浜市鶴見区,横浜市鶴見区本町通,177,,290,,106,,275,,254,,1102
5082,横浜市鶴見区,横浜市鶴見区末広町,243,,130,,231,,112,,267,,983
5083,横浜市鶴見区,横浜市鶴見区矢向,264,,12,,23,,54,,39,,392
5084,横浜市鶴見区,横浜市鶴見区安善町1丁目,275,,107,,193,,20,,111,,706
5085,横浜市鶴見区,横浜市鶴見区安善町2丁目,159,,116,,128,,57,,198,,658
5086,横浜市鶴見区,横浜市鶴見区栄町通1丁目,152,,158,,199,,15,,253,,777
5087,横浜市鶴見区,横浜市鶴見区栄町通2丁目,223,,122,,253,,104,,149,,851
5088,横浜市鶴見区,横浜市鶴見区栄町通3丁目,208,,82,,223,,62,,114,,689
5089,横浜市鶴見区,横浜市鶴見区栄町通4丁目,132,,27,,107,,231,,48,,545
5090,横浜市鶴見区,横浜市鶴見区下末吉1丁目,171,,45,,58,,3,,1,,278
5091,横浜市鶴見区,横浜市鶴見区下末吉2丁目,16,,186,,264,,184,,217,,867
5092,横浜市鶴見区,横浜市鶴見区下末吉3丁目,33,,280,,195,,64,,213,,785
5093,横浜市鶴見区,横浜市鶴見区下末吉4丁目,23,,39,,200,,37,,135,,434
5094,横浜市鶴見区,横浜市鶴見区下末吉5丁目,154,,28,,258,,256,,14,,710
5095,横浜市鶴見区,横浜市鶴見区下末吉6丁目,106,,83,,174,,40,,34,,437
5096,横浜市鶴見区,横浜市鶴見区下野谷町1丁目,208,,35,,263,,57,,149,,712
5097,横浜市鶴見区,横浜市鶴見区下野谷町2丁目,228,,257,,159,,39,,153,,836
5098,横浜市鶴見区,横浜市鶴見区下野谷町3丁目,170,,170,,258,,202,,283,,1083
5099,横浜市鶴見区,横浜市鶴見区下野谷町4丁目,214,,224,,179,,30,,88,,735
5100,横浜市鶴見区,横浜市鶴見区梶山1丁目,167,,96,,74,,171,,253,,761
5101,横浜市鶴見区,横浜市鶴見区梶山2丁目,297,,125,,178,,262,,90,,952
5102,横浜市鶴見区,横浜市鶴見区岸谷1丁目,257,,169,,247,,38,,156,,867
5103,横浜市鶴見区,横浜市鶴見区岸谷2丁目,43,,154,,69,,252,,247,,765
5104,横浜市鶴見区,横浜市鶴見区岸谷3丁目,267,,172,,47,,43,,118,,647
5105,横浜市鶴見区,横浜市鶴見区岸谷4丁目,36,,246,,298,,49,,167,,796
5106,横浜市鶴見区,横浜市鶴見区駒岡1丁目,264,,108,,102,,289,,227,,990
5107,横浜市鶴見区,横浜市鶴見区駒岡2丁目,162,,108,,264,,66,,236,,836
5108,横浜市鶴見区,横浜市鶴見区駒岡3丁目,58,,75,,167,,181,,239,,720
5109,横浜市鶴見区,横浜市鶴見区駒岡4丁目,166,,33,,70,,160,,146,,575
5110,横浜市鶴見区,横浜市鶴見区駒岡5丁目,156,,53,,270,,8,,111,,598
5111,横浜市鶴見区,横浜市鶴見区元宮1丁目,83,,251,,299,,88,,69,,790
5112,横浜市鶴見区,横浜市鶴見区元宮2丁目,149,,273,,151,,0,,169,,742
5113,横浜市鶴見区,横浜市鶴見区向井町1丁目,146,,147,,79,,10,,214,,596
5114,横浜市鶴見区,横浜市鶴見区向井町2丁目,52,,7,,100,,60,,74,,293
5115,横浜市鶴見区,横浜市鶴見区向井町3丁目,206,,189,,2,,188,,29,,614
5116,横浜市鶴見区,横浜市鶴見区向井町4丁目,73,,297,,13,,109,,204,,696
5117,横浜市鶴見区,横浜市鶴見区獅子ケ谷1丁目,2,,233,,101,,60,,84,,480
5118,横浜市鶴見区,横浜市鶴見区獅子ケ谷2丁目,206,,181,,293,,66,,18,,764
5119,横浜市鶴見区,横浜市鶴見区獅子ケ谷3丁目,96,,67,,47,,279,,210,,699
5120,横浜市鶴見区,横浜市鶴見区寺谷1丁目,97,,188,,203,,45,,15,,548
5121,横浜市鶴見区,横浜市鶴見区寺谷2丁目,103,,133,,162,,191,,81,,670
5122,横浜市鶴見区,横浜市鶴見区汐入町1丁目,68,,30,,96,,259,,145,,598
5123,横浜市鶴見区,横浜市鶴見区汐入町2丁目,161,,270,,200,,163,,27,,821
5124,横浜市鶴見区,横浜市鶴見区汐入町3丁目,79,,143,,210,,44,,253,,729
5125,横浜市鶴見区,横浜市鶴見区上の宮1丁目,112,,188,,180,,25,,172,,677
5126,横浜市鶴見区,横浜市鶴見区上の宮2丁目,111,,199,,58,,177,,113,,658
5127,横浜市鶴見区,横浜市鶴見区上末吉1丁目,77,,126,,244,,9,,214,,670
5128,横浜市鶴見区,横浜市鶴見区上末吉2丁目,107,,6,,47,,246,,154,,560
5129,横浜市鶴見区,横浜市鶴見区上末吉3丁目,78,,241,,145,,260,,213,,937
5130,横浜市鶴見区,横浜市鶴見区上末吉4丁目,43,,117,,14,,95,,91,,360
5131,横浜市鶴見区,横浜市鶴見区上末吉5丁目,265,,22,,167,,218,,135,,807
5132,横浜市鶴見区,横浜市鶴見区尻手1丁目,65,,165,,119,,64,,129,,542
5133,横浜市鶴見区,横浜市鶴見区尻手2丁目,221,,221,,186,,57,,26,,711
5134,横浜市鶴見区,横浜市鶴見区尻手3丁目,295,,210,,81,,182,,267,,1035
5135,横浜市鶴見区,横浜市鶴見区生麦1丁目,75,,158,,272,,88,,266,,859
5136,横浜市鶴見区,横浜市鶴見区生麦2丁目,1,,171,,163,,288,,214,,837
5137,横浜市鶴見区,横浜市鶴見区生麦3丁目,290,,279,,0,,181,,22,,772
5138,横浜市鶴見区,横浜市鶴見区生麦4丁目,56,,0,,20,,74,,129,,279
5139,横浜市鶴見区,横浜市鶴見区生麦5丁目,66,,246,,295,,169,,280,,1056
5140,横浜市鶴見区,横浜市鶴見区仲通1丁目,113,,86,,204,,295,,15,,713
5141,横浜市鶴見区,横浜市鶴見区仲通2丁目,66,,147,,76,,298,,68,,655
5142,横浜市鶴見区,横浜市鶴見区仲通3丁目,191,,209,,253,,279,,186,,1118
5143,横浜市鶴見区,横浜市鶴見区朝日町1丁目,285,,73,,270,,164,,27,,819
5144,横浜市鶴見区,横浜市鶴見区朝日町2丁目,294,,97,,257,,59,,81,,788
5145,横浜市鶴見区,横浜市鶴見区潮田町1丁目,109,,123,,266,,269,,187,,954
5146,横浜市鶴見区,横浜市鶴見区潮田町2丁目,56,,196,,218,,104,,278,,852
5147,横浜市鶴見区,横浜市鶴見区潮田町3丁目,36,,77,,209,,144,,193,,659
5148,横浜市鶴見区,横浜市鶴見区潮田町4丁目,75,,251,,151,,130,,98,,705
5149,横浜市鶴見区,横浜市鶴見区鶴見1丁目,69,,141,,70,,172,,249,,701
5150,横浜市鶴見区,横浜市鶴見区鶴見2丁目,158,,167,,89,,284,,259,,957
5151,横浜市鶴見区,横浜市鶴見区鶴見中央1丁目,149,,154,,150,,253,,198,,904
5152,横浜市鶴見区,横浜市鶴見区鶴見中央2丁目,25,,238,,116,,197,,189,,765
5153,横浜市鶴見区,横浜市鶴見区鶴見中央3丁目,52,,219,,75,,29,,20,,395
5154,横浜市鶴見区,横浜市鶴見区鶴見中央4丁目,277,,171,,105,,63,,41,,657
5155,横浜市鶴見区,横浜市鶴見区鶴見中央5丁目,278,,32,,203,,243,,116,,872
5156,横浜市鶴見区,横浜市鶴見区東寺尾1丁目,261,,70,,189,,181,,174,,875
5157,横浜市鶴見区,横浜市鶴見区東寺尾2丁目,215,,80,,88,,65,,115,,563
5158,横浜市鶴見区,横浜市鶴見区東寺尾3丁目,208,,38,,6,,85,,88,,425
5159,横浜市鶴見区,横浜市鶴見区東寺尾4丁目,158,,196,,54,,86,,201,,695
5160,横浜市鶴見区,横浜市鶴見区東寺尾5丁目,121,,283,,283,,210,,143,,1040
5161,横浜市鶴見区,横浜市鶴見区東寺尾6丁目,22,,49,,43,,264,,59,,437
5162,横浜市鶴見区,横浜市鶴見区馬場1丁目,297,,256,,153,,159,,118,,983
5163,横浜市鶴見区,横浜市鶴見区馬場2丁目,65,,103,,189,,226,,79,,662
5164,横浜市鶴見区,横浜市鶴見区馬場3丁目,16,,32,,230,,127,,275,,680
5165,横浜市鶴見区,横浜市鶴見区馬場4丁目,143,,290,,38,,133,,139,,743
5166,横浜市鶴見区,横浜市鶴見区馬場5丁目,284,,263,,2,,160,,272,,981
5167,横浜市鶴見区,横浜市鶴見区馬場6丁目,237,,58,,131,,96,,214,,736
5168,横浜市鶴見区,横浜市鶴見区馬場7丁目,198,,94,,188,,283,,59,,822
5169,横浜市鶴見区,横浜市鶴見区浜町1丁目,163,,245,,241,,115,,199,,963
5170,横浜市鶴見区,横浜市鶴見区浜町2丁目,3,,75,,182,,290,,12,,562
5171,横浜市鶴見区,横浜市鶴見区平安町1丁目,243,,261,,102,,56,,300,,962
5172,横浜市鶴見区,横浜市鶴見区平安町2丁目,184,,72,,183,,87,,123,,649
5173,横浜市鶴見区,横浜市鶴見区北寺尾1丁目,262,,63,,269,,260,,133,,987
5174,横浜市鶴見区,横浜市鶴見区北寺尾2丁目,264,,103,,78,,203,,107,,755
5175,横浜市鶴見区,横浜市鶴見区北寺尾3丁目,69,,6,,15,,88,,223,,401
5176,横浜市鶴見区,横浜市鶴見区北寺尾4丁目,218,,123,,172,,22,,5,,540
5177,横浜市鶴見区,横浜市鶴見区北寺尾5丁目,227,,243,,110,,291,,50,,921
5178,横浜市鶴見区,横浜市鶴見区北寺尾6丁目,69,,195,,57,,101,,193,,615
5179,横浜市鶴見区,横浜市鶴見区北寺尾7丁目,56,,248,,60,,100,,227,,691
5180,横浜市鶴見区,横浜市鶴見区本町通1丁目,148,,116,,114,,33,,83,,494
5181,横浜市鶴見区,横浜市鶴見区本町通2丁目,110,,43,,47,,152,,231,,583
5182,横浜市鶴見区,横浜市鶴見区本町通3丁目,38,,228,,135,,3,,231,,635
5183,横浜市鶴見区,横浜市鶴見区本町通4丁目,193,,172,,245,,167,,250,,1027
5184,横浜市鶴見区,横浜市鶴見区末広町1丁目,169,,244,,55,,101,,277,,846
5185,横浜市鶴見区,横浜市鶴見区末広町2丁目,78,,17,,25,,83,,137,,340
5186,横浜市鶴見区,横浜市鶴見区矢向1丁目,246,,211,,211,,3,,114,,785
5187,横浜市鶴見区,横浜市鶴見区矢向2丁目,211,,127,,161,,178,,108,,785
5188,横浜市鶴見区,横浜市鶴見区矢向3丁目,109,,262,,158,,209,,19,,757
5189,横浜市鶴見区,横浜市鶴見区矢向4丁目,236,,198,,126,,109,,94,,763
5190,横浜市鶴見区,横浜市鶴見区矢向5丁目,106,,124,,222,,160,,24,,636
5191,横浜市鶴見区,横浜市鶴見区矢向6丁目,63,,39,,122,,133,,275,,632
5192,横浜市保土ケ谷区,横浜市保土ケ谷区岡沢町,19,,216,,248,,206,,162,,851
5193,横浜市保土ケ谷区,横浜市保土ケ谷区花見台,89,,54,,90,,173,,222,,628
5194,横浜市保土ケ谷区,横浜市保土ケ谷区霞台,132,,131,,181,,181,,1,,626
5195,横浜市保土ケ谷区,横浜市保土ケ谷区釜台町,263,,154,,169,,30,,57,,673
5196,横浜市保土ケ谷区,横浜市保土ケ谷区鎌谷町,57,,238,,199,,237,,113,,844
5197,横浜市保土ケ谷区,横浜市保土ケ谷区岩井町,71,,198,,204,,107,,181,,761
5198,横浜市保土ケ谷区,横浜市保土ケ谷区岩間町,183,,219,,228,,15,,144,,789
5199,横浜市保土ケ谷区,横浜市保土ケ谷区岩崎町,171,,149,,133,,244,,282,,979
5200,横浜市保土ケ谷区,横浜市保土ケ谷区宮田町,181,,248,,19,,295,,170,,913
5201,横浜市保土ケ谷区,横浜市保土ケ谷区境木町,285,,118,,216,,196,,146,,961
5202,横浜市保土ケ谷区,横浜市保土ケ谷区境木本町,277,,237,,20,,114,,264,,912
5203,横浜市保土ケ谷区,横浜市保土ケ谷区月見台,199,,79,,20,,223,,56,,577
5204,横浜市保土ケ谷区,横浜市保土ケ谷区権太坂,214,,269,,292,,21,,199,,995
5205,横浜市保土ケ谷区,横浜市保土ケ谷区今井町,22,,113,,193,,297,,288,,913
5206,横浜市保土ケ谷区,横浜市保土ケ谷区坂本町,23,,27,,34,,165,,154,,403
5207,横浜市保土ケ谷区,横浜市保土ケ谷区桜ケ丘,62,,175,,270,,19,,281,,807
5208,横浜市保土ケ谷区,横浜市保土ケ谷区狩場町,67,,233,,258,,230,,122,,910
5209,横浜市保土ケ谷区,横浜市保土ケ谷区初音ケ丘,146,,148,,244,,195,,222,,955
5210,横浜市保土ケ谷区,横浜市保土ケ谷区上菅田町,26,,105,,201,,3,,285,,620
5211,横浜市保土ケ谷区,横浜市保土ケ谷区上星川,160,,185,,57,,210,,219,,831
5212,横浜市保土ケ谷区,横浜市保土ケ谷区常盤台,287,,132,,171,,269,,293,,1152
5213,横浜市保土ケ谷区,横浜市保土ケ谷区新井町,105,,266,,160,,98,,256,,885
5214,横浜市保土ケ谷区,横浜市保土ケ谷区新桜ケ丘,94,,259,,287,,155,,279,,1074
5215,横浜市保土ケ谷区,横浜市保土ケ谷区神戸町,101,,215,,109,,236,,276,,937
5216,横浜市保土ケ谷区,横浜市保土ケ谷区瀬戸ケ谷町,240,,176,,84,,133,,27,,660
5217,横浜市保土ケ谷区,横浜市保土ケ谷区星川,195,,94,,91,,196,,106,,682
5218,横浜市保土ケ谷区,横浜市保土ケ谷区西久保町,11,,241,,234,,150,,209,,845
5219,横浜市保土ケ谷区,横浜市保土ケ谷区西谷町,209,,128,,253,,238,,91,,919
5220,横浜市保土ケ谷区,横浜市保土ケ谷区川島町,38,,187,,175,,205,,255,,860
5221,横浜市保土ケ谷区,横浜市保土ケ谷区川辺町,179,,101,,185,,51,,284,,800
5222,横浜市保土ケ谷区,横浜市保土ケ谷区天王町,143,,54,,124,,83,,97,,501
5223,横浜市保土ケ谷区,横浜市保土ケ谷区東川島町,160,,203,,267,,132,,199,,961
5224,横浜市保土ケ谷区,横浜市保土ケ谷区藤塚町,180,,229,,215,,278,,206,,1108
5225,横浜市保土ケ谷区,横浜市保土ケ谷区仏向西,209,,49,,32,,278,,255,,823
5226,横浜市保土ケ谷区,横浜市保土ケ谷区仏向町,150,,243,,180,,139,,116,,828
5227,横浜市保土ケ谷区,横浜市保土ケ谷区保土ケ谷町,253,,142,,208,,56,,78,,737
5228,横浜市保土ケ谷区,横浜市保土ケ谷区峰岡町,171,,110,,295,,46,,195,,817
5229,横浜市保土ケ谷区,横浜市保土ケ谷区峰沢町,283,,186,,272,,129,,210,,1080
5230,横浜市保土ケ谷区,横浜市保土ケ谷区法泉,69,,143,,6,,175,,41,,434
5231,横浜市保土ケ谷区,横浜市保土ケ谷区明神台,242,,223,,104,,223,,230,,1022
5232,横浜市保土ケ谷区,横浜市保土ケ谷区和田,21,,12,,185,,20,,227,,465
5233,横浜市保土ケ谷区,横浜市保土ケ谷区帷子町,123,,59,,58,,22,,220,,482
5234,横浜市保土ケ谷区,横浜市保土ケ谷区岩間町1丁目,4,,118,,6,,43,,58,,229
5235,横浜市保土ケ谷区,横浜市保土ケ谷区岩間町2丁目,62,,213,,229,,57,,19,,580
5236,横浜市保土ケ谷区,横浜市保土ケ谷区宮田町1丁目,181,,165,,105,,260,,11,,722
5237,横浜市保土ケ谷区,横浜市保土ケ谷区宮田町2丁目,266,,127,,197,,49,,150,,789
5238,横浜市保土ケ谷区,横浜市保土ケ谷区宮田町3丁目,75,,219,,121,,278,,181,,874
5239,横浜市保土ケ谷区,横浜市保土ケ谷区権太坂1丁目,265,,98,,175,,203,,159,,900
5240,横浜市保土ケ谷区,横浜市保土ケ谷区権太坂2丁目,240,,281,,61,,139,,163,,884
5241,横浜市保土ケ谷区,横浜市保土ケ谷区権太坂3丁目,149,,220,,60,,176,,153,,758
5242,横浜市保土ケ谷区,横浜市保土ケ谷区桜ケ丘1丁目,12,,299,,230,,222,,1,,764
5243,横浜市保土ケ谷区,横浜市保土ケ谷区桜ケ丘2丁目,264,,128,,290,,70,,232,,984
5244,横浜市保土ケ谷区,横浜市保土ケ谷区上星川1丁目,125,,298,,54,,207,,126,,810
5245,横浜市保土ケ谷区,横浜市保土ケ谷区上星川2丁目,64,,281,,175,,247,,185,,952
5246,横浜市保土ケ谷区,横浜市保土ケ谷区上星川3丁目,154,,292,,229,,110,,201,,986
5247,横浜市保土ケ谷区,横浜市保土ケ谷区新桜ケ丘1丁目,251,,278,,237,,74,,168,,1008
5248,横浜市保土ケ谷区,横浜市保土ケ谷区新桜ケ丘2丁目,276,,161,,228,,113,,293,,1071
5249,横浜市保土ケ谷区,横浜市保土ケ谷区星川1丁目,300,,277,,241,,137,,226,,1181
5250,横浜市保土ケ谷区,横浜市保土ケ谷区星川2丁目,100,,229,,142,,295,,291,,1057
5251,横浜市保土ケ谷区,横浜市保土ケ谷区星川3丁目,178,,84,,72,,86,,227,,647
5252,横浜市保土ケ谷区,横浜市保土ケ谷区天王町1丁目,118,,228,,115,,76,,157,,694
5253,横浜市保土ケ谷区,横浜市保土ケ谷区天王町2丁目,264,,183,,291,,149,,171,,1058
5254,横浜市保土ケ谷区,横浜市保土ケ谷区保土ケ谷町1丁目,258,,172,,20,,267,,8,,725
5255,横浜市保土ケ谷区,横浜市保土ケ谷区保土ケ谷町2丁目,131,,141,,255,,136,,40,,703
5256,横浜市保土ケ谷区,横浜市保土ケ谷区保土ケ谷町3丁目,146,,87,,111,,288,,195,,827
5257,横浜市保土ケ谷区,横浜市保土ケ谷区峰岡町1丁目,191,,100,,44,,269,,276,,880
5258,横浜市保土ケ谷区,横浜市保土ケ谷区峰岡町2丁目,22,,247,,217,,14,,38,,538
5259,横浜市保土ケ谷区,横浜市保土ケ谷区峰岡町3丁目,150,,84,,34,,81,,254,,603
5260,横浜市保土ケ谷区,横浜市保土ケ谷区法泉1丁目,137,,181,,14,,145,,140,,617
5261,横浜市保土ケ谷区,横浜市保土ケ谷区法泉2丁目,263,,234,,15,,116,,181,,809
5262,横浜市保土ケ谷区,横浜市保土ケ谷区法泉3丁目,136,,66,,282,,142,,214,,840
5263,横浜市保土ケ谷区,横浜市保土ケ谷区和田1丁目,222,,95,,177,,18,,224,,736
5264,横浜市保土ケ谷区,横浜市保土ケ谷区和田2丁目,166,,188,,77,,291,,117,,839
5265,横浜市保土ケ谷区,横浜市保土ケ谷区帷子町1丁目,83,,94,,263,,104,,233,,777
5266,横浜市保土ケ谷区,横浜市保土ケ谷区帷子町2丁目,202,,155,,34,,68,,201,,660
5267,横浜市港北区,横浜市港北区下田町,173,,53,,218,,61,,115,,620
5268,横浜市港北区,横浜市港北区岸根町,110,,187,,208,,200,,284,,989
5269,横浜市港北区,横浜市港北区菊名,112,,13,,116,,220,,117,,578
5270,横浜市港北区,横浜市港北区錦が丘,45,,221,,168,,148,,292,,874
5271,横浜市港北区,横浜市港北区綱島上町,250,,141,,71,,49,,106,,617
5272,横浜市港北区,横浜市港北区綱島西,285,,207,,24,,193,,17,,726
5273,横浜市港北区,横浜市港北区綱島台,266,,68,,157,,73,,204,,768
5274,横浜市港北区,横浜市港北区綱島東,67,,261,,273,,274,,188,,1063
5275,横浜市港北区,横浜市港北区高田西,215,,282,,228,,57,,273,,1055
5276,横浜市港北区,横浜市港北区高田町,17,,121,,154,,242,,133,,667
5277,横浜市港北区,横浜市港北区高田東,202,,211,,7,,252,,58,,730
5278,横浜市港北区,横浜市港北区師岡町,270,,23,,64,,19,,95,,471
5279,横浜市港北区,横浜市港北区篠原西町,246,,226,,132,,192,,72,,868
5280,横浜市港北区,横浜市港北区篠原台町,7,,175,,249,,147,,199,,777
5281,横浜市港北区,横浜市港北区篠原町,201,,273,,94,,86,,7,,661
5282,横浜市港北区,横浜市港北区篠原東,296,,238,,273,,265,,30,,1102
5283,横浜市港北区,横浜市港北区篠原北,208,,47,,245,,136,,136,,772
5284,横浜市港北区,横浜市港北区小机町,128,,88,,119,,38,,171,,544
5285,横浜市港北区,横浜市港北区新羽町,223,,185,,229,,25,,13,,675
5286,横浜市港北区,横浜市港北区新横浜,200,,53,,66,,145,,300,,764
5287,横浜市港北区,横浜市港北区新吉田町,112,,10,,210,,278,,163,,773
5288,横浜市港北区,横浜市港北区新吉田東,266,,252,,59,,21,,9,,607
5289,横浜市港北区,横浜市港北区大曽根,83,,279,,201,,48,,174,,785
5290,横浜市港北区,横浜市港北区大曽根台,126,,236,,144,,269,,100,,875
5291,横浜市港北区,横浜市港北区大倉山,135,,191,,27,,8,,195,,556
5292,横浜市港北区,横浜市港北区大豆戸町,49,,166,,206,,300,,270,,991
5293,横浜市港北区,横浜市港北区樽町,122,,102,,237,,277,,215,,953
5294,横浜市港北区,横浜市港北区仲手原,169,,148,,108,,264,,86,,775
5295,横浜市港北区,横浜市港北区鳥山町,141,,217,,21,,236,,251,,866
5296,横浜市港北区,横浜市港北区日吉,243,,9,,162,,36,,146,,596
5297,横浜市港北区,横浜市港北区日吉本町,82,,160,,286,,287,,186,,1001
5298,横浜市港北区,横浜市港北区富士塚,186,,30,,285,,25,,39,,565
5299,横浜市港北区,横浜市港北区北新横浜,146,,139,,136,,245,,48,,714
5300,横浜市港北区,横浜市港北区箕輪町,167,,143,,283,,182,,289,,1064
5301,横浜市港北区,横浜市港北区下田町1丁目,123,,122,,136,,96,,161,,638
5302,横浜市港北区,横浜市港北区下田町2丁目,27,,114,,36,,210,,88,,475
5303,横浜市港北区,横浜市港北区下田町3丁目,41,,41,,142,,289,,91,,604
5304,横浜市港北区,横浜市港北区下田町4丁目,277,,222,,255,,164,,111,,1029
5305,横浜市港北区,横浜市港北区下田町5丁目,66,,105,,55,,222,,293,,741
5306,横浜市港北区,横浜市港北区下田町6丁目,62,,206,,245,,205,,165,,883
5307,横浜市港北区,横浜市港北区菊名1丁目,81,,98,,85,,41,,33,,338
5308,横浜市港北区,横浜市港北区菊名2丁目,97,,240,,75,,64,,81,,557
5309,横浜市港北区,横浜市港北区菊名3丁目,293,,8,,299,,47,,91,,738
5310,横浜市港北区,横浜市港北区菊名4丁目,224,,212,,80,,213,,76,,805
5311,横浜市港北区,横浜市港北区菊名5丁目,103,,141,,282,,269,,135,,930
5312,横浜市港北区,横浜市港北区菊名6丁目,106,,87,,88,,31,,99,,411
5313,横浜市港北区,横浜市港北区菊名7丁目,32,,56,,263,,6,,141,,498
5314,横浜市港北区,横浜市港北区綱島西1丁目,292,,107,,135,,13,,253,,800
5315,横浜市港北区,横浜市港北区綱島西2丁目,273,,278,,197,,288,,159,,1195
5316,横浜市港北区,横浜市港北区綱島西3丁目,284,,293,,230,,252,,141,,1200
5317,横浜市港北区,横浜市港北区綱島西4丁目,170,,196,,143,,143,,262,,914
5318,横浜市港北区,横浜市港北区綱島西5丁目,111,,86,,195,,155,,142,,689
5319,横浜市港北区,横浜市港北区綱島西6丁目,102,,130,,206,,266,,93,,797
5320,横浜市港北区,横浜市港北区綱島東1丁目,103,,300,,91,,264,,209,,967
5321,横浜市港北区,横浜市港北区綱島東2丁目,297,,169,,44,,12,,100,,622
5322,横浜市港北区,横浜市港北区綱島東3丁目,263,,297,,62,,3,,4,,629
5323,横浜市港北区,横浜市港北区綱島東4丁目,172,,198,,215,,121,,300,,1006
5324,横浜市港北区,横浜市港北区綱島東5丁目,13,,26,,165,,164,,6,,374
5325,横浜市港北区,横浜市港北区綱島東6丁目,278,,47,,80,,200,,46,,651
5326,横浜市港北区,横浜市港北区高田西1丁目,294,,16,,64,,271,,113,,758
5327,横浜市港北区,横浜市港北区高田西2丁目,23,,255,,254,,115,,200,,847
5328,横浜市港北区,横浜市港北区高田西3丁目,39,,244,,62,,242,,119,,706
5329,横浜市港北区,横浜市港北区高田西4丁目,294,,231,,221,,55,,170,,971
5330,横浜市港北区,横浜市港北区高田西5丁目,55,,205,,62,,25,,157,,504
5331,横浜市港北区,横浜市港北区高田東1丁目,113,,297,,105,,97,,300,,912
5332,横浜市港北区,横浜市港北区高田東2丁目,218,,161,,282,,266,,20,,947
5333,横浜市港北区,横浜市港北区高田東3丁目,201,,176,,228,,275,,187,,1067
5334,横浜市港北区,横浜市港北区高田東4丁目,299,,27,,187,,139,,100,,752
5335,横浜市港北区,横浜市港北区篠原東1丁目,162,,210,,42,,99,,211,,724
5336,横浜市港北区,横浜市港北区篠原東2丁目,166,,173,,281,,264,,63,,947
5337,横浜市港北区,横浜市港北区篠原東3丁目,27,,181,,196,,270,,115,,789
5338,横浜市港北区,横浜市港北区篠原北1丁目,253,,74,,48,,284,,294,,953
5339,横浜市港北区,横浜市港北区篠原北2丁目,203,,41,,151,,276,,201,,872
5340,横浜市港北区,横浜市港北区新横浜1丁目,7,,223,,275,,16,,94,,615
5341,横浜市港北区,横浜市港北区新横浜2丁目,293,,207,,70,,170,,165,,905
5342,横浜市港北区,横浜市港北区新横浜3丁目,19,,260,,289,,80,,71,,719
5343,横浜市港北区,横浜市港北区新吉田東1丁目,27,,138,,1,,202,,31,,399
5344,横浜市港北区,横浜市港北区新吉田東2丁目,192,,103,,89,,242,,94,,720
5345,横浜市港北区,横浜市港北区新吉田東3丁目,141,,27,,163,,275,,40,,646
5346,横浜市港北区,横浜市港北区新吉田東4丁目,109,,116,,283,,84,,266,,858
5347,横浜市港北区,横浜市港北区新吉田東5丁目,14,,21,,219,,229,,284,,767
5348,横浜市港北区,横浜市港北区新吉田東6丁目,239,,145,,90,,241,,19,,734
5349,横浜市港北区,横浜市港北区新吉田東7丁目,44,,225,,8,,52,,160,,489
5350,横浜市港北区,横浜市港北区新吉田東8丁目,280,,110,,133,,181,,298,,1002
5351,横浜市港北区,横浜市港北区大曽根1丁目,51,,223,,234,,148,,166,,822
5352,横浜市港北区,横浜市港北区大曽根2丁目,224,,130,,238,,53,,128,,773
5353,横浜市港北区,横浜市港北区大曽根3丁目,8,,248,,7,,210,,122,,595
5354,横浜市港北区,横浜市港北区大倉山1丁目,251,,136,,271,,297,,226,,1181
5355,横浜市港北区,横浜市港北区大倉山2丁目,112,,257,,253,,208,,94,,924
5356,横浜市港北区,横浜市港北区大倉山3丁目,215,,201,,212,,70,,252,,950
5357,横浜市港北区,横浜市港北区大倉山4丁目,24,,112,,125,,125,,39,,425
5358,横浜市港北区,横浜市港北区大倉山5丁目,7,,285,,26,,2,,111,,431
5359,横浜市港北区,横浜市港北区大倉山6丁目,288,,149,,18,,116,,29,,600
5360,横浜市港北区,横浜市港北区大倉山7丁目,263,,58,,13,,161,,7,,502
5361,横浜市港北区,横浜市港北区樽町1丁目,174,,218,,153,,112,,50,,707
5362,横浜市港北区,横浜市港北区樽町2丁目,253,,211,,11,,55,,37,,567
5363,横浜市港北区,横浜市港北区樽町3丁目,237,,256,,216,,128,,195,,1032
5364,横浜市港北区,横浜市港北区樽町4丁目,73,,185,,163,,294,,37,,752
5365,横浜市港北区,横浜市港北区仲手原1丁目,277,,78,,255,,43,,174,,827
5366,横浜市港北区,横浜市港北区仲手原2丁目,218,,16,,232,,35,,282,,783
5367,横浜市港北区,横浜市港北区日吉1丁目,257,,107,,106,,10,,268,,748
5368,横浜市港北区,横浜市港北区日吉2丁目,97,,180,,77,,240,,114,,708
5369,横浜市港北区,横浜市港北区日吉3丁目,276,,109,,108,,175,,45,,713
5370,横浜市港北区,横浜市港北区日吉4丁目,109,,94,,156,,172,,106,,637
5371,横浜市港北区,横浜市港北区日吉5丁目,131,,120,,206,,258,,252,,967
5372,横浜市港北区,横浜市港北区日吉6丁目,215,,33,,173,,111,,63,,595
5373,横浜市港北区,横浜市港北区日吉7丁目,142,,48,,152,,71,,279,,692
5374,横浜市港北区,横浜市港北区日吉本町1丁目,144,,60,,43,,27,,290,,564
5375,横浜市港北区,横浜市港北区日吉本町2丁目,251,,266,,157,,29,,62,,765
5376,横浜市港北区,横浜市港北区日吉本町3丁目,236,,63,,89,,287,,132,,807
5377,横浜市港北区,横浜市港北区日吉本町4丁目,142,,50,,105,,6,,258,,561
5378,横浜市港北区,横浜市港北区日吉本町5丁目,295,,218,,68,,49,,64,,694
5379,横浜市港北区,横浜市港北区日吉本町6丁目,91,,267,,295,,123,,60,,836
5380,横浜市港北区,横浜市港北区富士塚1丁目,264,,275,,232,,194,,52,,1017
5381,横浜市港北区,横浜市港北区富士塚2丁目,33,,145,,77,,17,,25,,297
5382,横浜市港北区,横浜市港北区北新横浜1丁目,74,,240,,81,,181,,155,,731
5383,横浜市港北区,横浜市港北区北新横浜2丁目,23,,225,,236,,258,,242,,984
5384,横浜市港北区,横浜市港北区箕輪町1丁目,154,,37,,94,,12,,240,,537
5385,横浜市港北区,横浜市港北区箕輪町2丁目,148,,37,,228,,178,,263,,854
5386,横浜市港北区,横浜市港北区箕輪町3丁目,288,,293,,81,,107,,184,,953
5387,横浜市旭区,横浜市旭区さちが丘,160,,110,,69,,263,,272,,874
5388,横浜市旭区,横浜市旭区下川井町,168,,121,,139,,90,,137,,655
5389,横浜市旭区,横浜市旭区桐が作,68,,88,,153,,184,,187,,680
5390,横浜市旭区,横浜市旭区金が谷,274,,236,,21,,189,,66,,786
5391,横浜市旭区,横浜市旭区今宿,134,,45,,51,,79,,4,,313
5392,横浜市旭区,横浜市旭区今宿西町,61,,264,,1,,220,,80,,626
5393,横浜市旭区,横浜市旭区今宿町,259,,243,,184,,130,,114,,930
5394,横浜市旭区,横浜市旭区今宿東町,299,,26,,198,,252,,6,,781
5395,横浜市旭区,横浜市旭区今宿南町,0,,43,,297,,192,,254,,786
5396,横浜市旭区,横浜市旭区今川町,100,,156,,15,,14,,186,,471
5397,横浜市旭区,横浜市旭区左近山,166,,201,,164,,242,,89,,862
5398,横浜市旭区,横浜市旭区笹野台,191,,29,,253,,186,,87,,746
5399,横浜市旭区,横浜市旭区三反田町,192,,296,,216,,85,,28,,817
5400,横浜市旭区,横浜市旭区四季美台,214,,146,,270,,37,,231,,898
5401,横浜市旭区,横浜市旭区市沢町,1,,258,,258,,79,,6,,602
5402,横浜市旭区,横浜市旭区若葉台,218,,229,,169,,272,,118,,1006
5403,横浜市旭区,横浜市旭区小高町,34,,300,,210,,71,,216,,831
5404,横浜市旭区,横浜市旭区上川井町,87,,88,,240,,34,,41,,490
5405,横浜市旭区,横浜市旭区上白根,243,,185,,87,,97,,183,,795
5406,横浜市旭区,横浜市旭区上白根町,106,,128,,128,,207,,263,,832
5407,横浜市旭区,横浜市旭区西川島町,50,,169,,262,,226,,231,,938
5408,横浜市旭区,横浜市旭区川井宿町,221,,28,,96,,150,,183,,678
5409,横浜市旭区,横浜市旭区川井本町,158,,68,,155,,239,,173,,793
5410,横浜市旭区,横浜市旭区川島町,95,,254,,266,,25,,209,,849
5411,横浜市旭区,横浜市旭区善部町,4,,270,,204,,164,,82,,724
5412,横浜市旭区,横浜市旭区大池町,92,,150,,123,,228,,133,,726
5413,横浜市旭区,横浜市旭区中希望が丘,163,,13,,202,,15,,297,,690
5414,横浜市旭区,横浜市旭区中沢,252,,259,,277,,282,,248,,1318
5415,横浜市旭区,横浜市旭区中白根,134,,279,,227,,25,,300,,965
5416,横浜市旭区,横浜市旭区中尾,20,,260,,259,,45,,102,,686
5417,横浜市旭区,横浜市旭区鶴ケ峰,143,,242,,26,,48,,8,,467
5418,横浜市旭区,横浜市旭区鶴ケ峰本町,196,,108,,17,,58,,87,,466
5419,横浜市旭区,横浜市旭区都岡町,219,,140,,293,,59,,285,,996
5420,横浜市旭区,横浜市旭区東希望が丘,133,,88,,134,,71,,153,,579
5421,横浜市旭区,横浜市旭区南希望が丘,43,,159,,291,,23,,78,,594
5422,横浜市旭区,横浜市旭区南本宿町,299,,90,,260,,29,,113,,791
5423,横浜市旭区,横浜市旭区二俣川,193,,2,,111,,159,,102,,567
5424,横浜市旭区,横浜市旭区柏町,38,,33,,164,,185,,221,,641
5425,横浜市旭区,横浜市旭区白根,135,,88,,230,,179,,2,,634
5426,横浜市旭区,横浜市旭区白根町,1,,26,,77,,56,,249,,409
5427,横浜市旭区,横浜市旭区本宿町,278,,151,,51,,282,,108,,870
5428,横浜市旭区,横浜市旭区本村町,108,,268,,246,,198,,192,,1012
5429,横浜市旭区,横浜市旭区万騎が原,101,,241,,241,,202,,172,,957
5430,横浜市旭区,横浜市旭区矢指町,117,,230,,98,,3,,122,,570
5431,横浜市旭区,横浜市旭区金が谷1丁目,32,,60,,265,,272,,152,,781
5432,横浜市旭区,横浜市旭区金が谷2丁目,229,,253,,5,,244,,189,,920
5433,横浜市旭区,横浜市旭区今宿1丁目,256,,115,,61,,253,,223,,908
5434,横浜市旭区,横浜市旭区今宿2丁目,63,,292,,147,,143,,114,,759
5435,横浜市旭区,横浜市旭区笹野台1丁目,84,,84,,159,,297,,117,,741
5436,横浜市旭区,横浜市旭区笹野台2丁目,252,,169,,255,,125,,105,,906
5437,横浜市旭区,横浜市旭区笹野台3丁目,207,,59,,214,,239,,292,,1011
5438,横浜市旭区,横浜市旭区笹野台4丁目,49,,1,,128,,219,,68,,465
5439,横浜市旭区,横浜市旭区若葉台1丁目,146,,40,,146,,280,,291,,903
5440,横浜市旭区,横浜市旭区若葉台2丁目,185,,36,,127,,294,,187,,829
5441,横浜市旭区,横浜市旭区若葉台3丁目,28,,183,,274,,300,,267,,1052
5442,横浜市旭区,横浜市旭区若葉台4丁目,202,,237,,71,,162,,279,,951
5443,横浜市旭区,横浜市旭区上白根1丁目,205,,164,,8,,209,,247,,833
5444,横浜市旭区,横浜市旭区上白根2丁目,254,,169,,200,,31,,141,,795
5445,横浜市旭区,横浜市旭区上白根3丁目,273,,173,,137,,8,,59,,650
5446,横浜市旭区,横浜市旭区中沢1丁目,233,,293,,26,,55,,35,,642
5447,横浜市旭区,横浜市旭区中沢2丁目,259,,192,,180,,174,,208,,1013
5448,横浜市旭区,横浜市旭区中沢3丁目,160,,5,,244,,124,,271,,804
5449,横浜市旭区,横浜市旭区中白根1丁目,155,,145,,166,,235,,299,,1000
5450,横浜市旭区,横浜市旭区中白根2丁目,231,,288,,179,,297,,157,,1152
5451,横浜市旭区,横浜市旭区中白根3丁目,217,,93,,50,,8,,231,,599
5452,横浜市旭区,横浜市旭区中白根4丁目,217,,242,,278,,50,,247,,1034
5453,横浜市旭区,横浜市旭区中尾1丁目,298,,115,,124,,292,,142,,971
5454,横浜市旭区,横浜市旭区中尾2丁目,82,,45,,32,,224,,296,,679
5455,横浜市旭区,横浜市旭区鶴ケ峰1丁目,162,,74,,88,,36,,107,,467
5456,横浜市旭区,横浜市旭区鶴ケ峰2丁目,225,,1,,79,,111,,207,,623
5457,横浜市旭区,横浜市旭区鶴ケ峰本町1丁目,90,,221,,200,,128,,118,,757
5458,横浜市旭区,横浜市旭区鶴ケ峰本町2丁目,142,,105,,31,,142,,197,,617
5459,横浜市旭区,横浜市旭区鶴ケ峰本町3丁目,64,,271,,186,,196,,103,,820
5460,横浜市旭区,横浜市旭区二俣川1丁目,121,,91,,47,,211,,35,,505
5461,横浜市旭区,横浜市旭区二俣川2丁目,138,,252,,248,,157,,106,,901
5462,横浜市旭区,横浜市旭区白根1丁目,6,,214,,260,,33,,268,,781
5463,横浜市旭区,横浜市旭区白根2丁目,89,,219,,74,,235,,199,,816
5464,横浜市旭区,横浜市旭区白根3丁目,274,,11,,12,,201,,25,,523
5465,横浜市旭区,横浜市旭区白根4丁目,211,,236,,184,,215,,236,,1082
5466,横浜市旭区,横浜市旭区白根5丁目,76,,137,,217,,3,,203,,636
5467,横浜市旭区,横浜市旭区白根6丁目,212,,285,,28,,201,,88,,814
5468,横浜市旭区,横浜市旭区白根7丁目,234,,225,,46,,19,,294,,818
5469,横浜市旭区,横浜市旭区白根8丁目,83,,156,,216,,171,,258,,884
5470,愛甲郡清川村,愛甲郡清川村宮ケ瀬,36,,14,,63,,96,,123,,332
5471,愛甲郡清川村,愛甲郡清川村煤ケ谷,63,,136,,207,,36,,170,,612
5472,横浜市南区,横浜市南区井土ケ谷下町,44,,229,,134,,249,,78,,734
5473,横浜市南区,横浜市南区井土ケ谷上町,94,,227,,232,,246,,257,,1056
5474,横浜市南区,横浜市南区井土ケ谷中町,176,,116,,179,,204,,102,,777
5475,横浜市南区,横浜市南区浦舟町,65,,36,,4,,84,,186,,375
5476,横浜市南区,横浜市南区永楽町,175,,228,,74,,88,,44,,609
5477,横浜市南区,横浜市南区永田みなみ台,56,,220,,206,,299,,149,,930
5478,横浜市南区,横浜市南区永田山王台,267,,53,,114,,270,,273,,977
5479,横浜市南区,横浜市南区永田台,123,,180,,297,,183,,163,,946
5480,横浜市南区,横浜市南区永田東,206,,155,,70,,236,,94,,761
5481,横浜市南区,横浜市南区永田南,78,,202,,82,,287,,181,,830
5482,横浜市南区,横浜市南区永田北,183,,131,,186,,228,,227,,955
5483,横浜市南区,横浜市南区榎町,199,,273,,242,,276,,101,,1091
5484,横浜市南区,横浜市南区花之木町,138,,186,,122,,145,,102,,693
5485,横浜市南区,横浜市南区吉野町,157,,140,,292,,11,,270,,870
5486,横浜市南区,横浜市南区宮元町,44,,290,,295,,100,,92,,821
5487,横浜市南区,横浜市南区共進町,108,,168,,288,,4,,68,,636
5488,横浜市南区,横浜市南区庚台,240,,23,,223,,167,,77,,730
5489,横浜市南区,横浜市南区弘明寺町,135,,194,,249,,25,,98,,701
5490,横浜市南区,横浜市南区高根町,233,,73,,280,,214,,97,,897
5491,横浜市南区,横浜市南区高砂町,200,,221,,294,,184,,262,,1161
5492,横浜市南区,横浜市南区三春台,11,,181,,144,,173,,96,,605
5493,横浜市南区,横浜市南区山王町,239,,258,,135,,130,,48,,810
5494,横浜市南区,横浜市南区山谷,77,,89,,114,,143,,285,,708
5495,横浜市南区,横浜市南区蒔田町,143,,290,,6,,155,,9,,603
5496,横浜市南区,横浜市南区若宮町,22,,113,,21,,99,,269,,524
5497,横浜市南区,横浜市南区宿町,103,,58,,112,,31,,109,,413
5498,横浜市南区,横浜市南区新川町,166,,234,,251,,195,,157,,1003
5499,横浜市南区,横浜市南区真金町,246,,43,,81,,202,,260,,832
5500,横浜市南区,横浜市南区清水ケ丘,57,,45,,300,,76,,24,,502
5501,横浜市南区,横浜市南区西中町,162,,129,,151,,253,,32,,727
5502,横浜市南区,横浜市南区前里町,18,,155,,10,,159,,148,,490
5503,横浜市南区,横浜市南区大岡,80,,71,,224,,225,,172,,772
5504,横浜市南区,横浜市南区大橋町,78,,166,,299,,268,,182,,993
5505,横浜市南区,横浜市南区中村町,262,,292,,198,,77,,14,,843
5506,横浜市南区,横浜市南区中島町,140,,210,,230,,35,,157,,772
5507,横浜市南区,横浜市南区中里,141,,280,,152,,272,,80,,925
5508,横浜市南区,横浜市南区中里町,252,,158,,111,,266,,85,,872
5509,横浜市南区,横浜市南区通町,83,,150,,256,,147,,25,,661
5510,横浜市南区,横浜市南区唐沢,54,,257,,191,,206,,40,,748
5511,横浜市南区,横浜市南区東蒔田町,66,,180,,140,,34,,11,,431
5512,横浜市南区,横浜市南区南吉田町,47,,34,,131,,114,,83,,409
5513,横浜市南区,横浜市南区南太田,124,,183,,296,,228,,151,,982
5514,横浜市南区,横浜市南区二葉町,31,,234,,101,,118,,8,,492
5515,横浜市南区,横浜市南区日枝町,201,,117,,290,,290,,7,,905
5516,横浜市南区,横浜市南区白金町,273,,203,,134,,211,,93,,914
5517,横浜市南区,横浜市南区白妙町,168,,182,,250,,24,,9,,633
5518,横浜市南区,横浜市南区八幡町,123,,190,,17,,200,,131,,661
5519,横浜市南区,横浜市南区伏見町,48,,276,,292,,26,,237,,879
5520,横浜市南区,横浜市南区平楽,116,,29,,198,,228,,264,,835
5521,横浜市南区,横浜市南区別所,2,,117,,199,,249,,73,,640
5522,横浜市南区,横浜市南区別所中里台,254,,133,,166,,188,,253,,994
5523,横浜市南区,横浜市南区睦町,258,,28,,129,,172,,240,,827
5524,横浜市南区,横浜市南区堀ノ内町,112,,149,,207,,194,,171,,833
5525,横浜市南区,横浜市南区万世町,129,,234,,225,,96,,250,,934
5526,横浜市南区,横浜市南区六ツ川,19,,131,,149,,181,,181,,661
5527,横浜市南区,横浜市南区浦舟町1丁目,247,,246,,134,,115,,260,,1002
5528,横浜市南区,横浜市南区浦舟町2丁目,293,,133,,169,,141,,144,,880
5529,横浜市南区,横浜市南区浦舟町3丁目,55,,297,,293,,186,,199,,1030
5530,横浜市南区,横浜市南区浦舟町4丁目,121,,200,,223,,133,,17,,694
5531,横浜市南区,横浜市南区浦舟町5丁目,115,,255,,56,,208,,127,,761
5532,横浜市南区,横浜市南区永楽町1丁目,134,,205,,143,,184,,283,,949
5533,横浜市南区,横浜市南区永楽町2丁目,247,,1,,61,,207,,100,,616
5534,横浜市南区,横浜市南区永田東1丁目,165,,187,,93,,37,,18,,500
5535,横浜市南区,横浜市南区永田東2丁目,244,,291,,61,,53,,50,,699
5536,横浜市南区,横浜市南区永田東3丁目,0,,300,,201,,65,,192,,758
5537,横浜市南区,横浜市南区永田南1丁目,32,,144,,201,,232,,260,,869
5538,横浜市南区,横浜市南区永田南2丁目,156,,218,,240,,291,,249,,1154
5539,横浜市南区,横浜市南区永田北1丁目,288,,224,,184,,262,,35,,993
5540,横浜市南区,横浜市南区永田北2丁目,105,,245,,85,,291,,140,,866
5541,横浜市南区,横浜市南区永田北3丁目,194,,82,,173,,75,,127,,651
5542,横浜市南区,横浜市南区榎町1丁目,163,,224,,131,,165,,166,,849
5543,横浜市南区,横浜市南区榎町2丁目,72,,135,,258,,224,,142,,831
5544,横浜市南区,横浜市南区花之木町1丁目,270,,266,,227,,242,,149,,1154
5545,横浜市南区,横浜市南区花之木町2丁目,272,,113,,86,,165,,160,,796
5546,横浜市南区,横浜市南区花之木町3丁目,95,,168,,223,,85,,45,,616
5547,横浜市南区,横浜市南区吉野町1丁目,195,,146,,63,,113,,188,,705
5548,横浜市南区,横浜市南区吉野町2丁目,81,,140,,221,,182,,205,,829
5549,横浜市南区,横浜市南区吉野町3丁目,203,,289,,16,,203,,32,,743
5550,横浜市南区,横浜市南区吉野町4丁目,152,,257,,117,,148,,62,,736
5551,横浜市南区,横浜市南区吉野町5丁目,208,,181,,289,,74,,179,,931
5552,横浜市南区,横浜市南区宮元町1丁目,11,,36,,49,,148,,6,,250
5553,横浜市南区,横浜市南区宮元町2丁目,118,,111,,246,,234,,195,,904
5554,横浜市南区,横浜市南区宮元町3丁目,59,,229,,226,,238,,39,,791
5555,横浜市南区,横浜市南区宮元町4丁目,6,,103,,49,,249,,238,,645
5556,横浜市南区,横浜市南区共進町1丁目,115,,127,,246,,276,,70,,834
5557,横浜市南区,横浜市南区共進町2丁目,131,,165,,270,,220,,141,,927
5558,横浜市南区,横浜市南区共進町3丁目,144,,223,,57,,115,,71,,610
5559,横浜市南区,横浜市南区弘明寺町北ノ前,97,,243,,98,,150,,92,,680
5560,横浜市南区,横浜市南区弘明寺町山下,212,,221,,74,,84,,54,,645
5561,横浜市南区,横浜市南区高根町1丁目,162,,10,,155,,27,,98,,452
5562,横浜市南区,横浜市南区高根町2丁目,93,,126,,46,,23,,185,,473
5563,横浜市南区,横浜市南区高根町3丁目,140,,144,,228,,125,,90,,727
5564,横浜市南区,横浜市南区高根町4丁目,19,,85,,215,,127,,182,,628
5565,横浜市南区,横浜市南区高砂町1丁目,205,,251,,245,,283,,284,,1268
5566,横浜市南区,横浜市南区高砂町2丁目,84,,154,,243,,188,,76,,745
5567,横浜市南区,横浜市南区高砂町3丁目,63,,14,,137,,284,,256,,754
5568,横浜市南区,横浜市南区山王町1丁目,202,,236,,167,,25,,13,,643
5569,横浜市南区,横浜市南区山王町2丁目,117,,213,,271,,45,,28,,674
5570,横浜市南区,横浜市南区山王町3丁目,271,,106,,297,,43,,68,,785
5571,横浜市南区,横浜市南区山王町4丁目,271,,143,,85,,285,,151,,935
5572,横浜市南区,横浜市南区山王町5丁目,209,,17,,9,,285,,48,,568
5573,横浜市南区,横浜市南区蒔田町三度台,69,,51,,187,,43,,93,,443
5574,横浜市南区,横浜市南区蒔田町伊勢山,200,,47,,266,,135,,105,,753
5575,横浜市南区,横浜市南区蒔田町会下,87,,60,,264,,54,,54,,519
5576,横浜市南区,横浜市南区蒔田町原,262,,292,,184,,230,,24,,992
5577,横浜市南区,横浜市南区蒔田町山ノ根,97,,74,,59,,269,,103,,602
5578,横浜市南区,横浜市南区蒔田町東谷,43,,139,,51,,48,,33,,314
5579,横浜市南区,横浜市南区蒔田町西,111,,82,,79,,98,,182,,552
5580,横浜市南区,横浜市南区蒔田町谷戸田上,198,,165,,129,,184,,243,,919
5581,横浜市南区,横浜市南区若宮町1丁目,58,,125,,187,,50,,82,,502
5582,横浜市南区,横浜市南区若宮町2丁目,9,,287,,254,,199,,121,,870
5583,横浜市南区,横浜市南区若宮町3丁目,150,,143,,86,,237,,63,,679
5584,横浜市南区,横浜市南区若宮町4丁目,279,,245,,138,,112,,37,,811
5585,横浜市南区,横浜市南区宿町1丁目,250,,128,,231,,278,,240,,1127
5586,横浜市南区,横浜市南区宿町2丁目,67,,67,,120,,28,,292,,574
5587,横浜市南区,横浜市南区宿町3丁目,52,,276,,31,,42,,207,,608
5588,横浜市南区,横浜市南区宿町4丁目,125,,186,,278,,294,,292,,1175
5589,横浜市南区,横浜市南区新川町1丁目,271,,182,,94,,265,,196,,1008
5590,横浜市南区,横浜市南区新川町2丁目,197,,254,,214,,243,,95,,1003
5591,横浜市南区,横浜市南区新川町3丁目,287,,117,,232,,75,,224,,935
5592,横浜市南区,横浜市南区新川町4丁目,177,,164,,93,,55,,235,,724
5593,横浜市南区,横浜市南区新川町5丁目,58,,50,,110,,188,,65,,471
5594,横浜市南区,横浜市南区真金町1丁目,243,,166,,73,,261,,72,,815
5595,横浜市南区,横浜市南区真金町2丁目,185,,232,,147,,154,,67,,785
5596,横浜市南区,横浜市南区西中町1丁目,245,,174,,89,,43,,210,,761
5597,横浜市南区,横浜市南区西中町2丁目,299,,153,,115,,78,,128,,773
5598,横浜市南区,横浜市南区西中町3丁目,206,,55,,47,,163,,32,,503
5599,横浜市南区,横浜市南区西中町4丁目,81,,54,,169,,77,,264,,645
5600,横浜市南区,横浜市南区前里町1丁目,68,,63,,287,,87,,95,,600
5601,横浜市南区,横浜市南区前里町2丁目,223,,250,,49,,195,,208,,925
5602,横浜市南区,横浜市南区前里町3丁目,36,,174,,37,,274,,115,,636
5603,横浜市南区,横浜市南区前里町4丁目,142,,28,,49,,125,,43,,387
5604,横浜市南区,横浜市南区大岡1丁目,289,,115,,140,,193,,25,,762
5605,横浜市南区,横浜市南区大岡2丁目,174,,185,,42,,90,,66,,557
5606,横浜市南区,横浜市南区大岡3丁目,76,,139,,196,,43,,6,,460
5607,横浜市南区,横浜市南区大岡4丁目,104,,183,,11,,208,,1,,507
5608,横浜市南区,横浜市南区大岡5丁目,3,,180,,242,,267,,54,,746
5609,横浜市南区,横浜市南区大橋町1丁目,181,,86,,269,,234,,75,,845
5610,横浜市南区,横浜市南区大橋町2丁目,87,,15,,38,,69,,214,,423
5611,横浜市南区,横浜市南区大橋町3丁目,234,,50,,276,,7,,185,,752
5612,横浜市南区,横浜市南区中村町1丁目,102,,103,,221,,122,,103,,651
5613,横浜市南区,横浜市南区中村町2丁目,112,,63,,225,,265,,295,,960
5614,横浜市南区,横浜市南区中村町3丁目,141,,271,,218,,145,,56,,831
5615,横浜市南区,横浜市南区中村町4丁目,79,,152,,293,,4,,222,,750
5616,横浜市南区,横浜市南区中村町5丁目,131,,8,,208,,153,,240,,740
5617,横浜市南区,横浜市南区中島町1丁目,30,,154,,193,,115,,188,,680
5618,横浜市南区,横浜市南区中島町2丁目,216,,119,,251,,115,,76,,777
5619,横浜市南区,横浜市南区中島町3丁目,155,,114,,267,,260,,11,,807
5620,横浜市南区,横浜市南区中島町4丁目,6,,142,,69,,57,,62,,336
5621,横浜市南区,横浜市南区中里1丁目,56,,167,,298,,282,,270,,1073
5622,横浜市南区,横浜市南区中里2丁目,58,,10,,216,,277,,121,,682
5623,横浜市南区,横浜市南区中里3丁目,25,,164,,65,,294,,123,,671
5624,横浜市南区,横浜市南区中里4丁目,68,,26,,241,,242,,81,,658
5625,横浜市南区,横浜市南区通町1丁目,62,,271,,12,,284,,119,,748
5626,横浜市南区,横浜市南区通町2丁目,173,,202,,180,,299,,146,,1000
5627,横浜市南区,横浜市南区通町3丁目,95,,267,,151,,249,,287,,1049
5628,横浜市南区,横浜市南区通町4丁目,24,,236,,299,,45,,136,,740
5629,横浜市南区,横浜市南区南吉田町1丁目,80,,114,,129,,154,,255,,732
5630,横浜市南区,横浜市南区南吉田町2丁目,246,,200,,161,,274,,26,,907
5631,横浜市南区,横浜市南区南吉田町3丁目,214,,12,,94,,223,,272,,815
5632,横浜市南区,横浜市南区南吉田町4丁目,269,,262,,113,,204,,17,,865
5633,横浜市南区,横浜市南区南吉田町5丁目,208,,167,,281,,110,,260,,1026
5634,横浜市南区,横浜市南区南太田1丁目,209,,282,,299,,205,,5,,1000
5635,横浜市南区,横浜市南区南太田2丁目,91,,248,,208,,98,,265,,910
5636,横浜市南区,横浜市南区南太田3丁目,198,,29,,158,,169,,240,,794
5637,横浜市南区,横浜市南区南太田4丁目,78,,43,,44,,171,,268,,604
5638,横浜市南区,横浜市南区二葉町1丁目,134,,250,,74,,78,,152,,688
5639,横浜市南区,横浜市南区二葉町2丁目,27,,254,,230,,277,,6,,794
5640,横浜市南区,横浜市南区二葉町3丁目,129,,93,,18,,257,,263,,760
5641,横浜市南区,横浜市南区二葉町4丁目,283,,62,,234,,12,,111,,702
5642,横浜市南区,横浜市南区日枝町1丁目,147,,232,,99,,155,,152,,785
5643,横浜市南区,横浜市南区日枝町2丁目,171,,51,,60,,21,,75,,378
5644,横浜市南区,横浜市南区日枝町3丁目,68,,45,,216,,243,,129,,701
5645,横浜市南区,横浜市南区日枝町4丁目,262,,245,,130,,186,,186,,1009
5646,横浜市南区,横浜市南区日枝町5丁目,67,,192,,176,,119,,239,,793
5647,横浜市南区,横浜市南区白金町1丁目,126,,165,,276,,35,,185,,787
5648,横浜市南区,横浜市南区白金町2丁目,266,,178,,14,,52,,90,,600
5649,横浜市南区,横浜市南区白妙町1丁目,157,,180,,98,,272,,280,,987
5650,横浜市南区,横浜市南区白妙町2丁目,197,,291,,144,,117,,127,,876
5651,横浜市南区,横浜市南区白妙町3丁目,14,,217,,29,,112,,283,,655
5652,横浜市南区,横浜市南区白妙町4丁目,295,,37,,154,,35,,260,,781
5653,横浜市南区,横浜市南区白妙町5丁目,144,,42,,46,,173,,114,,519
5654,横浜市南区,横浜市南区別所1丁目,210,,33,,211,,7,,120,,581
5655,横浜市南区,横浜市南区別所2丁目,42,,186,,204,,272,,68,,772
5656,横浜市南区,横浜市南区別所3丁目,255,,258,,98,,58,,258,,927
5657,横浜市南区,横浜市南区別所4丁目,291,,126,,112,,284,,113,,926
5658,横浜市南区,横浜市南区別所5丁目,231,,191,,123,,294,,129,,968
5659,横浜市南区,横浜市南区別所6丁目,207,,236,,251,,258,,50,,1002
5660,横浜市南区,横浜市南区別所7丁目,145,,261,,212,,224,,8,,850
5661,横浜市南区,横浜市南区睦町1丁目,75,,176,,190,,107,,197,,745
5662,横浜市南区,横浜市南区睦町2丁目,143,,132,,197,,13,,278,,763
5663,横浜市南区,横浜市南区堀ノ内町1丁目,267,,50,,171,,127,,275,,890
5664,横浜市南区,横浜市南区堀ノ内町2丁目,28,,182,,230,,275,,177,,892
5665,横浜市南区,横浜市南区万世町1丁目,123,,49,,173,,270,,109,,724
5666,横浜市南区,横浜市南区万世町2丁目,20,,67,,40,,18,,145,,290
5667,横浜市南区,横浜市南区六ツ川1丁目,72,,172,,137,,5,,179,,565
5668,横浜市南区,横浜市南区六ツ川2丁目,276,,116,,224,,152,,179,,947
5669,横浜市南区,横浜市南区六ツ川3丁目,153,,147,,82,,43,,51,,476
5670,横浜市南区,横浜市南区六ツ川4丁目,153,,64,,166,,192,,164,,739